# 3ds Max Wavefront OBJ Exporter v0.99 - (c)2007 guruware
# File Created: 25.05.2022 16:19:30

mtllib Chair.mtl

#
# object Cylinder001
#

v  33.0412 0.5839 6.1851
v  32.5236 0.4587 0.3566
v  33.6562 3.6807 0.8658
v  34.1914 4.1818 6.7665
v  31.0020 0.3372 -5.2962
v  32.0828 3.1948 -4.8571
v  33.3357 6.5134 -4.5840
v  34.9690 7.4853 1.1984
v  35.5247 8.4875 7.1607
v  28.5076 0.2233 -10.5974
v  29.5036 2.7390 -10.2240
v  25.1303 0.1202 -15.3927
v  26.0114 2.3268 -15.0787
v  27.0327 4.7774 -14.9121
v  30.6581 5.6019 -10.0069
v  20.9600 0.0313 -19.5273
v  21.6992 1.9714 -19.2645
v  16.1343 -0.0408 -22.8865
v  16.7094 1.6826 -22.6654
v  17.3760 3.4889 -22.5779
v  22.5561 4.0665 -19.1416
v  10.7911 -0.0939 -25.3558
v  11.1844 1.4703 -25.1652
v  5.0991 -0.1265 -26.8740
v  5.2988 1.3398 -26.7022
v  5.5304 2.8033 -26.6568
v  11.6403 3.0643 -25.1038
v  -0.7726 -0.1374 -27.3800
v  -0.7726 1.2963 -27.2146
v  -6.6443 -0.1265 -26.8740
v  -6.8440 1.3398 -26.7022
v  -7.0755 2.8033 -26.6568
v  -0.7726 2.7163 -27.1745
v  -12.3362 -0.0939 -25.3558
v  -12.7296 1.4703 -25.1652
v  -17.6795 -0.0408 -22.8865
v  -18.2546 1.6826 -22.6654
v  -18.9212 3.4889 -22.5779
v  -13.1855 3.0643 -25.1038
v  -22.5051 0.0313 -19.5273
v  -23.2444 1.9714 -19.2645
v  -26.6755 0.1202 -15.3927
v  -27.5566 2.3268 -15.0787
v  -28.5779 4.7774 -14.9121
v  -24.1013 4.0665 -19.1416
v  -30.0528 0.2233 -10.5974
v  -31.0488 2.7390 -10.2240
v  -32.5472 0.3372 -5.2962
v  -33.6280 3.1948 -4.8571
v  -34.8809 6.5134 -4.5840
v  -32.2033 5.6019 -10.0069
v  -34.0688 0.4587 0.3566
v  -35.2014 3.6807 0.8658
v  -34.5864 0.5839 6.1851
v  -35.7366 4.1818 6.7665
v  -37.0699 8.4875 7.1607
v  -36.5142 7.4853 1.1984
v  -34.0688 0.7092 12.0136
v  -35.2014 4.6828 12.6672
v  -32.5472 0.8307 17.6664
v  -33.6280 5.1688 18.3901
v  -34.8809 10.4616 18.9054
v  -36.5142 9.4897 13.1229
v  -30.0528 0.9446 22.9677
v  -31.0488 5.6245 23.7570
v  -26.6755 1.0477 27.7629
v  -27.5566 6.0367 28.6117
v  -28.5779 12.1976 29.2335
v  -32.2033 11.3731 24.3283
v  -22.5052 1.1365 31.8975
v  -23.2444 6.3922 32.7975
v  -17.6795 1.2087 35.2568
v  -18.2546 6.6810 36.1984
v  -18.9212 13.4861 36.8993
v  -24.1013 12.9085 33.4630
v  -12.3363 1.2618 37.7260
v  -12.7296 6.8932 38.6983
v  -6.6443 1.2944 39.2442
v  -6.8440 7.0237 40.2352
v  -7.0756 14.1717 40.9782
v  -13.1855 13.9107 39.4252
v  -0.7726 1.3053 39.7503
v  -0.7726 7.0672 40.7476
v  5.0991 1.2944 39.2442
v  5.2988 7.0237 40.2352
v  5.5303 14.1717 40.9782
v  -0.7726 14.2587 41.4959
v  10.7910 1.2618 37.7260
v  11.1844 6.8932 38.6983
v  16.1343 1.2087 35.2568
v  16.7094 6.6810 36.1984
v  17.3760 13.4861 36.8993
v  11.6403 13.9107 39.4252
v  20.9599 1.1365 31.8975
v  21.6992 6.3922 32.7975
v  25.1303 1.0477 27.7629
v  26.0114 6.0367 28.6117
v  27.0327 12.1976 29.2335
v  22.5561 12.9085 33.4630
v  28.5076 0.9446 22.9677
v  29.5036 5.6245 23.7571
v  31.0020 0.8307 17.6664
v  32.0828 5.1688 18.3901
v  33.3357 10.4616 18.9054
v  30.6581 11.3731 24.3283
v  32.5236 0.7092 12.0137
v  33.6562 4.6828 12.6673
v  34.9690 9.4897 13.1229
v  31.2786 27.7882 -10.7045
v  32.2432 28.2867 -11.5281
v  33.8243 31.8866 -6.8329
v  32.8138 31.2837 -6.1472
v  32.6036 29.1044 -12.3203
v  34.2019 32.7436 -7.5739
v  34.7456 36.4959 -2.6798
v  34.3621 35.5984 -1.9917
v  33.3363 34.8881 -1.4481
v  25.3554 21.5453 -18.8443
v  26.1421 21.8569 -19.9142
v  29.6514 24.9107 -15.9313
v  28.7622 24.5103 -14.9784
v  26.4359 22.6044 -20.7979
v  29.9834 25.6915 -16.7716
v  16.2811 16.9121 -24.8861
v  16.7948 17.0845 -26.1386
v  21.8089 19.2238 -23.3484
v  21.1487 18.9890 -22.1777
v  16.9865 17.7800 -27.0903
v  22.0554 19.9426 -24.2696
v  5.1501 14.4469 -28.1010
v  5.3285 14.5452 -29.4506
v  11.2428 15.5120 -28.1896
v  10.8915 15.3855 -26.8770
v  5.3951 15.2129 -30.4384
v  11.3739 16.1903 -29.1636
v  -6.6953 14.4469 -28.1010
v  -6.8737 14.5452 -29.4506
v  -0.7726 14.2229 -29.8709
v  -0.7726 14.1341 -28.5091
v  -6.9403 15.2129 -30.4384
v  -0.7726 14.8871 -30.8633
v  -17.8263 16.9121 -24.8861
v  -18.3399 17.0845 -26.1386
v  -12.7880 15.5120 -28.1896
v  -12.4366 15.3855 -26.8770
v  -18.5317 17.7800 -27.0903
v  -12.9191 16.1903 -29.1636
v  -26.9006 21.5453 -18.8443
v  -27.6873 21.8569 -19.9142
v  -23.3541 19.2238 -23.3484
v  -22.6939 18.9890 -22.1777
v  -27.9811 22.6044 -20.7979
v  -23.6006 19.9426 -24.2696
v  -32.8238 27.7882 -10.7045
v  -33.7884 28.2867 -11.5281
v  -31.1966 24.9107 -15.9313
v  -30.3074 24.5103 -14.9784
v  -34.1487 29.1044 -12.3203
v  -31.5286 25.6915 -16.7716
v  -34.8815 34.8881 -1.4482
v  -35.9073 35.5984 -1.9917
v  -35.3695 31.8866 -6.8329
v  -34.3590 31.2837 -6.1472
v  -36.2908 36.4959 -2.6799
v  -35.7471 32.7436 -7.5739
v  -32.8255 41.9885 7.8085
v  -33.7884 42.9101 7.5446
v  -35.3695 39.3102 2.8494
v  -34.3599 38.4926 3.2510
v  -34.1487 43.8874 6.9606
v  -35.7471 40.2482 2.2141
v  -26.9031 48.2332 15.9490
v  -27.6873 49.3399 15.9308
v  -31.1966 46.2861 11.9479
v  -30.3097 45.2673 12.0827
v  -27.9811 50.3873 15.4382
v  -31.5286 47.3003 11.4119
v  -17.8285 52.8684 21.9915
v  -18.3400 54.1122 22.1552
v  -23.3541 51.9729 19.3650
v  -22.6964 50.7905 19.2828
v  -18.5317 55.2118 21.7306
v  -23.6006 53.0491 18.9099
v  -6.6961 55.3349 25.2068
v  -6.8737 56.6516 25.4671
v  -12.7880 55.6847 24.2061
v  -12.4383 54.3958 23.9826
v  -6.9403 57.7788 25.0787
v  -12.9191 56.8015 23.8039
v  5.1509 55.3349 25.2068
v  5.3285 56.6516 25.4671
v  -0.7726 56.9738 25.8874
v  -0.7726 55.6479 25.6149
v  5.3951 57.7789 25.0787
v  -0.7726 58.1046 25.5036
v  16.2833 52.8684 21.9915
v  16.7947 54.1123 22.1552
v  11.2428 55.6847 24.2061
v  10.8930 54.3958 23.9826
v  16.9865 55.2118 21.7306
v  11.3739 56.8015 23.8039
v  25.3579 48.2332 15.9491
v  26.1421 49.3399 15.9308
v  21.8089 51.9729 19.3650
v  21.1512 50.7905 19.2828
v  26.4359 50.3874 15.4383
v  22.0553 53.0492 18.9099
v  31.2803 41.9886 7.8085
v  32.2432 42.9101 7.5446
v  29.6514 46.2861 11.9479
v  28.7645 45.2673 12.0827
v  32.6035 43.8874 6.9606
v  29.9834 47.3003 11.4119
v  33.8243 39.3102 2.8495
v  32.8147 38.4926 3.2510
v  34.2019 40.2482 2.2142
v  32.9635 33.7680 -8.0842
v  33.4880 37.3875 -3.3634
v  31.4218 30.2577 -12.6625
v  29.3444 31.1554 -12.3980
v  30.7866 34.4392 -8.1151
v  31.2772 37.8251 -3.6990
v  28.8945 26.9656 -16.9562
v  25.4725 23.9879 -20.8400
v  23.7790 25.2902 -20.0479
v  26.9801 28.0758 -16.4147
v  21.2471 21.4203 -24.1888
v  16.3577 19.3342 -26.9096
v  15.2523 20.9368 -25.7257
v  19.8262 22.8883 -23.1805
v  10.9438 17.8008 -28.9095
v  5.1767 16.8581 -30.1391
v  4.7928 18.6205 -28.7469
v  10.1878 19.5024 -27.5966
v  -0.7726 16.5438 -30.5490
v  -6.7219 16.8581 -30.1391
v  -6.3380 18.6205 -28.7469
v  -0.7726 18.3265 -29.1303
v  -12.4890 17.8008 -28.9095
v  -17.9029 19.3342 -26.9096
v  -16.7975 20.9368 -25.7257
v  -11.7330 19.5024 -27.5966
v  -22.7923 21.4203 -24.1888
v  -27.0177 23.9879 -20.8400
v  -25.3242 25.2902 -20.0479
v  -21.3714 22.8883 -23.1805
v  -30.4396 26.9656 -16.9562
v  -32.9670 30.2577 -12.6625
v  -30.8895 31.1554 -12.3980
v  -28.5253 28.0758 -16.4147
v  -34.5087 33.7680 -8.0842
v  -35.0332 37.3875 -3.3635
v  -32.8224 37.8251 -3.6990
v  -32.3318 34.4392 -8.1151
v  -34.5087 41.0069 1.3573
v  -32.9670 44.5173 5.9356
v  -30.8895 44.4948 5.0000
v  -32.3318 41.2110 0.7171
v  -30.4397 47.8093 10.2293
v  -27.0177 50.7871 14.1131
v  -25.3242 50.3601 12.6498
v  -28.5253 47.5744 9.0166
v  -22.7923 53.3546 17.4619
v  -17.9029 55.4407 20.1827
v  -16.7975 54.7134 18.3277
v  -21.3714 52.7620 15.7825
v  -12.4890 56.9741 22.1826
v  -6.7219 57.9169 23.4122
v  -6.3380 57.0298 21.3489
v  -11.7330 56.1479 20.1986
v  -0.7726 58.2311 23.8221
v  5.1767 57.9169 23.4122
v  4.7928 57.0298 21.3489
v  -0.7726 57.3238 21.7323
v  10.9438 56.9741 22.1826
v  16.3577 55.4407 20.1827
v  15.2523 54.7134 18.3277
v  10.1878 56.1479 20.1986
v  21.2471 53.3546 17.4619
v  25.4725 50.7871 14.1132
v  23.7790 50.3601 12.6499
v  19.8262 52.7620 15.7825
v  28.8945 47.8093 10.2293
v  31.4218 44.5173 5.9357
v  29.3444 44.4949 5.0000
v  26.9801 47.5745 9.0167
v  32.9635 41.0069 1.3573
v  30.7866 41.2110 0.7171
v  28.3483 34.2365 -7.4179
v  28.8010 37.3608 -3.3430
v  27.0175 31.2064 -11.3700
v  24.8753 30.1297 -9.5619
v  26.1035 32.9263 -5.9145
v  26.5213 35.8097 -2.1538
v  24.8359 28.3648 -15.0763
v  21.8821 25.7943 -18.4288
v  20.1357 25.1348 -16.0766
v  22.8618 27.5071 -12.9825
v  18.2347 23.5780 -21.3194
v  14.0142 21.7773 -23.6680
v  12.8743 21.4275 -20.9119
v  16.7695 23.0894 -18.7444
v  9.3410 20.4537 -25.3943
v  4.3628 19.6399 -26.4557
v  3.9669 19.4549 -23.4848
v  8.5614 20.2059 -22.5052
v  -0.7726 19.3687 -26.8095
v  -5.9080 19.6399 -26.4557
v  -5.5121 19.4549 -23.4847
v  -0.7726 19.2045 -23.8113
v  -10.8862 20.4537 -25.3943
v  -15.5594 21.7773 -23.6680
v  -14.4195 21.4275 -20.9119
v  -10.1066 20.2059 -22.5052
v  -19.7799 23.5780 -21.3194
v  -23.4273 25.7943 -18.4288
v  -21.6809 25.1348 -16.0766
v  -18.3147 23.0894 -18.7444
v  -26.3811 28.3647 -15.0763
v  -28.5627 31.2064 -11.3700
v  -26.4205 30.1297 -9.5619
v  -24.4070 27.5071 -12.9825
v  -29.8935 34.2365 -7.4179
v  -30.3462 37.3608 -3.3430
v  -28.0665 35.8097 -2.1538
v  -27.6487 32.9263 -5.9145
v  -29.8935 40.4852 0.7319
v  -28.5627 43.5153 4.6839
v  -26.4205 41.4897 5.2544
v  -27.6487 38.6932 1.6070
v  -26.3811 46.3569 8.3902
v  -23.4273 48.9273 11.7427
v  -21.6809 46.4846 11.7691
v  -24.4070 44.1123 8.6750
v  -19.7799 51.1437 14.6333
v  -15.5594 52.9444 16.9819
v  -14.4195 50.1919 16.6044
v  -18.3147 48.5300 14.4369
v  -10.8862 54.2680 18.7083
v  -5.9080 55.0818 19.7697
v  -5.5121 52.1646 19.1772
v  -10.1066 51.4135 18.1977
v  -0.7726 55.3530 20.1235
v  4.3628 55.0818 19.7697
v  3.9669 52.1646 19.1772
v  -0.7726 52.4149 19.5038
v  9.3410 54.2680 18.7083
v  14.0142 52.9444 16.9819
v  12.8743 50.1919 16.6044
v  8.5614 51.4135 18.1977
v  18.2347 51.1437 14.6334
v  21.8821 48.9274 11.7427
v  20.1357 46.4846 11.7691
v  16.7695 48.5301 14.4369
v  24.8359 46.3569 8.3902
v  27.0175 43.5153 4.6839
v  24.8753 41.4897 5.2544
v  22.8618 44.1123 8.6750
v  28.3483 40.4852 0.7319
v  26.1035 38.6932 1.6070
v  24.5067 30.2747 -3.5268
v  24.8997 32.9869 0.0106
v  23.3515 27.6444 -6.9575
v  22.1679 24.8424 -4.2664
v  23.2665 27.3438 -1.0040
v  23.6402 29.9228 2.3598
v  21.4577 25.1775 -10.1748
v  18.8935 22.9462 -13.0851
v  17.9287 20.3748 -10.0933
v  20.3670 22.4967 -7.3259
v  15.7273 21.0223 -15.5944
v  12.0636 19.4591 -17.6331
v  11.4338 17.0588 -14.4182
v  14.9178 18.5453 -12.4795
v  8.0068 18.3101 -19.1317
v  3.6854 17.6037 -20.0531
v  3.4666 15.2944 -16.7195
v  7.5761 15.9662 -15.8433
v  -0.7726 17.3682 -20.3602
v  -5.2305 17.6037 -20.0531
v  -5.0118 15.2944 -16.7195
v  -0.7726 15.0705 -17.0115
v  -9.5520 18.3101 -19.1317
v  -13.6087 19.4591 -17.6331
v  -12.9790 17.0588 -14.4182
v  -9.1213 15.9662 -15.8433
v  -17.2725 21.0223 -15.5944
v  -20.4387 22.9462 -13.0851
v  -19.4739 20.3748 -10.0933
v  -16.4630 18.5453 -12.4795
v  -23.0029 25.1775 -10.1748
v  -24.8967 27.6444 -6.9575
v  -23.7131 24.8424 -4.2664
v  -21.9122 22.4967 -7.3259
v  -26.0519 30.2747 -3.5268
v  -26.4449 32.9869 0.0106
v  -25.1854 29.9228 2.3598
v  -24.8117 27.3438 -1.0040
v  -26.0519 35.6990 3.5479
v  -24.8967 38.3294 6.9786
v  -23.7131 35.0033 8.9860
v  -24.8117 32.5019 5.7236
v  -23.0029 40.7962 10.1960
v  -20.4387 43.0275 13.1062
v  -19.4739 39.4709 14.8130
v  -21.9122 37.3490 12.0455
v  -17.2725 44.9515 15.6155
v  -13.6088 46.5146 17.6543
v  -12.9790 42.7869 19.1379
v  -16.4630 41.3004 17.1992
v  -9.5520 47.6636 19.1529
v  -5.2306 48.3701 20.0743
v  -5.0118 44.5513 21.4391
v  -9.1213 43.8795 20.5630
v  -0.7726 48.6056 20.3814
v  3.6853 48.3701 20.0743
v  3.4666 44.5513 21.4391
v  -0.7726 44.7752 21.7312
v  8.0068 47.6636 19.1529
v  12.0635 46.5146 17.6543
v  11.4338 42.7869 19.1379
v  7.5761 43.8795 20.5630
v  15.7273 44.9515 15.6155
v  18.8935 43.0276 13.1062
v  17.9287 39.4709 14.8130
v  14.9178 41.3004 17.1992
v  21.4577 40.7962 10.1960
v  23.3515 38.3294 6.9786
v  22.1679 35.0033 8.9860
v  20.3670 37.3490 12.0455
v  24.5067 35.6990 3.5479
v  23.2665 32.5019 5.7236
v  21.0462 22.8161 -2.1983
v  22.0911 25.1951 0.9046
v  19.0461 21.4702 -0.0814
v  19.9951 23.6311 2.7370
v  20.3180 25.8593 5.6431
v  22.4465 27.6481 4.1039
v  17.0143 18.5669 -7.7403
v  19.3334 20.5850 -5.1082
v  15.3837 17.6105 -5.1154
v  17.4902 19.4437 -2.7245
v  10.8370 15.4131 -11.8538
v  14.1506 16.8268 -10.0099
v  9.7727 14.7458 -8.8518
v  12.7826 16.0300 -7.1769
v  3.2594 13.7349 -14.0425
v  7.1679 14.3739 -13.2092
v  2.8897 13.2215 -10.8398
v  6.4400 13.8019 -10.0829
v  -4.8046 13.7349 -14.0425
v  -0.7726 13.5220 -14.3203
v  -4.4349 13.2215 -10.8398
v  -0.7726 13.0280 -11.0921
v  -12.3821 15.4131 -11.8538
v  -8.7131 14.3739 -13.2092
v  -11.3179 14.7458 -8.8518
v  -7.9852 13.8019 -10.0829
v  -18.5595 18.5669 -7.7403
v  -15.6958 16.8269 -10.0099
v  -16.9289 17.6105 -5.1154
v  -14.3278 16.0300 -7.1769
v  -22.5914 22.8161 -2.1983
v  -20.8786 20.5850 -5.1082
v  -20.5913 21.4702 -0.0814
v  -19.0354 19.4436 -2.7245
v  -23.9917 27.6481 4.1039
v  -23.6363 25.1951 0.9046
v  -21.8632 25.8593 5.6431
v  -21.5403 23.6311 2.7370
v  -22.5914 32.4801 10.4061
v  -23.6363 30.1011 7.3032
v  -20.5913 30.2483 11.3675
v  -21.5403 28.0874 8.5491
v  -18.5595 36.7293 15.9481
v  -20.8786 34.7112 13.3160
v  -16.9289 34.1080 16.4016
v  -19.0354 32.2749 14.0107
v  -12.3821 39.8832 20.0616
v  -15.6958 38.4694 18.2176
v  -11.3179 36.9727 20.1379
v  -14.3278 35.6885 18.4630
v  -4.8046 41.5613 22.2503
v  -8.7131 40.9224 21.4170
v  -4.4349 38.4970 22.1260
v  -7.9852 37.9166 21.3691
v  3.2593 41.5613 22.2503
v  -0.7726 41.7743 22.5281
v  2.8897 38.4970 22.1260
v  -0.7726 38.6905 22.3783
v  10.8369 39.8832 20.0616
v  7.1679 40.9224 21.4170
v  9.7727 36.9727 20.1379
v  6.4400 37.9167 21.3691
v  17.0143 36.7293 15.9481
v  14.1506 38.4694 18.2177
v  15.3837 34.1080 16.4016
v  12.7826 35.6885 18.4630
v  21.0462 32.4801 10.4061
v  19.3334 34.7112 13.3160
v  19.0461 30.2483 11.3676
v  17.4902 32.2749 14.0107
v  22.0911 30.1011 7.3032
v  19.9951 28.0874 8.5491
v  15.2271 20.7095 2.7563
v  15.9933 22.4540 5.0317
v  11.2711 20.7438 4.9170
v  9.3244 22.0331 7.3391
v  12.0441 23.4110 8.3957
v  16.2539 24.2528 7.3777
v  12.2705 17.5936 -1.3076
v  13.9710 19.0734 0.6225
v  9.0455 18.3983 1.8578
v  8.1065 19.9972 4.6838
v  7.7406 15.2809 -4.3240
v  10.1705 16.3176 -2.9719
v  5.6357 16.6574 -0.4128
v  5.8177 18.3375 2.5191
v  2.1840 14.0503 -5.9290
v  5.0501 14.5188 -5.3179
v  1.4530 15.7311 -1.6209
v  2.7340 17.2542 1.1062
v  -3.7292 14.0503 -5.9290
v  -0.7726 13.8941 -6.1327
v  -2.9982 15.7311 -1.6209
v  -0.7726 16.8780 0.6155
v  -9.2858 15.2809 -4.3240
v  -6.5953 14.5188 -5.3179
v  -7.1809 16.6574 -0.4128
v  -4.2792 17.2542 1.1062
v  -13.8156 17.5936 -1.3076
v  -11.7157 16.3176 -2.9719
v  -10.5907 18.3983 1.8578
v  -7.3629 18.3375 2.5191
v  -16.7723 20.7095 2.7563
v  -15.5162 19.0734 0.6225
v  -12.8163 20.7438 4.9170
v  -9.6517 19.9972 4.6838
v  -17.7991 24.2528 7.3777
v  -17.5385 22.4540 5.0317
v  -13.5893 23.4110 8.3957
v  -10.8696 22.0331 7.3391
v  -16.7723 27.7961 11.9991
v  -17.5385 26.0516 9.7238
v  -12.8163 26.0782 11.8744
v  -10.8696 24.1996 10.1648
v  -13.8156 30.9120 16.0631
v  -15.5162 29.4321 14.1329
v  -10.5907 28.4237 14.9336
v  -9.6517 26.2355 12.8202
v  -9.2858 33.2247 19.0794
v  -11.7157 32.1880 17.7273
v  -7.1809 30.1646 17.2041
v  -7.3629 27.8952 14.9848
v  -3.7292 34.4553 20.6844
v  -6.5953 33.9868 20.0734
v  -2.9982 31.0909 18.4123
v  -4.2792 28.9785 16.3977
v  2.1840 34.4553 20.6844
v  -0.7726 34.6115 20.8881
v  1.4530 31.0909 18.4123
v  -0.7726 29.3547 16.8884
v  7.7406 33.2247 19.0795
v  5.0501 33.9868 20.0734
v  5.6357 30.1646 17.2042
v  2.7340 28.9785 16.3977
v  12.2704 30.9120 16.0631
v  10.1705 32.1880 17.7273
v  9.0455 28.4237 14.9336
v  5.8177 27.8952 14.9848
v  15.2271 27.7961 11.9991
v  13.9710 29.4321 14.1329
v  11.2711 26.0782 11.8744
v  8.1065 26.2355 12.8202
v  15.9933 26.0516 9.7238
v  9.3244 24.1996 10.1649
v  -0.7726 22.7375 9.2101
v  32.1509 -1.5980 -0.1400
v  30.6463 -1.5980 -5.7702
v  32.6627 -1.5980 5.6653
v  32.6664 -2.8068 5.2986
v  32.1546 -2.8068 -0.5074
v  30.6498 -2.8068 -6.1383
v  28.1799 -1.5980 -11.0504
v  24.8404 -1.5980 -15.8265
v  28.1831 -2.8068 -11.4190
v  24.8432 -2.8068 -16.1956
v  20.7167 -1.5980 -19.9446
v  15.9451 -1.5980 -23.2905
v  20.7191 -2.8068 -20.3142
v  15.9469 -2.8068 -23.6605
v  10.6616 -1.5980 -25.7499
v  5.0334 -1.5980 -27.2621
v  10.6629 -2.8068 -26.1202
v  5.0340 -2.8068 -27.6325
v  -0.7726 -1.5980 -27.7661
v  -6.5786 -1.5980 -27.2621
v  -0.7726 -2.8068 -28.1366
v  -6.5792 -2.8068 -27.6325
v  -12.2068 -1.5980 -25.7499
v  -17.4903 -1.5980 -23.2905
v  -12.2081 -2.8068 -26.1202
v  -17.4921 -2.8068 -23.6605
v  -22.2619 -1.5980 -19.9446
v  -26.3855 -1.5980 -15.8265
v  -22.2643 -2.8068 -20.3142
v  -26.3884 -2.8068 -16.1956
v  -29.7250 -1.5980 -11.0504
v  -32.1915 -1.5980 -5.7702
v  -29.7282 -2.8068 -11.4190
v  -32.1950 -2.8068 -6.1383
v  -33.6961 -1.5980 -0.1400
v  -34.2079 -1.5980 5.6653
v  -33.6997 -2.8068 -0.5074
v  -34.2116 -2.8068 5.2985
v  -33.6961 -1.5980 11.4706
v  -32.1915 -1.5980 17.1009
v  -33.6998 -2.8068 11.1045
v  -32.1950 -2.8068 16.7354
v  -29.7251 -1.5980 22.3810
v  -26.3856 -1.5980 27.1571
v  -29.7283 -2.8068 22.0161
v  -26.3884 -2.8068 26.7927
v  -22.2619 -1.5980 31.2753
v  -17.4903 -1.5980 34.6212
v  -22.2643 -2.8068 30.9113
v  -17.4921 -2.8068 34.2576
v  -12.2068 -1.5980 37.0806
v  -6.5786 -1.5980 38.5927
v  -12.2081 -2.8068 36.7173
v  -6.5792 -2.8068 38.2296
v  -0.7726 -1.5980 39.0967
v  5.0334 -1.5980 38.5927
v  -0.7726 -2.8068 38.7337
v  5.0340 -2.8068 38.2296
v  10.6616 -1.5980 37.0806
v  15.9451 -1.5980 34.6212
v  10.6629 -2.8068 36.7173
v  15.9469 -2.8068 34.2576
v  20.7167 -1.5980 31.2753
v  24.8403 -1.5980 27.1572
v  20.7191 -2.8068 30.9113
v  24.8432 -2.8068 26.7928
v  28.1799 -1.5980 22.3810
v  30.6463 -1.5980 17.1009
v  28.1831 -2.8068 22.0161
v  30.6498 -2.8068 16.7354
v  32.1509 -1.5980 11.4706
v  32.1546 -2.8068 11.1045
v  32.1509 -3.4848 -0.6290
v  30.6463 -3.4848 -6.2593
v  32.6627 -3.4848 5.1763
v  32.8593 -3.9237 5.1763
v  32.3445 -3.9237 -0.6631
v  30.8311 -3.9237 -6.3265
v  28.1799 -3.4848 -11.5394
v  24.8404 -3.4848 -16.3155
v  28.3501 -3.9237 -11.6377
v  24.9910 -3.9237 -16.4419
v  20.7167 -3.4848 -20.4337
v  15.9451 -3.4848 -23.7796
v  20.8431 -3.9237 -20.5842
v  16.0434 -3.9237 -23.9498
v  10.6616 -3.4848 -26.2390
v  5.0334 -3.4848 -27.7511
v  10.7289 -3.9237 -26.4237
v  5.0675 -3.9237 -27.9447
v  -0.7726 -3.4848 -28.2551
v  -6.5786 -3.4848 -27.7511
v  -0.7726 -3.9237 -28.4517
v  -6.6127 -3.9237 -27.9447
v  -12.2068 -3.4848 -26.2390
v  -17.4903 -3.4848 -23.7796
v  -12.2740 -3.9237 -26.4237
v  -17.5886 -3.9237 -23.9498
v  -22.2619 -3.4848 -20.4337
v  -26.3855 -3.4848 -16.3155
v  -22.3882 -3.9237 -20.5842
v  -26.5361 -3.9237 -16.4419
v  -29.7250 -3.4848 -11.5394
v  -32.1915 -3.4848 -6.2593
v  -29.8953 -3.9237 -11.6377
v  -32.3763 -3.9237 -6.3265
v  -33.6961 -3.4848 -0.6290
v  -34.2079 -3.4848 5.1763
v  -33.8897 -3.9237 -0.6631
v  -34.4045 -3.9237 5.1763
v  -33.6961 -3.4848 10.9816
v  -32.1915 -3.4848 16.6118
v  -33.8897 -3.9237 11.0157
v  -32.3763 -3.9237 16.6791
v  -29.7251 -3.4848 21.8920
v  -26.3856 -3.4848 26.6681
v  -29.8953 -3.9237 21.9903
v  -26.5361 -3.9237 26.7945
v  -22.2619 -3.4848 30.7862
v  -17.4903 -3.4848 34.1321
v  -22.3883 -3.9237 30.9368
v  -17.5886 -3.9237 34.3024
v  -12.2068 -3.4848 36.5915
v  -6.5786 -3.4848 38.1037
v  -12.2741 -3.9237 36.7763
v  -6.6127 -3.9237 38.2973
v  -0.7726 -3.4848 38.6077
v  5.0334 -3.4848 38.1037
v  -0.7726 -3.9237 38.8043
v  5.0675 -3.9237 38.2973
v  10.6616 -3.4848 36.5916
v  15.9451 -3.4848 34.1322
v  10.7288 -3.9237 36.7763
v  16.0434 -3.9237 34.3024
v  20.7167 -3.4848 30.7863
v  24.8403 -3.4848 26.6681
v  20.8430 -3.9237 30.9368
v  24.9909 -3.9237 26.7945
v  28.1799 -3.4848 21.8920
v  30.6463 -3.4848 16.6119
v  28.3501 -3.9237 21.9903
v  30.8311 -3.9237 16.6791
v  32.1509 -3.4848 10.9816
v  32.3445 -3.9237 11.0157
v  34.7362 12.7362 -4.8068
v  34.9609 14.8126 -5.0576
v  36.6721 16.9982 0.6043
v  36.4366 14.6192 0.9175
v  34.9471 16.4914 -5.3855
v  36.6576 18.9104 0.1948
v  37.2395 21.4047 5.9486
v  37.2542 19.2518 6.4423
v  37.0150 16.5608 6.8199
v  28.1744 9.3730 -15.0312
v  28.3576 10.9088 -15.1705
v  32.1557 12.7629 -10.3675
v  31.9486 10.9703 -10.1752
v  28.3464 12.1707 -15.3526
v  32.1430 14.2228 -10.6189
v  18.1212 6.8767 -22.6200
v  18.2408 8.0113 -22.6766
v  23.6677 9.3102 -19.3119
v  23.5140 7.9957 -19.2181
v  18.2335 8.9638 -22.7504
v  23.6583 10.4014 -19.4342
v  5.7892 5.5485 -26.6579
v  5.8307 6.4696 -26.6705
v  12.2318 7.0566 -25.1499
v  12.1500 6.0542 -25.1205
v  5.8281 7.2574 -26.6867
v  12.2268 7.9071 -25.1880
v  -7.3343 5.5485 -26.6579
v  -7.3759 6.4696 -26.6705
v  -0.7726 6.2739 -27.1774
v  -0.7726 5.3799 -27.1703
v  -7.3733 7.2574 -26.6867
v  -0.7726 7.0409 -27.1863
v  -19.6664 6.8767 -22.6200
v  -19.7860 8.0113 -22.6766
v  -13.7770 7.0566 -25.1499
v  -13.6952 6.0542 -25.1205
v  -19.7787 8.9638 -22.7504
v  -13.7720 7.9071 -25.1880
v  -29.7196 9.3730 -15.0312
v  -29.9028 10.9088 -15.1705
v  -25.2129 9.3102 -19.3119
v  -25.0592 7.9957 -19.2181
v  -29.8916 12.1707 -15.3526
v  -25.2034 10.4014 -19.4342
v  -36.2813 12.7362 -4.8068
v  -36.5061 14.8126 -5.0576
v  -33.7009 12.7629 -10.3675
v  -33.4938 10.9703 -10.1752
v  -36.4923 16.4914 -5.3855
v  -33.6882 14.2228 -10.6189
v  -38.5602 16.5607 6.8199
v  -38.7994 19.2518 6.4423
v  -38.2173 16.9982 0.6043
v  -37.9818 14.6192 0.9175
v  -38.7847 21.4047 5.9486
v  -38.2028 18.9104 0.1948
v  -36.2813 20.3853 18.4466
v  -36.5061 23.6911 17.9423
v  -38.2173 21.5054 12.2803
v  -37.9818 18.5023 12.7222
v  -36.4923 26.3180 17.2827
v  -38.2028 23.8990 11.7024
v  -29.7196 23.7485 28.6709
v  -29.9028 27.5948 28.0552
v  -33.7009 25.7408 23.2522
v  -33.4938 22.1512 23.8150
v  -29.8916 30.6387 27.2497
v  -33.6882 28.5866 22.5160
v  -19.6664 26.2448 36.2597
v  -19.7860 30.4923 35.5613
v  -25.2129 29.1935 32.1965
v  -25.0592 25.1258 32.8579
v  -19.7787 33.8456 34.6476
v  -25.2035 32.4080 31.3313
v  -7.3344 27.5730 40.2976
v  -7.3759 32.0341 39.5551
v  -13.7770 31.4471 38.0345
v  -13.6952 27.0673 38.7602
v  -7.3733 35.5520 38.5839
v  -13.7720 34.9023 37.0852
v  5.7891 27.5730 40.2976
v  5.8307 32.0341 39.5551
v  -0.7726 32.2297 40.0620
v  -0.7726 27.7416 40.8101
v  5.8281 35.5520 38.5839
v  -0.7726 35.7685 39.0834
v  18.1212 26.2448 36.2597
v  18.2408 30.4923 35.5613
v  12.2318 31.4471 38.0345
v  12.1500 27.0673 38.7602
v  18.2334 33.8456 34.6476
v  12.2268 34.9023 37.0852
v  28.1744 23.7485 28.6709
v  28.3576 27.5948 28.0552
v  23.6677 29.1935 32.1965
v  23.5140 25.1258 32.8579
v  28.3464 30.6387 27.2498
v  23.6582 32.4080 31.3314
v  34.7361 20.3853 18.4466
v  34.9609 23.6911 17.9423
v  32.1557 25.7408 23.2522
v  31.9486 22.1512 23.8150
v  34.9471 26.3180 17.2827
v  32.1430 28.5866 22.5160
v  36.6721 21.5054 12.2803
v  36.4366 18.5023 12.7222
v  36.6576 23.8990 11.7024
v  34.1056 20.3573 -6.6117
v  32.6874 23.3640 -8.0379
v  34.2777 26.5040 -3.1145
v  35.7729 23.2241 -1.3360
v  31.2493 26.0327 -9.3745
v  32.7652 29.3869 -4.7856
v  33.2717 32.8433 -0.0569
v  34.8124 29.7400 1.9601
v  36.3384 26.1796 4.1034
v  27.6662 15.2354 -16.0366
v  26.5276 17.7496 -16.8385
v  30.0731 20.4173 -12.6574
v  31.3707 17.6683 -11.5600
v  25.3666 20.0329 -17.5810
v  28.7539 22.8842 -13.6815
v  17.7940 11.4314 -23.0343
v  17.0641 13.5729 -23.3801
v  22.1436 15.4465 -20.4464
v  23.0904 13.1369 -19.8971
v  16.3151 15.5659 -23.6867
v  21.1751 17.5702 -20.9477
v  5.6767 9.4058 -26.7592
v  5.4267 11.3447 -26.8667
v  11.4320 12.1937 -25.5386
v  11.9274 10.1772 -25.3409
v  5.1689 13.1803 -26.9444
v  10.9222 14.0896 -25.7031
v  -7.2219 9.4059 -26.7592
v  -6.9719 11.3447 -26.8667
v  -0.7726 11.0616 -27.3094
v  -0.7726 9.1487 -27.2320
v  -6.7140 13.1803 -26.9444
v  -0.7726 12.8772 -27.3582
v  -19.3392 11.4314 -23.0343
v  -18.6093 13.5729 -23.3801
v  -12.9772 12.1937 -25.5386
v  -13.4726 10.1772 -25.3409
v  -17.8602 15.5659 -23.6867
v  -12.4674 14.0896 -25.7031
v  -29.2114 15.2354 -16.0366
v  -28.0728 17.7496 -16.8385
v  -23.6888 15.4465 -20.4464
v  -24.6356 13.1369 -19.8971
v  -26.9118 20.0329 -17.5810
v  -22.7203 17.5702 -20.9477
v  -35.6508 20.3573 -6.6117
v  -34.2325 23.3640 -8.0379
v  -31.6183 20.4173 -12.6574
v  -32.9159 17.6683 -11.5600
v  -32.7945 26.0327 -9.3745
v  -30.2991 22.8842 -13.6815
v  -37.8836 26.1796 4.1033
v  -36.3576 29.7400 1.9601
v  -35.8229 26.5039 -3.1145
v  -37.3181 23.2241 -1.3360
v  -34.8168 32.8433 -0.0569
v  -34.3104 29.3869 -4.7856
v  -35.6419 32.0010 14.8169
v  -34.1970 36.1122 11.9518
v  -35.8045 32.9751 7.0330
v  -37.3134 29.1349 9.5423
v  -32.7428 39.6487 9.2516
v  -34.2837 36.2984 4.6695
v  -29.1963 37.1199 24.2373
v  -28.0124 41.7147 20.7345
v  -31.5681 39.0539 16.5637
v  -32.9033 34.6887 19.7633
v  -26.8238 45.6324 17.4320
v  -30.2261 42.7905 13.5474
v  -19.3241 40.9194 31.2288
v  -18.5489 45.8732 27.2512
v  -23.6245 44.0091 24.3302
v  -24.6196 39.2162 28.0947
v  -17.7719 50.0741 23.5011
v  -22.6264 48.0830 20.7808
v  -7.2153 42.9410 34.9487
v  -6.9457 48.0860 30.7180
v  -12.9302 47.2435 29.3982
v  -13.4609 42.1713 33.5324
v  -6.6757 52.4379 26.7294
v  -12.3986 51.5379 25.5003
v  5.6701 42.9410 34.9487
v  5.4005 48.0860 30.7180
v  -0.7726 48.3669 31.1580
v  -0.7726 43.1976 35.4209
v  5.1305 52.4379 26.7294
v  -0.7726 52.7379 27.1391
v  17.7789 40.9194 31.2288
v  17.0037 45.8732 27.2513
v  11.3850 47.2435 29.3982
v  11.9157 42.1713 33.5324
v  16.2267 50.0742 23.5011
v  10.8533 51.5379 25.5004
v  27.6511 37.1199 24.2373
v  26.4672 41.7147 20.7345
v  22.0793 44.0091 24.3302
v  23.0743 39.2162 28.0948
v  25.2786 45.6324 17.4321
v  21.0812 48.0830 20.7808
v  34.0967 32.0010 14.8169
v  32.6518 36.1122 11.9518
v  30.0229 39.0539 16.5637
v  31.3581 34.6887 19.7633
v  31.1976 39.6487 9.2516
v  28.6809 42.7905 13.5474
v  34.2593 32.9752 7.0331
v  35.7683 29.1349 9.5423
v  32.7385 36.2984 4.6695
v  34.2073 9.8319 -4.6081
v  35.8824 11.2899 1.1656
v  36.4522 12.7932 7.1189
v  27.7432 7.2277 -14.9207
v  31.4612 8.4645 -10.0228
v  17.8398 5.2948 -22.5749
v  23.1522 6.1612 -19.1438
v  5.6914 4.2663 -26.6477
v  11.9575 4.6579 -25.0970
v  -7.2366 4.2663 -26.6477
v  -0.7726 4.1358 -27.1646
v  -19.3850 5.2948 -22.5749
v  -13.5027 4.6579 -25.0970
v  -29.2884 7.2277 -14.9207
v  -24.6974 6.1612 -19.1438
v  -35.7524 9.8319 -4.6081
v  -33.0064 8.4645 -10.0228
v  -37.9974 12.7932 7.1189
v  -37.4275 11.2899 1.1656
v  -35.7524 15.7546 18.8459
v  -37.4276 14.2966 13.0722
v  -29.2884 18.3588 29.1585
v  -33.0064 17.1220 24.2606
v  -19.3850 20.2917 36.8127
v  -24.6974 19.4252 33.3815
v  -7.2366 21.3202 40.8855
v  -13.5027 20.9286 39.3348
v  5.6914 21.3202 40.8855
v  -0.7726 21.4507 41.4024
v  17.8398 20.2917 36.8127
v  11.9575 20.9286 39.3348
v  27.7432 18.3588 29.1585
v  23.1522 19.4252 33.3816
v  34.2073 15.7546 18.8459
v  31.4612 17.1220 24.2607
v  35.8824 14.2966 13.0722
v  32.9398 -4.4149 -0.7681
v  31.3992 -4.4149 -6.5333
v  33.4639 -4.4149 5.1763
v  33.8299 -4.9541 5.1763
v  33.3003 -4.9541 -0.8317
v  31.7432 -4.9541 -6.6585
v  28.8736 -4.4149 -11.9399
v  25.4541 -4.4149 -16.8305
v  29.1906 -4.9541 -12.1229
v  25.7345 -4.9541 -17.0658
v  21.2316 -4.4149 -21.0473
v  16.3456 -4.4149 -24.4734
v  21.4669 -4.9541 -21.3277
v  16.5287 -4.9541 -24.7904
v  10.9356 -4.4149 -26.9917
v  5.1725 -4.4149 -28.5401
v  11.0608 -4.9541 -27.3356
v  5.2361 -4.9541 -28.9006
v  -0.7726 -4.4149 -29.0562
v  -6.7177 -4.4149 -28.5401
v  -0.7726 -4.9541 -29.4222
v  -6.7813 -4.9541 -28.9006
v  -12.4808 -4.4149 -26.9917
v  -17.8908 -4.4149 -24.4734
v  -12.6060 -4.9541 -27.3356
v  -18.0739 -4.9541 -24.7904
v  -22.7768 -4.4149 -21.0473
v  -26.9993 -4.4149 -16.8305
v  -23.0121 -4.9541 -21.3277
v  -27.2797 -4.9541 -17.0658
v  -30.4188 -4.4149 -11.9399
v  -32.9444 -4.4149 -6.5333
v  -30.7358 -4.9541 -12.1230
v  -33.2883 -4.9541 -6.6585
v  -34.4850 -4.4149 -0.7681
v  -35.0091 -4.4149 5.1763
v  -34.8454 -4.9541 -0.8317
v  -35.3751 -4.9541 5.1763
v  -34.4850 -4.4149 11.1207
v  -32.9444 -4.4149 16.8859
v  -34.8455 -4.9541 11.1843
v  -33.2883 -4.9541 17.0111
v  -30.4188 -4.4149 22.2925
v  -26.9993 -4.4149 27.1831
v  -30.7358 -4.9541 22.4755
v  -27.2797 -4.9541 27.4184
v  -22.7768 -4.4149 31.3999
v  -17.8908 -4.4149 34.8260
v  -23.0121 -4.9541 31.6803
v  -18.0739 -4.9541 35.1430
v  -12.4808 -4.4149 37.3443
v  -6.7177 -4.4149 38.8926
v  -12.6060 -4.9541 37.6882
v  -6.7813 -4.9541 39.2531
v  -0.7726 -4.4149 39.4088
v  5.1725 -4.4149 38.8927
v  -0.7726 -4.9541 39.7748
v  5.2361 -4.9541 39.2532
v  10.9356 -4.4149 37.3443
v  16.3456 -4.4149 34.8260
v  11.0608 -4.9541 37.6882
v  16.5287 -4.9541 35.1430
v  21.2316 -4.4149 31.3999
v  25.4541 -4.4149 27.1831
v  21.4669 -4.9541 31.6803
v  25.7345 -4.9541 27.4184
v  28.8736 -4.4149 22.2925
v  31.3992 -4.4149 16.8859
v  29.1906 -4.9541 22.4756
v  31.7431 -4.9541 17.0111
v  32.9398 -4.4149 11.1207
v  33.3003 -4.9541 11.1843
v  32.7893 -5.5370 -0.7416
v  31.2556 -5.5370 -6.4810
v  33.3110 -5.5370 5.1763
v  28.8714 -5.8729 5.1763
v  23.9255 -5.9905 0.8214
v  27.0836 -5.8729 -4.9625
v  28.7412 -5.5370 -11.8635
v  25.3370 -5.5370 -16.7323
v  20.9465 -5.9905 -7.3633
v  21.9360 -5.8729 -13.8785
v  21.1334 -5.5370 -20.9302
v  16.2692 -5.5370 -24.3410
v  15.3479 -5.9905 -14.0354
v  14.0494 -5.8729 -20.4961
v  10.8833 -5.5370 -26.8481
v  5.1460 -5.5370 -28.3895
v  7.8050 -5.9905 -18.3904
v  4.3750 -5.8729 -24.0173
v  -0.7726 -5.5370 -28.9034
v  -6.6912 -5.5370 -28.3895
v  -0.7726 -5.9905 -19.9028
v  -5.9202 -5.8729 -24.0173
v  -12.4285 -5.5370 -26.8481
v  -17.8144 -5.5370 -24.3410
v  -9.3502 -5.9905 -18.3904
v  -15.5946 -5.8729 -20.4961
v  -22.6786 -5.5370 -20.9302
v  -26.8822 -5.5370 -16.7323
v  -16.8931 -5.9905 -14.0354
v  -23.4812 -5.8729 -13.8785
v  -30.2864 -5.5370 -11.8635
v  -32.8007 -5.5370 -6.4810
v  -22.4917 -5.9905 -7.3633
v  -28.6288 -5.8729 -4.9625
v  -34.3345 -5.5370 -0.7416
v  -34.8562 -5.5370 5.1763
v  -25.4707 -5.9905 0.8214
v  -30.4165 -5.8729 5.1763
v  -34.3345 -5.5370 11.0942
v  -32.8007 -5.5370 16.8336
v  -25.4707 -5.9905 9.5312
v  -28.6288 -5.8729 15.3151
v  -30.2864 -5.5370 22.2161
v  -26.8822 -5.5370 27.0848
v  -22.4917 -5.9905 17.7158
v  -23.4812 -5.8729 24.2311
v  -22.6786 -5.5370 31.2828
v  -17.8144 -5.5370 34.6936
v  -16.8931 -5.9905 24.3880
v  -15.5946 -5.8729 30.8487
v  -12.4285 -5.5370 37.2007
v  -6.6912 -5.5370 38.7421
v  -9.3502 -5.9905 28.7429
v  -5.9202 -5.8729 34.3699
v  -0.7726 -5.5370 39.2559
v  5.1460 -5.5370 38.7421
v  -0.7726 -5.9905 30.2554
v  4.3750 -5.8729 34.3699
v  10.8833 -5.5370 37.2007
v  16.2692 -5.5370 34.6936
v  7.8050 -5.9905 28.7430
v  14.0494 -5.8729 30.8487
v  21.1334 -5.5370 31.2828
v  25.3370 -5.5370 27.0849
v  15.3479 -5.9905 24.3880
v  21.9360 -5.8729 24.2311
v  28.7412 -5.5370 22.2161
v  31.2555 -5.5370 16.8336
v  20.9465 -5.9905 17.7159
v  27.0836 -5.8729 15.3151
v  32.7893 -5.5370 11.0942
v  23.9255 -5.9905 9.5312
v  -0.7726 -6.1417 5.1763
v  32.6670 34.5580 -1.1982
v  32.1534 31.0217 -5.8026
v  32.3860 34.3720 -1.0660
v  31.8784 30.8657 -5.6292
v  30.3871 27.4657 -10.0550
v  30.6474 27.5927 -10.2680
v  28.1798 24.3775 -14.4557
v  27.9426 24.2775 -14.2062
v  24.6326 21.3939 -17.9619
v  24.8397 21.4698 -18.2437
v  20.7158 18.9631 -21.5102
v  20.5447 18.9075 -21.2013
v  15.8132 16.8872 -23.8341
v  15.9442 16.9268 -24.1643
v  10.6610 15.4302 -26.1154
v  10.5726 15.4020 -25.7702
v  4.9887 14.4888 -26.9610
v  5.0331 14.5101 -27.3152
v  -0.7726 14.2034 -27.7151
v  -0.7726 14.1844 -27.3579
v  -6.5339 14.4888 -26.9610
v  -6.5782 14.5101 -27.3152
v  -12.2062 15.4302 -26.1154
v  -12.1178 15.4020 -25.7702
v  -17.3584 16.8872 -23.8341
v  -17.4894 16.9268 -24.1643
v  -22.2610 18.9631 -21.5102
v  -22.0898 18.9075 -21.2013
v  -26.1777 21.3939 -17.9619
v  -26.3849 21.4698 -18.2437
v  -29.7250 24.3775 -14.4557
v  -29.4878 24.2775 -14.2062
v  -31.9322 27.4656 -10.0550
v  -32.1925 27.5927 -10.2680
v  -33.6986 31.0217 -5.8026
v  -33.4236 30.8657 -5.6292
v  -33.9312 34.3720 -1.0660
v  -34.2122 34.5580 -1.1982
v  -33.7022 38.0950 3.4065
v  -33.4244 37.8791 3.4973
v  -31.9335 41.2813 7.9233
v  -32.1993 41.5260 7.8728
v  -29.7340 44.7442 12.0618
v  -29.4887 44.4728 12.0745
v  -26.1779 47.3604 15.8300
v  -26.3951 47.6557 15.8514
v  -22.2710 50.1664 19.1193
v  -22.0889 49.8507 19.0686
v  -17.3565 51.8744 21.7002
v  -17.4982 52.2066 21.7747
v  -12.2126 53.7065 23.7268
v  -12.1157 53.3622 23.6347
v  -6.5325 54.2770 24.8243
v  -6.5817 54.6287 24.9271
v  -0.7726 54.9361 25.3271
v  -0.7726 54.5820 25.2208
v  4.9873 54.2770 24.8243
v  5.0364 54.6287 24.9271
v  10.6674 53.7065 23.7268
v  10.5705 53.3622 23.6347
v  15.8113 51.8744 21.7002
v  15.9530 52.2067 21.7748
v  20.7258 50.1665 19.1193
v  20.5437 49.8507 19.0686
v  24.6327 47.3604 15.8300
v  24.8498 47.6557 15.8514
v  28.1888 44.7442 12.0618
v  27.9435 44.4728 12.0746
v  30.3883 41.2814 7.9233
v  30.6541 41.5260 7.8728
v  32.1570 38.0950 3.4065
v  31.8792 37.8792 3.4973
v  30.5351 27.1728 -9.9020
v  32.0239 30.5807 -5.4570
v  32.5252 34.0938 -0.8756
v  24.7716 21.0813 -17.8482
v  28.0888 23.9753 -14.0729
v  15.9175 16.5521 -23.7565
v  20.6699 18.5835 -21.1066
v  5.0284 14.1369 -26.9066
v  10.6477 15.0571 -25.7065
v  -6.5736 14.1369 -26.9066
v  -0.7726 13.8302 -27.3067
v  -17.4627 16.5521 -23.7565
v  -12.1929 15.0571 -25.7065
v  -26.3168 21.0813 -17.8482
v  -22.2151 18.5835 -21.1066
v  -32.0803 27.1728 -9.9020
v  -29.6340 23.9753 -14.0729
v  -34.0704 34.0938 -0.8756
v  -33.5691 30.5807 -5.4570
v  -32.0515 41.0137 8.1458
v  -33.5543 37.6067 3.7046
v  -26.2666 47.1001 16.0770
v  -29.5929 44.2092 12.3104
v  -17.4111 51.6190 21.9632
v  -22.1609 49.5932 19.3246
v  -6.5509 54.0242 25.0950
v  -12.1524 53.1084 23.9026
v  5.0057 54.0242 25.0950
v  -0.7726 54.3294 25.4924
v  15.8659 51.6191 21.9632
v  10.6072 53.1084 23.9026
v  24.7214 47.1001 16.0771
v  20.6157 49.5932 19.3247
v  30.5063 41.0137 8.1458
v  28.0477 44.2092 12.3104
v  32.0091 37.6067 3.7046
v  34.7604 18.2030 -5.8156
v  36.4620 20.8393 -0.3424
v  37.0409 23.5576 5.3009
v  28.1942 13.4943 -15.5913
v  31.9710 15.7307 -10.9484
v  18.1341 9.9994 -22.8471
v  23.5306 11.5661 -19.5945
v  5.7936 8.1398 -26.7078
v  12.1589 8.8478 -25.2378
v  -7.3388 8.1398 -26.7078
v  -0.7726 7.9038 -27.1978
v  -19.6793 9.9994 -22.8471
v  -13.7040 8.8478 -25.2378
v  -29.7394 13.4943 -15.5913
v  -25.0758 11.5661 -19.5945
v  -36.3056 18.2030 -5.8156
v  -33.5162 15.7307 -10.9484
v  -38.5861 23.5576 5.3009
v  -38.0072 20.8393 -0.3424
v  -36.3056 28.9121 16.4174
v  -38.0072 26.2758 10.9442
v  -29.7394 33.6208 26.1930
v  -33.5162 31.3845 21.5502
v  -19.6793 37.1157 33.4488
v  -25.0758 35.5490 30.1963
v  -7.3388 38.9753 37.3095
v  -13.7041 38.2673 35.8396
v  5.7936 38.9753 37.3095
v  -0.7726 39.2113 37.7995
v  18.1341 37.1157 33.4488
v  12.1588 38.2673 35.8396
v  28.1942 33.6208 26.1931
v  23.5306 35.5491 30.1963
v  34.7604 28.9121 16.4174
v  31.9710 31.3845 21.5502
v  36.4620 26.2758 10.9442
# 1262 vertices

vn 0.9705 -0.2409 0.0071
vn 0.9609 -0.2228 -0.1644
vn 0.9398 -0.3103 -0.1428
vn 0.9525 -0.3034 0.0271
vn 0.9230 -0.1921 -0.3335
vn 0.9006 -0.3044 -0.3101
vn 0.9115 -0.2809 -0.3006
vn 0.9531 -0.2737 -0.1292
vn 0.9659 -0.2550 0.0449
vn 0.8563 -0.1470 -0.4951
vn 0.8358 -0.2818 -0.4712
vn 0.7608 -0.0879 -0.6430
vn 0.7455 -0.2394 -0.6220
vn 0.7474 -0.2455 -0.6173
vn 0.8424 -0.2726 -0.4648
vn 0.6383 -0.0175 -0.7696
vn 0.6300 -0.1758 -0.7564
vn 0.4933 0.0567 -0.8680
vn 0.4910 -0.0960 -0.8659
vn 0.4874 -0.1321 -0.8631
vn 0.6281 -0.1975 -0.7526
vn 0.3338 0.1234 -0.9346
vn 0.3340 -0.0140 -0.9425
vn 0.1676 0.1698 -0.9711
vn 0.1680 0.0485 -0.9846
vn 0.1662 -0.0041 -0.9861
vn 0.3307 -0.0608 -0.9418
vn 0.0000 0.1864 -0.9825
vn -0.0000 0.0719 -0.9974
vn -0.1676 0.1698 -0.9711
vn -0.1680 0.0485 -0.9846
vn -0.1662 -0.0041 -0.9861
vn 0.0000 0.0177 -0.9998
vn -0.3338 0.1234 -0.9346
vn -0.3340 -0.0140 -0.9425
vn -0.4933 0.0567 -0.8680
vn -0.4910 -0.0960 -0.8659
vn -0.4874 -0.1321 -0.8631
vn -0.3307 -0.0608 -0.9418
vn -0.6383 -0.0175 -0.7696
vn -0.6300 -0.1758 -0.7564
vn -0.7608 -0.0879 -0.6430
vn -0.7455 -0.2394 -0.6220
vn -0.7474 -0.2455 -0.6173
vn -0.6281 -0.1975 -0.7526
vn -0.8563 -0.1470 -0.4951
vn -0.8358 -0.2818 -0.4712
vn -0.9230 -0.1921 -0.3335
vn -0.9006 -0.3044 -0.3101
vn -0.9115 -0.2809 -0.3006
vn -0.8424 -0.2726 -0.4648
vn -0.9609 -0.2228 -0.1644
vn -0.9398 -0.3103 -0.1428
vn -0.9705 -0.2409 0.0071
vn -0.9525 -0.3034 0.0271
vn -0.9659 -0.2550 0.0449
vn -0.9531 -0.2737 -0.1292
vn -0.9524 -0.2484 0.1768
vn -0.9377 -0.2871 0.1957
vn -0.9070 -0.2479 0.3404
vn -0.8951 -0.2647 0.3589
vn -0.9029 -0.1969 0.3820
vn -0.9491 -0.2283 0.2170
vn -0.8354 -0.2417 0.4937
vn -0.8253 -0.2389 0.5117
vn -0.7390 -0.2322 0.6324
vn -0.7301 -0.2126 0.6495
vn -0.7300 -0.1314 0.6707
vn -0.8290 -0.1637 0.5348
vn -0.6204 -0.2213 0.7524
vn -0.6124 -0.1878 0.7679
vn -0.4829 -0.2109 0.8499
vn -0.4761 -0.1665 0.8635
vn -0.4720 -0.0780 0.8781
vn -0.6096 -0.1023 0.7861
vn -0.3305 -0.2023 0.9219
vn -0.3254 -0.1503 0.9336
vn -0.1678 -0.1968 0.9660
vn -0.1651 -0.1402 0.9763
vn -0.1629 -0.0485 0.9855
vn -0.3216 -0.0597 0.9450
vn -0.0000 -0.1948 0.9808
vn -0.0000 -0.1367 0.9906
vn 0.1678 -0.1968 0.9660
vn 0.1651 -0.1402 0.9763
vn 0.1629 -0.0485 0.9855
vn -0.0000 -0.0447 0.9990
vn 0.3305 -0.2023 0.9219
vn 0.3254 -0.1503 0.9336
vn 0.4829 -0.2109 0.8499
vn 0.4760 -0.1665 0.8635
vn 0.4720 -0.0780 0.8782
vn 0.3216 -0.0597 0.9450
vn 0.6204 -0.2213 0.7524
vn 0.6124 -0.1878 0.7679
vn 0.7390 -0.2322 0.6324
vn 0.7301 -0.2126 0.6495
vn 0.7300 -0.1314 0.6707
vn 0.6096 -0.1023 0.7861
vn 0.8354 -0.2417 0.4937
vn 0.8253 -0.2389 0.5117
vn 0.9070 -0.2479 0.3404
vn 0.8951 -0.2647 0.3589
vn 0.9029 -0.1969 0.3820
vn 0.8290 -0.1637 0.5348
vn 0.9524 -0.2484 0.1768
vn 0.9377 -0.2871 0.1957
vn 0.9491 -0.2283 0.2170
vn 0.5632 -0.7599 0.3245
vn 0.7851 -0.6100 0.1076
vn 0.8226 -0.5246 0.2194
vn 0.5890 -0.6992 0.4054
vn 0.9105 -0.0054 -0.4134
vn 0.9542 0.0939 -0.2840
vn 0.9689 0.1962 -0.1504
vn 0.8352 -0.4364 0.3346
vn 0.5965 -0.6368 0.4885
vn 0.4606 -0.8692 0.1795
vn 0.6401 -0.7627 -0.0920
vn 0.7236 -0.6902 0.0028
vn 0.5200 -0.8172 0.2484
vn 0.7423 -0.1827 -0.6447
vn 0.8391 -0.0985 -0.5350
vn 0.3011 -0.9509 0.0720
vn 0.4179 -0.8762 -0.2402
vn 0.5371 -0.8254 -0.1738
vn 0.3869 -0.9143 0.1201
vn 0.4845 -0.3144 -0.8164
vn 0.6228 -0.2553 -0.7395
vn 0.1046 -0.9944 0.0149
vn 0.1451 -0.9366 -0.3190
vn 0.2858 -0.9137 -0.2890
vn 0.2060 -0.9779 0.0366
vn 0.1683 -0.3844 -0.9077
vn 0.3314 -0.3577 -0.8731
vn -0.1046 -0.9944 0.0149
vn -0.1451 -0.9366 -0.3190
vn -0.0000 -0.9443 -0.3290
vn -0.0000 -1.0000 0.0076
vn -0.1683 -0.3844 -0.9077
vn 0.0000 -0.3932 -0.9194
vn -0.3011 -0.9509 0.0720
vn -0.4179 -0.8762 -0.2402
vn -0.2858 -0.9137 -0.2890
vn -0.2060 -0.9779 0.0366
vn -0.4845 -0.3144 -0.8164
vn -0.3314 -0.3577 -0.8731
vn -0.4606 -0.8692 0.1795
vn -0.6401 -0.7627 -0.0920
vn -0.5371 -0.8254 -0.1738
vn -0.3869 -0.9143 0.1201
vn -0.7423 -0.1827 -0.6447
vn -0.6228 -0.2553 -0.7395
vn -0.5632 -0.7599 0.3245
vn -0.7851 -0.6100 0.1076
vn -0.7236 -0.6902 0.0028
vn -0.5200 -0.8172 0.2484
vn -0.9105 -0.0054 -0.4134
vn -0.8391 -0.0985 -0.5350
vn -0.5965 -0.6368 0.4885
vn -0.8352 -0.4364 0.3346
vn -0.8226 -0.5246 0.2194
vn -0.5890 -0.6991 0.4054
vn -0.9689 0.1962 -0.1504
vn -0.9542 0.0939 -0.2840
vn -0.5575 -0.5152 0.6509
vn -0.7845 -0.2630 0.5615
vn -0.8223 -0.3484 0.4499
vn -0.5859 -0.5749 0.5712
vn -0.9105 0.3979 0.1125
vn -0.9542 0.2987 -0.0170
vn -0.4522 -0.4095 0.7923
vn -0.6394 -0.1107 0.7609
vn -0.7229 -0.1831 0.6663
vn -0.5125 -0.4595 0.7254
vn -0.7423 0.5752 0.3438
vn -0.8391 0.4911 0.2340
vn -0.2941 -0.3317 0.8964
vn -0.4172 0.0024 0.9088
vn -0.5364 -0.0483 0.8426
vn -0.3787 -0.3665 0.8499
vn -0.4845 0.7068 0.5155
vn -0.6228 0.6479 0.4385
vn -0.1019 -0.2906 0.9514
vn -0.1449 0.0625 0.9875
vn -0.2854 0.0396 0.9576
vn -0.2009 -0.3062 0.9305
vn -0.1683 0.7768 0.6068
vn -0.3314 0.7503 0.5720
vn 0.1019 -0.2906 0.9514
vn 0.1449 0.0625 0.9875
vn -0.0000 0.0701 0.9975
vn -0.0000 -0.2854 0.9584
vn 0.1683 0.7768 0.6068
vn -0.0000 0.7858 0.6184
vn 0.2941 -0.3317 0.8964
vn 0.4172 0.0024 0.9088
vn 0.2854 0.0396 0.9576
vn 0.2009 -0.3062 0.9305
vn 0.4845 0.7068 0.5155
vn 0.3314 0.7503 0.5720
vn 0.4522 -0.4095 0.7923
vn 0.6394 -0.1107 0.7609
vn 0.5364 -0.0483 0.8426
vn 0.3787 -0.3665 0.8499
vn 0.7423 0.5752 0.3438
vn 0.6228 0.6479 0.4385
vn 0.5575 -0.5152 0.6509
vn 0.7845 -0.2630 0.5615
vn 0.7229 -0.1831 0.6663
vn 0.5125 -0.4595 0.7254
vn 0.9105 0.3979 0.1125
vn 0.8391 0.4911 0.2340
vn 0.8223 -0.3484 0.4499
vn 0.5859 -0.5749 0.5712
vn 0.9542 0.2987 -0.0170
vn 0.4708 0.6465 -0.6003
vn 0.4782 0.6970 -0.5344
vn 0.4493 0.5975 -0.6642
vn 0.0183 0.7894 -0.6136
vn 0.0189 0.7914 -0.6110
vn 0.0194 0.7934 -0.6083
vn 0.4140 0.5516 -0.7241
vn 0.3663 0.5100 -0.7783
vn 0.0149 0.7858 -0.6183
vn 0.0167 0.7876 -0.6160
vn 0.3073 0.4742 -0.8250
vn 0.2391 0.4450 -0.8630
vn 0.0097 0.7832 -0.6217
vn 0.0124 0.7845 -0.6200
vn 0.1635 0.4237 -0.8909
vn 0.0830 0.4105 -0.9081
vn 0.0034 0.7818 -0.6235
vn 0.0066 0.7824 -0.6227
vn -0.0000 0.4062 -0.9138
vn -0.0830 0.4105 -0.9081
vn -0.0034 0.7818 -0.6235
vn 0.0000 0.7817 -0.6236
vn -0.1635 0.4237 -0.8909
vn -0.2391 0.4450 -0.8630
vn -0.0097 0.7832 -0.6217
vn -0.0066 0.7824 -0.6227
vn -0.3073 0.4742 -0.8250
vn -0.3663 0.5100 -0.7783
vn -0.0149 0.7858 -0.6183
vn -0.0124 0.7845 -0.6200
vn -0.4140 0.5516 -0.7241
vn -0.4493 0.5975 -0.6642
vn -0.0183 0.7894 -0.6136
vn -0.0167 0.7876 -0.6160
vn -0.4708 0.6465 -0.6003
vn -0.4782 0.6970 -0.5344
vn -0.0194 0.7934 -0.6083
vn -0.0189 0.7914 -0.6110
vn -0.4708 0.7475 -0.4686
vn -0.4493 0.7965 -0.4046
vn -0.0183 0.7975 -0.6031
vn -0.0189 0.7955 -0.6057
vn -0.4140 0.8425 -0.3447
vn -0.3663 0.8840 -0.2905
vn -0.0149 0.8010 -0.5984
vn -0.0167 0.7993 -0.6007
vn -0.3073 0.9199 -0.2438
vn -0.2391 0.9489 -0.2058
vn -0.0097 0.8037 -0.5950
vn -0.0124 0.8024 -0.5967
vn -0.1635 0.9704 -0.1779
vn -0.0830 0.9835 -0.1607
vn -0.0034 0.8051 -0.5932
vn -0.0066 0.8044 -0.5940
vn -0.0000 0.9879 -0.1551
vn 0.0830 0.9835 -0.1607
vn 0.0034 0.8051 -0.5932
vn 0.0000 0.8051 -0.5931
vn 0.1635 0.9704 -0.1779
vn 0.2391 0.9489 -0.2058
vn 0.0097 0.8037 -0.5950
vn 0.0066 0.8044 -0.5940
vn 0.3073 0.9199 -0.2438
vn 0.3663 0.8840 -0.2905
vn 0.0149 0.8010 -0.5984
vn 0.0124 0.8024 -0.5967
vn 0.4140 0.8425 -0.3447
vn 0.4493 0.7965 -0.4046
vn 0.0183 0.7975 -0.6031
vn 0.0167 0.7993 -0.6007
vn 0.4708 0.7475 -0.4686
vn 0.0189 0.7955 -0.6057
vn -0.4361 0.7583 -0.4845
vn -0.4426 0.7116 -0.5456
vn -0.4159 0.8037 -0.4255
vn -0.7468 0.6471 -0.1536
vn -0.7828 0.5656 -0.2597
vn -0.7947 0.4817 -0.3693
vn -0.3835 0.8463 -0.3699
vn -0.3391 0.8847 -0.3198
vn -0.6088 0.7925 0.0361
vn -0.6883 0.7234 -0.0538
vn -0.2846 0.9179 -0.2764
vn -0.2213 0.9448 -0.2414
vn -0.3974 0.9005 0.1769
vn -0.5109 0.8520 0.1140
vn -0.1514 0.9647 -0.2153
vn -0.0769 0.9768 -0.1997
vn -0.1380 0.9579 0.2518
vn -0.2718 0.9360 0.2235
vn 0.0000 0.9810 -0.1941
vn 0.0769 0.9768 -0.1997
vn 0.1380 0.9579 0.2518
vn 0.0000 0.9652 0.2615
vn 0.1514 0.9647 -0.2153
vn 0.2213 0.9448 -0.2414
vn 0.3974 0.9005 0.1769
vn 0.2718 0.9360 0.2235
vn 0.2846 0.9179 -0.2764
vn 0.3391 0.8847 -0.3198
vn 0.6088 0.7925 0.0361
vn 0.5109 0.8520 0.1140
vn 0.3835 0.8463 -0.3699
vn 0.4159 0.8037 -0.4255
vn 0.7468 0.6471 -0.1536
vn 0.6883 0.7234 -0.0538
vn 0.4361 0.7583 -0.4845
vn 0.4426 0.7116 -0.5456
vn 0.7947 0.4817 -0.3693
vn 0.7828 0.5656 -0.2597
vn 0.4361 0.6648 -0.6066
vn 0.4159 0.6195 -0.6657
vn 0.7468 0.3163 -0.5850
vn 0.7828 0.3976 -0.4788
vn 0.3835 0.5768 -0.7213
vn 0.3391 0.5385 -0.7714
vn 0.6088 0.1709 -0.7747
vn 0.6883 0.2398 -0.6846
vn 0.2846 0.5051 -0.8147
vn 0.2213 0.4784 -0.8498
vn 0.3974 0.0629 -0.9155
vn 0.5109 0.1111 -0.8524
vn 0.1514 0.4584 -0.8758
vn 0.0769 0.4464 -0.8915
vn 0.1380 0.0055 -0.9904
vn 0.2718 0.0271 -0.9620
vn -0.0000 0.4421 -0.8970
vn -0.0769 0.4464 -0.8915
vn -0.1380 0.0055 -0.9904
vn 0.0000 -0.0020 -1.0000
vn -0.1514 0.4584 -0.8758
vn -0.2213 0.4784 -0.8498
vn -0.3974 0.0629 -0.9155
vn -0.2718 0.0271 -0.9620
vn -0.2846 0.5051 -0.8147
vn -0.3391 0.5385 -0.7714
vn -0.6088 0.1709 -0.7747
vn -0.5109 0.1111 -0.8524
vn -0.3835 0.5768 -0.7213
vn -0.4159 0.6195 -0.6657
vn -0.7468 0.3163 -0.5850
vn -0.6883 0.2398 -0.6846
vn -0.4361 0.6648 -0.6066
vn -0.7828 0.3976 -0.4788
vn -0.9172 0.3873 -0.0932
vn -0.9314 0.2890 -0.2215
vn -0.8752 0.4828 0.0312
vn -0.8814 0.4704 0.0435
vn -0.9237 0.3743 -0.0818
vn -0.9379 0.2752 -0.2110
vn -0.8066 0.5723 0.1481
vn -0.7135 0.6532 0.2535
vn -0.7185 0.6421 0.2674
vn -0.8123 0.5606 0.1611
vn -0.5987 0.7230 0.3447
vn -0.4657 0.7797 0.4185
vn -0.4690 0.7695 0.4336
vn -0.6029 0.7124 0.3592
vn -0.3185 0.8214 0.4730
vn -0.1617 0.8470 0.5063
vn -0.1629 0.8373 0.5220
vn -0.3208 0.8115 0.4884
vn 0.0000 0.8556 0.5176
vn 0.1617 0.8470 0.5063
vn 0.1629 0.8373 0.5220
vn 0.0000 0.8459 0.5333
vn 0.3185 0.8214 0.4730
vn 0.4657 0.7797 0.4185
vn 0.4690 0.7695 0.4336
vn 0.3208 0.8115 0.4884
vn 0.5987 0.7230 0.3447
vn 0.7135 0.6532 0.2535
vn 0.7185 0.6421 0.2674
vn 0.6029 0.7124 0.3592
vn 0.8066 0.5723 0.1481
vn 0.8752 0.4828 0.0312
vn 0.8814 0.4704 0.0435
vn 0.8123 0.5606 0.1611
vn 0.9172 0.3873 -0.0932
vn 0.9314 0.2890 -0.2215
vn 0.9379 0.2752 -0.2110
vn 0.9237 0.3743 -0.0818
vn 0.9172 0.1905 -0.3499
vn 0.8752 0.0951 -0.4743
vn 0.8814 0.0801 -0.4656
vn 0.9237 0.1761 -0.3403
vn 0.8066 0.0056 -0.5911
vn 0.7135 -0.0753 -0.6966
vn 0.7185 -0.0916 -0.6895
vn 0.8123 -0.0101 -0.5832
vn 0.5987 -0.1452 -0.7877
vn 0.4657 -0.2018 -0.8616
vn 0.4690 -0.2190 -0.8556
vn 0.6029 -0.1619 -0.7812
vn 0.3186 -0.2436 -0.9161
vn 0.1617 -0.2691 -0.9494
vn 0.1629 -0.2868 -0.9441
vn 0.3208 -0.2610 -0.9105
vn 0.0000 -0.2778 -0.9606
vn -0.1617 -0.2691 -0.9494
vn -0.1629 -0.2868 -0.9441
vn 0.0000 -0.2955 -0.9554
vn -0.3185 -0.2436 -0.9161
vn -0.4657 -0.2018 -0.8616
vn -0.4690 -0.2190 -0.8556
vn -0.3208 -0.2610 -0.9105
vn -0.5987 -0.1452 -0.7877
vn -0.7135 -0.0753 -0.6966
vn -0.7185 -0.0916 -0.6895
vn -0.6029 -0.1619 -0.7812
vn -0.8066 0.0056 -0.5911
vn -0.8752 0.0951 -0.4743
vn -0.8814 0.0801 -0.4656
vn -0.8123 -0.0101 -0.5832
vn -0.9172 0.1905 -0.3499
vn -0.9237 0.1761 -0.3403
vn -0.7935 0.6009 -0.0958
vn -0.8331 0.5129 -0.2072
vn -0.5857 0.7503 -0.3066
vn -0.6183 0.6840 -0.3870
vn -0.6328 0.6146 -0.4711
vn -0.8474 0.4218 -0.3224
vn -0.6449 0.7574 0.1022
vn -0.7301 0.6832 0.0083
vn -0.4712 0.8663 -0.1659
vn -0.5360 0.8116 -0.2323
vn -0.4200 0.8729 0.2484
vn -0.5405 0.8212 0.1830
vn -0.3046 0.9503 -0.0638
vn -0.3933 0.9129 -0.1093
vn -0.1457 0.9341 0.3259
vn -0.2871 0.9109 0.2965
vn -0.1053 0.9944 -0.0102
vn -0.2077 0.9777 -0.0306
vn 0.1457 0.9341 0.3259
vn 0.0000 0.9419 0.3358
vn 0.1053 0.9944 -0.0102
vn 0.0000 1.0000 -0.0035
vn 0.4200 0.8729 0.2484
vn 0.2871 0.9109 0.2965
vn 0.3046 0.9503 -0.0638
vn 0.2077 0.9777 -0.0306
vn 0.6449 0.7574 0.1022
vn 0.5405 0.8212 0.1830
vn 0.4712 0.8663 -0.1659
vn 0.3933 0.9129 -0.1093
vn 0.7935 0.6009 -0.0958
vn 0.7301 0.6832 0.0083
vn 0.5857 0.7503 -0.3066
vn 0.5360 0.8116 -0.2323
vn 0.8474 0.4218 -0.3224
vn 0.8331 0.5129 -0.2072
vn 0.6328 0.6146 -0.4711
vn 0.6183 0.6840 -0.3870
vn 0.7992 0.2414 -0.5505
vn 0.8360 0.3304 -0.4380
vn 0.6038 0.4745 -0.6405
vn 0.6280 0.5440 -0.5565
vn 0.6535 0.0815 -0.7525
vn 0.7377 0.1576 -0.6565
vn 0.4990 0.3475 -0.7939
vn 0.5604 0.4083 -0.7206
vn 0.4276 -0.0378 -0.9032
vn 0.5491 0.0157 -0.8356
vn 0.3291 0.2509 -0.9104
vn 0.4211 0.2945 -0.8579
vn 0.1487 -0.1015 -0.9837
vn 0.2927 -0.0773 -0.9531
vn 0.1149 0.1987 -0.9733
vn 0.2259 0.2186 -0.9493
vn -0.1487 -0.1015 -0.9837
vn 0.0000 -0.1097 -0.9940
vn -0.1149 0.1987 -0.9733
vn 0.0000 0.1920 -0.9814
vn -0.4276 -0.0378 -0.9032
vn -0.2927 -0.0773 -0.9531
vn -0.3291 0.2509 -0.9104
vn -0.2259 0.2186 -0.9493
vn -0.6535 0.0815 -0.7525
vn -0.5491 0.0157 -0.8356
vn -0.4990 0.3475 -0.7939
vn -0.4211 0.2945 -0.8579
vn -0.7992 0.2414 -0.5505
vn -0.7377 0.1576 -0.6565
vn -0.6038 0.4745 -0.6405
vn -0.5604 0.4083 -0.7206
vn -0.8360 0.3304 -0.4380
vn -0.6280 0.5440 -0.5565
vn -0.3696 0.8111 -0.4534
vn -0.3727 0.7740 -0.5119
vn -0.2511 0.8153 -0.5218
vn -0.1010 0.7982 -0.5939
vn -0.2694 0.7582 -0.5937
vn -0.4027 0.7259 -0.5576
vn -0.2952 0.8827 -0.3656
vn -0.3207 0.8494 -0.4191
vn -0.2031 0.8646 -0.4596
vn -0.0884 0.8185 -0.5676
vn -0.1898 0.9340 -0.3027
vn -0.2339 0.9085 -0.3463
vn -0.1318 0.9007 -0.4141
vn -0.0653 0.8350 -0.5464
vn -0.0654 0.9606 -0.2700
vn -0.1231 0.9459 -0.3002
vn -0.0456 0.9196 -0.3901
vn -0.0347 0.8457 -0.5326
vn 0.0654 0.9606 -0.2700
vn 0.0000 0.9587 -0.2844
vn 0.0456 0.9196 -0.3901
vn -0.0000 0.8494 -0.5278
vn 0.1898 0.9340 -0.3027
vn 0.1231 0.9459 -0.3002
vn 0.1318 0.9007 -0.4141
vn 0.0347 0.8457 -0.5326
vn 0.2952 0.8827 -0.3656
vn 0.2339 0.9085 -0.3463
vn 0.2031 0.8646 -0.4596
vn 0.0653 0.8350 -0.5464
vn 0.3696 0.8111 -0.4534
vn 0.3207 0.8494 -0.4191
vn 0.2511 0.8153 -0.5218
vn 0.0884 0.8185 -0.5676
vn 0.4027 0.7259 -0.5576
vn 0.3727 0.7740 -0.5119
vn 0.2694 0.7582 -0.5937
vn 0.1010 0.7982 -0.5939
vn 0.3876 0.6364 -0.6669
vn 0.3815 0.6900 -0.6151
vn 0.2550 0.7003 -0.6668
vn 0.1016 0.7763 -0.6221
vn 0.3228 0.5540 -0.7673
vn 0.3430 0.6073 -0.7166
vn 0.2090 0.6487 -0.7318
vn 0.0899 0.7555 -0.6490
vn 0.2141 0.4906 -0.8447
vn 0.2593 0.5371 -0.8027
vn 0.1369 0.6101 -0.7804
vn 0.0672 0.7383 -0.6712
vn 0.0750 0.4559 -0.8869
vn 0.1397 0.4898 -0.8606
vn 0.0476 0.5895 -0.8063
vn 0.0359 0.7269 -0.6858
vn -0.0750 0.4559 -0.8869
vn 0.0000 0.4731 -0.8810
vn -0.0476 0.5895 -0.8063
vn -0.0000 0.7229 -0.6909
vn -0.2141 0.4906 -0.8447
vn -0.1397 0.4898 -0.8606
vn -0.1369 0.6101 -0.7804
vn -0.0359 0.7269 -0.6858
vn -0.3228 0.5540 -0.7673
vn -0.2593 0.5371 -0.8027
vn -0.2090 0.6487 -0.7318
vn -0.0672 0.7383 -0.6712
vn -0.3876 0.6364 -0.6669
vn -0.3430 0.6073 -0.7166
vn -0.2550 0.7003 -0.6668
vn -0.0899 0.7555 -0.6490
vn -0.3815 0.6900 -0.6151
vn -0.1016 0.7763 -0.6221
vn 0.0000 0.7931 -0.6090
vn 0.9841 -0.0407 -0.1727
vn 0.9396 0.0091 -0.3422
vn 0.9963 -0.0856 0.0017
vn 1.0000 0.0004 -0.0032
vn 0.9834 0.0422 -0.1765
vn 0.9355 0.0824 -0.3435
vn 0.8638 0.0620 -0.5000
vn 0.7597 0.1156 -0.6399
vn 0.8586 0.1196 -0.4986
vn 0.7557 0.1527 -0.6369
vn 0.6322 0.1665 -0.7567
vn 0.4870 0.2110 -0.8476
vn 0.6309 0.1807 -0.7545
vn 0.4885 0.2030 -0.8486
vn 0.3301 0.2454 -0.9115
vn 0.1665 0.2672 -0.9492
vn 0.3329 0.2192 -0.9171
vn 0.1686 0.2290 -0.9587
vn 0.0000 0.2746 -0.9615
vn -0.1665 0.2672 -0.9492
vn 0.0000 0.2323 -0.9726
vn -0.1686 0.2290 -0.9587
vn -0.3301 0.2454 -0.9115
vn -0.4870 0.2110 -0.8476
vn -0.3329 0.2192 -0.9171
vn -0.4885 0.2030 -0.8486
vn -0.6322 0.1665 -0.7567
vn -0.7597 0.1156 -0.6399
vn -0.6309 0.1807 -0.7545
vn -0.7557 0.1527 -0.6369
vn -0.8638 0.0620 -0.5000
vn -0.9396 0.0091 -0.3422
vn -0.8586 0.1196 -0.4986
vn -0.9355 0.0824 -0.3435
vn -0.9841 -0.0407 -0.1727
vn -0.9963 -0.0856 0.0017
vn -0.9834 0.0422 -0.1765
vn -1.0000 0.0004 -0.0032
vn -0.9767 -0.1249 0.1747
vn -0.9268 -0.1584 0.3405
vn -0.9845 -0.0416 0.1703
vn -0.9376 -0.0823 0.3379
vn -0.8493 -0.1860 0.4940
vn -0.7472 -0.2082 0.6311
vn -0.8612 -0.1201 0.4939
vn -0.7586 -0.1540 0.6331
vn -0.6241 -0.2253 0.7481
vn -0.4836 -0.2380 0.8423
vn -0.6336 -0.1828 0.7518
vn -0.4908 -0.2058 0.8466
vn -0.3299 -0.2466 0.9112
vn -0.1672 -0.2517 0.9533
vn -0.3345 -0.2226 0.9157
vn -0.1695 -0.2328 0.9577
vn -0.0000 -0.2533 0.9674
vn 0.1672 -0.2517 0.9533
vn -0.0000 -0.2362 0.9717
vn 0.1694 -0.2328 0.9577
vn 0.3299 -0.2466 0.9112
vn 0.4836 -0.2380 0.8423
vn 0.3345 -0.2226 0.9157
vn 0.4908 -0.2058 0.8466
vn 0.6241 -0.2253 0.7481
vn 0.7472 -0.2082 0.6311
vn 0.6336 -0.1828 0.7518
vn 0.7586 -0.1540 0.6331
vn 0.8493 -0.1860 0.4940
vn 0.9268 -0.1584 0.3405
vn 0.8612 -0.1201 0.4939
vn 0.9376 -0.0823 0.3379
vn 0.9767 -0.1249 0.1747
vn 0.9845 -0.0416 0.1703
vn 0.9587 0.2248 -0.1740
vn 0.9107 0.2395 -0.3365
vn 0.9778 0.2097 -0.0050
vn 0.7883 0.6153 0.0000
vn 0.7764 0.6152 -0.1369
vn 0.7407 0.6153 -0.2696
vn 0.8357 0.2530 -0.4874
vn 0.7362 0.2652 -0.6226
vn 0.6827 0.6152 -0.3942
vn 0.6038 0.6153 -0.5067
vn 0.6156 0.2754 -0.7384
vn 0.4774 0.2838 -0.8316
vn 0.5067 0.6152 -0.6039
vn 0.3941 0.6153 -0.6826
vn 0.3258 0.2898 -0.8999
vn 0.1652 0.2935 -0.9416
vn 0.2696 0.6152 -0.7408
vn 0.1369 0.6153 -0.7763
vn 0.0000 0.2947 -0.9556
vn -0.1652 0.2935 -0.9416
vn -0.0000 0.6152 -0.7884
vn -0.1369 0.6153 -0.7763
vn -0.3258 0.2898 -0.8999
vn -0.4774 0.2838 -0.8316
vn -0.2696 0.6152 -0.7408
vn -0.3941 0.6153 -0.6826
vn -0.6156 0.2754 -0.7384
vn -0.7362 0.2652 -0.6226
vn -0.5067 0.6152 -0.6039
vn -0.6038 0.6153 -0.5067
vn -0.8357 0.2530 -0.4874
vn -0.9107 0.2395 -0.3365
vn -0.6827 0.6152 -0.3942
vn -0.7407 0.6154 -0.2696
vn -0.9587 0.2248 -0.1740
vn -0.9778 0.2097 -0.0050
vn -0.7764 0.6152 -0.1369
vn -0.7883 0.6154 -0.0000
vn -0.9669 0.1942 0.1655
vn -0.9261 0.1793 0.3320
vn -0.7764 0.6152 0.1369
vn -0.7407 0.6153 0.2696
vn -0.8563 0.1651 0.4894
vn -0.7596 0.1524 0.6323
vn -0.6827 0.6152 0.3942
vn -0.6038 0.6153 0.5067
vn -0.6388 0.1413 0.7563
vn -0.4978 0.1324 0.8571
vn -0.5067 0.6152 0.6039
vn -0.3941 0.6154 0.6826
vn -0.3409 0.1258 0.9316
vn -0.1732 0.1218 0.9773
vn -0.2696 0.6152 0.7408
vn -0.1369 0.6154 0.7763
vn -0.0000 0.1204 0.9927
vn 0.1732 0.1218 0.9773
vn 0.0000 0.6152 0.7884
vn 0.1369 0.6154 0.7763
vn 0.3409 0.1258 0.9316
vn 0.4978 0.1324 0.8571
vn 0.2696 0.6152 0.7408
vn 0.3941 0.6154 0.6826
vn 0.6388 0.1413 0.7563
vn 0.7596 0.1524 0.6323
vn 0.5067 0.6152 0.6039
vn 0.6038 0.6154 0.5067
vn 0.8563 0.1651 0.4894
vn 0.9261 0.1793 0.3320
vn 0.6827 0.6152 0.3942
vn 0.7407 0.6153 0.2696
vn 0.9669 0.1942 0.1655
vn 0.7764 0.6152 0.1369
vn 0.9327 -0.1663 -0.3201
vn 0.9344 -0.1021 -0.3412
vn 0.9836 -0.0746 -0.1642
vn 0.9791 -0.1451 -0.1422
vn 0.9281 -0.0297 -0.3712
vn 0.9804 0.0037 -0.1971
vn 0.9989 0.0439 -0.0168
vn 0.9991 -0.0388 0.0176
vn 0.9927 -0.1143 0.0391
vn 0.7497 -0.1665 -0.6405
vn 0.7457 -0.1196 -0.6555
vn 0.8538 -0.1179 -0.5071
vn 0.8551 -0.1744 -0.4883
vn 0.7352 -0.0650 -0.6747
vn 0.8448 -0.0533 -0.5324
vn 0.4745 -0.1021 -0.8743
vn 0.4689 -0.0798 -0.8796
vn 0.6152 -0.1062 -0.7812
vn 0.6208 -0.1414 -0.7711
vn 0.4606 -0.0524 -0.8861
vn 0.6049 -0.0642 -0.7937
vn 0.1588 -0.0204 -0.9871
vn 0.1567 -0.0203 -0.9874
vn 0.3140 -0.0475 -0.9482
vn 0.3181 -0.0571 -0.9463
vn 0.1542 -0.0188 -0.9879
vn 0.3085 -0.0347 -0.9506
vn -0.1588 -0.0204 -0.9871
vn -0.1567 -0.0203 -0.9874
vn 0.0000 -0.0097 -1.0000
vn 0.0000 -0.0062 -1.0000
vn -0.1542 -0.0188 -0.9879
vn 0.0000 -0.0124 -0.9999
vn -0.4745 -0.1021 -0.8743
vn -0.4689 -0.0798 -0.8796
vn -0.3140 -0.0475 -0.9482
vn -0.3181 -0.0571 -0.9463
vn -0.4606 -0.0524 -0.8861
vn -0.3085 -0.0347 -0.9506
vn -0.7497 -0.1665 -0.6405
vn -0.7457 -0.1196 -0.6555
vn -0.6152 -0.1062 -0.7812
vn -0.6208 -0.1414 -0.7711
vn -0.7352 -0.0650 -0.6747
vn -0.6049 -0.0642 -0.7937
vn -0.9327 -0.1663 -0.3201
vn -0.9344 -0.1021 -0.3412
vn -0.8538 -0.1179 -0.5071
vn -0.8551 -0.1744 -0.4883
vn -0.9281 -0.0297 -0.3712
vn -0.8448 -0.0533 -0.5324
vn -0.9927 -0.1143 0.0391
vn -0.9991 -0.0388 0.0176
vn -0.9836 -0.0746 -0.1642
vn -0.9791 -0.1451 -0.1422
vn -0.9989 0.0439 -0.0168
vn -0.9804 0.0037 -0.1971
vn -0.9217 -0.0379 0.3861
vn -0.9292 0.0442 0.3669
vn -0.9804 0.0019 0.1968
vn -0.9730 -0.0774 0.2173
vn -0.9334 0.1327 0.3335
vn -0.9828 0.0879 0.1624
vn -0.7368 0.0377 0.6751
vn -0.7427 0.1230 0.6582
vn -0.8485 0.0854 0.5222
vn -0.8415 0.0013 0.5402
vn -0.7482 0.2142 0.6279
vn -0.8537 0.1754 0.4903
vn -0.4716 0.0952 0.8767
vn -0.4751 0.1817 0.8610
vn -0.6167 0.1555 0.7717
vn -0.6119 0.0694 0.7879
vn -0.4793 0.2738 0.8339
vn -0.6217 0.2473 0.7432
vn -0.1618 0.1256 0.9788
vn -0.1630 0.2123 0.9635
vn -0.3225 0.2007 0.9250
vn -0.3202 0.1141 0.9404
vn -0.1645 0.3046 0.9382
vn -0.3255 0.2930 0.8990
vn 0.1618 0.1256 0.9788
vn 0.1630 0.2123 0.9635
vn -0.0000 0.2162 0.9764
vn -0.0000 0.1295 0.9916
vn 0.1645 0.3046 0.9382
vn 0.0000 0.3085 0.9512
vn 0.4716 0.0952 0.8767
vn 0.4751 0.1817 0.8610
vn 0.3225 0.2007 0.9250
vn 0.3202 0.1141 0.9404
vn 0.4793 0.2738 0.8339
vn 0.3255 0.2930 0.8990
vn 0.7368 0.0377 0.6751
vn 0.7427 0.1230 0.6582
vn 0.6167 0.1555 0.7717
vn 0.6119 0.0694 0.7879
vn 0.7482 0.2142 0.6279
vn 0.6217 0.2473 0.7432
vn 0.9217 -0.0379 0.3861
vn 0.9292 0.0442 0.3669
vn 0.8485 0.0854 0.5222
vn 0.8415 0.0013 0.5402
vn 0.9334 0.1327 0.3335
vn 0.8537 0.1754 0.4903
vn 0.9804 0.0019 0.1968
vn 0.9730 -0.0774 0.2173
vn 0.9828 0.0879 0.1624
vn 0.8789 0.1465 -0.4539
vn 0.8494 0.1880 -0.4931
vn 0.9042 0.2468 -0.3485
vn 0.9329 0.2002 -0.2994
vn 0.8189 0.2200 -0.5301
vn 0.8772 0.2766 -0.3924
vn 0.9096 0.3368 -0.2432
vn 0.9313 0.3083 -0.1939
vn 0.9568 0.2570 -0.1357
vn 0.6955 0.0559 -0.7163
vn 0.6712 0.0849 -0.7364
vn 0.7705 0.1334 -0.6233
vn 0.7984 0.0978 -0.5942
vn 0.6403 0.1229 -0.7583
vn 0.7386 0.1684 -0.6528
vn 0.4413 -0.0036 -0.8974
vn 0.4272 0.0103 -0.9041
vn 0.5555 0.0434 -0.8304
vn 0.5750 0.0218 -0.8179
vn 0.4046 0.0536 -0.9129
vn 0.5278 0.0844 -0.8452
vn 0.1505 -0.0307 -0.9881
vn 0.1463 -0.0288 -0.9888
vn 0.2897 -0.0141 -0.9570
vn 0.2986 -0.0210 -0.9541
vn 0.1381 0.0170 -0.9903
vn 0.2739 0.0309 -0.9613
vn -0.1505 -0.0307 -0.9881
vn -0.1463 -0.0288 -0.9888
vn -0.0000 -0.0338 -0.9994
vn -0.1381 0.0170 -0.9903
vn -0.0000 0.0122 -0.9999
vn -0.4413 -0.0036 -0.8974
vn -0.4272 0.0103 -0.9041
vn -0.2897 -0.0141 -0.9570
vn -0.2986 -0.0210 -0.9541
vn -0.4046 0.0536 -0.9129
vn -0.2739 0.0309 -0.9613
vn -0.6955 0.0559 -0.7163
vn -0.6712 0.0849 -0.7364
vn -0.5555 0.0434 -0.8304
vn -0.5750 0.0218 -0.8179
vn -0.6403 0.1229 -0.7583
vn -0.5278 0.0844 -0.8452
vn -0.8789 0.1465 -0.4539
vn -0.8494 0.1880 -0.4931
vn -0.7705 0.1334 -0.6233
vn -0.7984 0.0978 -0.5942
vn -0.8189 0.2200 -0.5301
vn -0.7386 0.1684 -0.6528
vn -0.9568 0.2570 -0.1357
vn -0.9313 0.3083 -0.1939
vn -0.9042 0.2468 -0.3485
vn -0.9329 0.2002 -0.2994
vn -0.9096 0.3368 -0.2432
vn -0.8772 0.2766 -0.3924
vn -0.9087 0.3698 0.1939
vn -0.8942 0.4302 0.1240
vn -0.9283 0.3702 -0.0344
vn -0.9488 0.3143 0.0309
vn -0.8856 0.4592 0.0695
vn -0.9131 0.3984 -0.0874
vn -0.7400 0.4670 0.4842
vn -0.7367 0.5362 0.4121
vn -0.8295 0.4862 0.2748
vn -0.8380 0.4213 0.3469
vn -0.7390 0.5691 0.3605
vn -0.8271 0.5168 0.2209
vn -0.4796 0.5360 0.6948
vn -0.4819 0.6124 0.6267
vn -0.6193 0.5786 0.5308
vn -0.6189 0.5055 0.6012
vn -0.4881 0.6502 0.5822
vn -0.6246 0.6140 0.4826
vn -0.1656 0.5712 0.8039
vn -0.1672 0.6517 0.7398
vn -0.3296 0.6369 0.6970
vn -0.3270 0.5579 0.7628
vn -0.1702 0.6927 0.7008
vn -0.3348 0.6766 0.6558
vn 0.1656 0.5712 0.8039
vn 0.1672 0.6517 0.7398
vn -0.0000 0.6566 0.7542
vn -0.0000 0.5756 0.8177
vn 0.1702 0.6927 0.7008
vn 0.0000 0.6981 0.7160
vn 0.4796 0.5360 0.6948
vn 0.4819 0.6124 0.6267
vn 0.3296 0.6369 0.6970
vn 0.3270 0.5579 0.7628
vn 0.4881 0.6502 0.5822
vn 0.3348 0.6766 0.6558
vn 0.7400 0.4670 0.4842
vn 0.7367 0.5362 0.4121
vn 0.6193 0.5786 0.5308
vn 0.6189 0.5055 0.6012
vn 0.7390 0.5691 0.3605
vn 0.6246 0.6140 0.4826
vn 0.9087 0.3698 0.1939
vn 0.8942 0.4302 0.1240
vn 0.8295 0.4862 0.2748
vn 0.8380 0.4213 0.3469
vn 0.8856 0.4592 0.0695
vn 0.8271 0.5168 0.2209
vn 0.9283 0.3702 -0.0344
vn 0.9488 0.3143 0.0309
vn 0.9131 0.3984 -0.0874
vn 0.9259 -0.2181 -0.3083
vn 0.9702 -0.2030 -0.1325
vn 0.9831 -0.1774 0.0464
vn 0.7507 -0.2025 -0.6289
vn 0.8519 -0.2189 -0.4757
vn 0.4809 -0.1169 -0.8689
vn 0.6254 -0.1674 -0.7622
vn 0.1622 -0.0160 -0.9866
vn 0.3239 -0.0609 -0.9441
vn -0.1622 -0.0160 -0.9866
vn 0.0000 0.0012 -1.0000
vn -0.4809 -0.1169 -0.8689
vn -0.3239 -0.0609 -0.9441
vn -0.7507 -0.2025 -0.6289
vn -0.6254 -0.1674 -0.7622
vn -0.9259 -0.2181 -0.3083
vn -0.8519 -0.2189 -0.4757
vn -0.9831 -0.1774 0.0464
vn -0.9702 -0.2030 -0.1325
vn -0.9146 -0.1083 0.3897
vn -0.9642 -0.1446 0.2223
vn -0.7339 -0.0366 0.6783
vn -0.8366 -0.0715 0.5431
vn -0.4714 0.0197 0.8817
vn -0.6106 -0.0057 0.7919
vn -0.1621 0.0500 0.9855
vn -0.3205 0.0384 0.9465
vn 0.1621 0.0500 0.9855
vn -0.0000 0.0538 0.9986
vn 0.4714 0.0197 0.8817
vn 0.3205 0.0384 0.9465
vn 0.7339 -0.0366 0.6783
vn 0.6106 -0.0057 0.7919
vn 0.9146 -0.1083 0.3897
vn 0.8366 -0.0715 0.5431
vn 0.9642 -0.1446 0.2223
vn 0.7292 0.6721 -0.1286
vn 0.6958 0.6721 -0.2533
vn 0.7405 0.6721 0.0000
vn 0.9980 -0.0633 -0.0000
vn 0.9828 -0.0633 -0.1733
vn 0.9378 -0.0633 -0.3413
vn 0.6413 0.6721 -0.3702
vn 0.5672 0.6721 -0.4760
vn 0.8643 -0.0633 -0.4990
vn 0.7645 -0.0633 -0.6415
vn 0.4760 0.6721 -0.5672
vn 0.3702 0.6721 -0.6413
vn 0.6415 -0.0633 -0.7645
vn 0.4990 -0.0633 -0.8643
vn 0.2533 0.6721 -0.6958
vn 0.1286 0.6721 -0.7292
vn 0.3413 -0.0633 -0.9378
vn 0.1733 -0.0633 -0.9828
vn 0.0000 0.6721 -0.7405
vn -0.1286 0.6721 -0.7292
vn 0.0000 -0.0633 -0.9980
vn -0.1733 -0.0633 -0.9828
vn -0.2533 0.6721 -0.6958
vn -0.3702 0.6721 -0.6413
vn -0.3413 -0.0633 -0.9378
vn -0.4990 -0.0633 -0.8643
vn -0.4760 0.6721 -0.5672
vn -0.5672 0.6721 -0.4760
vn -0.6415 -0.0633 -0.7645
vn -0.7645 -0.0633 -0.6415
vn -0.6413 0.6721 -0.3702
vn -0.6958 0.6721 -0.2533
vn -0.8643 -0.0633 -0.4990
vn -0.9378 -0.0633 -0.3413
vn -0.7292 0.6721 -0.1286
vn -0.7405 0.6721 -0.0000
vn -0.9828 -0.0633 -0.1733
vn -0.9980 -0.0633 -0.0000
vn -0.7292 0.6721 0.1286
vn -0.6958 0.6721 0.2533
vn -0.9828 -0.0633 0.1733
vn -0.9378 -0.0633 0.3413
vn -0.6413 0.6721 0.3702
vn -0.5672 0.6721 0.4760
vn -0.8643 -0.0633 0.4990
vn -0.7645 -0.0633 0.6415
vn -0.4760 0.6721 0.5672
vn -0.3702 0.6721 0.6413
vn -0.6415 -0.0633 0.7645
vn -0.4990 -0.0633 0.8643
vn -0.2533 0.6721 0.6958
vn -0.1286 0.6721 0.7292
vn -0.3413 -0.0633 0.9378
vn -0.1733 -0.0633 0.9828
vn -0.0000 0.6721 0.7405
vn 0.1286 0.6721 0.7292
vn -0.0000 -0.0633 0.9980
vn 0.1733 -0.0633 0.9828
vn 0.2533 0.6721 0.6958
vn 0.3702 0.6721 0.6413
vn 0.3413 -0.0633 0.9378
vn 0.4990 -0.0633 0.8643
vn 0.4760 0.6721 0.5672
vn 0.5672 0.6721 0.4760
vn 0.6415 -0.0633 0.7645
vn 0.7645 -0.0633 0.6415
vn 0.6413 0.6721 0.3702
vn 0.6958 0.6721 0.2533
vn 0.8643 -0.0633 0.4990
vn 0.9378 -0.0633 0.3413
vn 0.7292 0.6721 0.1286
vn 0.9828 -0.0633 0.1733
vn 0.4424 -0.8934 -0.0780
vn 0.4323 -0.8879 -0.1573
vn 0.4600 -0.8879 0.0000
vn 0.0636 -0.9980 0.0000
vn 0.0184 -0.9998 -0.0032
vn 0.0597 -0.9980 -0.0217
vn 0.3890 -0.8934 -0.2246
vn 0.3524 -0.8879 -0.2957
vn 0.0162 -0.9998 -0.0093
vn 0.0487 -0.9980 -0.0409
vn 0.2887 -0.8934 -0.3441
vn 0.2300 -0.8879 -0.3984
vn 0.0120 -0.9998 -0.0143
vn 0.0318 -0.9980 -0.0551
vn 0.1536 -0.8934 -0.4221
vn 0.0799 -0.8879 -0.4530
vn 0.0064 -0.9998 -0.0175
vn 0.0110 -0.9980 -0.0626
vn -0.0000 -0.8934 -0.4492
vn -0.0799 -0.8879 -0.4530
vn 0.0000 -0.9998 -0.0187
vn -0.0110 -0.9980 -0.0626
vn -0.1536 -0.8934 -0.4221
vn -0.2300 -0.8879 -0.3984
vn -0.0064 -0.9998 -0.0175
vn -0.0318 -0.9980 -0.0551
vn -0.2887 -0.8934 -0.3441
vn -0.3524 -0.8879 -0.2957
vn -0.0120 -0.9998 -0.0143
vn -0.0487 -0.9980 -0.0409
vn -0.3890 -0.8934 -0.2246
vn -0.4323 -0.8879 -0.1573
vn -0.0162 -0.9998 -0.0093
vn -0.0597 -0.9980 -0.0217
vn -0.4424 -0.8934 -0.0780
vn -0.4600 -0.8879 -0.0000
vn -0.0184 -0.9998 -0.0032
vn -0.0636 -0.9980 -0.0000
vn -0.4424 -0.8934 0.0780
vn -0.4323 -0.8879 0.1573
vn -0.0184 -0.9998 0.0032
vn -0.0597 -0.9980 0.0217
vn -0.3890 -0.8934 0.2246
vn -0.3524 -0.8879 0.2957
vn -0.0162 -0.9998 0.0093
vn -0.0487 -0.9980 0.0409
vn -0.2887 -0.8934 0.3441
vn -0.2300 -0.8879 0.3984
vn -0.0120 -0.9998 0.0143
vn -0.0318 -0.9980 0.0551
vn -0.1536 -0.8934 0.4221
vn -0.0799 -0.8879 0.4530
vn -0.0064 -0.9998 0.0175
vn -0.0110 -0.9980 0.0626
vn -0.0000 -0.8934 0.4492
vn 0.0799 -0.8879 0.4530
vn -0.0000 -0.9998 0.0187
vn 0.0110 -0.9980 0.0626
vn 0.1536 -0.8934 0.4221
vn 0.2300 -0.8879 0.3984
vn 0.0064 -0.9998 0.0175
vn 0.0318 -0.9980 0.0551
vn 0.2887 -0.8934 0.3441
vn 0.3524 -0.8879 0.2957
vn 0.0120 -0.9998 0.0143
vn 0.0487 -0.9980 0.0409
vn 0.3890 -0.8934 0.2246
vn 0.4323 -0.8879 0.1573
vn 0.0162 -0.9998 0.0093
vn 0.0597 -0.9980 0.0217
vn 0.4424 -0.8934 0.0780
vn 0.0184 -0.9998 0.0032
vn -0.0000 -1.0000 0.0000
vn 0.5769 -0.6477 0.4977
vn 0.5726 -0.7067 0.4155
vn 0.9671 -0.2010 0.1558
vn 0.9576 -0.2880 0.0091
vn 0.9175 -0.3750 -0.1329
vn 0.5498 -0.7651 0.3351
vn 0.5094 -0.8206 0.2590
vn 0.8480 -0.4586 -0.2657
vn 0.7513 -0.5365 -0.3843
vn 0.4521 -0.8714 0.1902
vn 0.3802 -0.9156 0.1309
vn 0.6309 -0.6054 -0.4853
vn 0.4906 -0.6629 -0.5655
vn 0.2959 -0.9516 0.0832
vn 0.2025 -0.9781 0.0482
vn 0.3354 -0.7063 -0.6234
vn 0.1702 -0.7333 -0.6582
vn 0.1027 -0.9943 0.0272
vn -0.0000 -0.9998 0.0200
vn -0.0000 -0.7427 -0.6697
vn -0.1702 -0.7333 -0.6582
vn -0.1027 -0.9943 0.0272
vn -0.2025 -0.9781 0.0482
vn -0.3354 -0.7063 -0.6234
vn -0.4906 -0.6629 -0.5655
vn -0.2959 -0.9516 0.0832
vn -0.3802 -0.9156 0.1309
vn -0.6309 -0.6054 -0.4853
vn -0.7513 -0.5365 -0.3843
vn -0.4521 -0.8714 0.1902
vn -0.5094 -0.8206 0.2590
vn -0.8480 -0.4586 -0.2657
vn -0.9175 -0.3750 -0.1329
vn -0.5498 -0.7651 0.3351
vn -0.5726 -0.7067 0.4155
vn -0.9576 -0.2880 0.0091
vn -0.9671 -0.2010 0.1558
vn -0.5769 -0.6477 0.4977
vn -0.5633 -0.5898 0.5786
vn -0.9464 -0.1162 0.3015
vn -0.8964 -0.0366 0.4418
vn -0.5326 -0.5350 0.6558
vn -0.4865 -0.4847 0.7269
vn -0.8197 0.0361 0.5716
vn -0.7193 0.0996 0.6875
vn -0.4265 -0.4404 0.7900
vn -0.3552 -0.4027 0.8436
vn -0.5992 0.1532 0.7858
vn -0.4630 0.1953 0.8645
vn -0.2744 -0.3729 0.8864
vn -0.1868 -0.3511 0.9175
vn -0.3152 0.2261 0.9217
vn -0.1595 0.2444 0.9565
vn -0.0945 -0.3381 0.9364
vn -0.0000 -0.3336 0.9427
vn -0.0000 0.2508 0.9680
vn 0.1595 0.2444 0.9565
vn 0.0945 -0.3381 0.9364
vn 0.1868 -0.3511 0.9175
vn 0.3152 0.2261 0.9217
vn 0.4630 0.1953 0.8645
vn 0.2744 -0.3729 0.8864
vn 0.3552 -0.4028 0.8436
vn 0.5992 0.1532 0.7858
vn 0.7193 0.0996 0.6875
vn 0.4265 -0.4404 0.7900
vn 0.4865 -0.4847 0.7269
vn 0.8197 0.0361 0.5716
vn 0.8964 -0.0366 0.4418
vn 0.5326 -0.5350 0.6558
vn 0.5633 -0.5898 0.5786
vn 0.9464 -0.1162 0.3015
vn 0.8219 0.2042 -0.5318
vn 0.8783 0.2660 -0.3972
vn 0.9094 0.3311 -0.2517
vn 0.6473 0.0954 -0.7563
vn 0.7436 0.1470 -0.6522
vn 0.4132 0.0124 -0.9106
vn 0.5362 0.0501 -0.8426
vn 0.1422 -0.0349 -0.9892
vn 0.2810 -0.0168 -0.9596
vn -0.1422 -0.0349 -0.9892
vn -0.0000 -0.0417 -0.9991
vn -0.4132 0.0124 -0.9106
vn -0.2810 -0.0168 -0.9596
vn -0.6473 0.0954 -0.7563
vn -0.5362 0.0501 -0.8426
vn -0.8219 0.2042 -0.5318
vn -0.7436 0.1470 -0.6522
vn -0.9094 0.3311 -0.2517
vn -0.8783 0.2660 -0.3972
vn -0.8847 0.4631 0.0532
vn -0.9122 0.3975 -0.0998
vn -0.7393 0.5826 0.3377
vn -0.8267 0.5256 0.2010
vn -0.4894 0.6721 0.5557
vn -0.6255 0.6320 0.4576
vn -0.1710 0.7196 0.6730
vn -0.3361 0.7016 0.6284
vn 0.1710 0.7196 0.6730
vn -0.0000 0.7257 0.6880
vn 0.4894 0.6721 0.5557
vn 0.3361 0.7016 0.6284
vn 0.7393 0.5826 0.3377
vn 0.6255 0.6320 0.4576
vn 0.8847 0.4631 0.0532
vn 0.8267 0.5256 0.2010
vn 0.9122 0.3975 -0.0998
vn 0.9112 0.0579 -0.4078
vn 0.9653 0.1003 -0.2412
vn 0.9868 0.1477 -0.0666
vn 0.7199 -0.0029 -0.6940
vn 0.8278 0.0228 -0.5605
vn 0.4527 -0.0250 -0.8913
vn 0.5929 -0.0187 -0.8051
vn 0.1528 -0.0217 -0.9880
vn 0.3045 -0.0247 -0.9522
vn -0.1528 -0.0217 -0.9880
vn 0.0000 -0.0202 -0.9998
vn -0.4527 -0.0250 -0.8913
vn -0.3045 -0.0247 -0.9522
vn -0.7199 -0.0029 -0.6940
vn -0.5929 -0.0187 -0.8051
vn -0.9112 0.0579 -0.4078
vn -0.8278 0.0228 -0.5605
vn -0.9868 0.1477 -0.0666
vn -0.9653 0.1003 -0.2412
vn -0.9285 0.2464 0.2778
vn -0.9743 0.1973 0.1087
vn -0.7488 0.3338 0.5726
vn -0.8520 0.2926 0.4342
vn -0.4817 0.3965 0.7815
vn -0.6237 0.3688 0.6892
vn -0.1657 0.4287 0.8881
vn -0.3276 0.4166 0.8480
vn 0.1657 0.4287 0.8881
vn -0.0000 0.4327 0.9015
vn 0.4817 0.3965 0.7815
vn 0.3276 0.4166 0.8480
vn 0.7488 0.3338 0.5726
vn 0.6237 0.3688 0.6892
vn 0.9285 0.2464 0.2778
vn 0.8520 0.2926 0.4342
vn 0.9743 0.1973 0.1087
# 1261 vertex normals

vt 0.4922 0.2425 0.7894
vt 0.5446 0.2413 0.7850
vt 0.5400 0.2739 0.7947
vt 0.4870 0.2789 0.7992
vt 0.5955 0.2401 0.7720
vt 0.5915 0.2689 0.7812
vt 0.5891 0.3025 0.7919
vt 0.5370 0.3123 0.8059
vt 0.4834 0.3225 0.8107
vt 0.6432 0.2389 0.7506
vt 0.6398 0.2643 0.7591
vt 0.6863 0.2379 0.7217
vt 0.6835 0.2602 0.7292
vt 0.6820 0.2849 0.7380
vt 0.6378 0.2933 0.7690
vt 0.2783 0.2379 0.6863
vt 0.3140 0.2370 0.7235
vt 0.3077 0.2566 0.7211
vt 0.2708 0.2602 0.6835
vt 0.3553 0.2362 0.7537
vt 0.3504 0.2537 0.7517
vt 0.3447 0.2719 0.7509
vt 0.3003 0.2778 0.7200
vt 0.2620 0.2849 0.6820
vt 0.4010 0.2357 0.7759
vt 0.3977 0.2515 0.7742
vt 0.4497 0.2354 0.7896
vt 0.4480 0.2502 0.7880
vt 0.4461 0.2650 0.7876
vt 0.3938 0.2676 0.7737
vt 0.5000 0.2353 0.7941
vt 0.5000 0.2497 0.7926
vt 0.5503 0.2354 0.7896
vt 0.5520 0.2502 0.7880
vt 0.5539 0.2650 0.7876
vt 0.5000 0.2641 0.7923
vt 0.5990 0.2357 0.7759
vt 0.6023 0.2515 0.7742
vt 0.6447 0.2362 0.7537
vt 0.6496 0.2537 0.7517
vt 0.6553 0.2719 0.7509
vt 0.6062 0.2676 0.7737
vt 0.6860 0.2370 0.7235
vt 0.6923 0.2566 0.7211
vt 0.7217 0.2379 0.6863
vt 0.7292 0.2602 0.6835
vt 0.7380 0.2849 0.6820
vt 0.6997 0.2778 0.7200
vt 0.3137 0.2379 0.2783
vt 0.3568 0.2389 0.2494
vt 0.3602 0.2643 0.2409
vt 0.3165 0.2602 0.2708
vt 0.4045 0.2401 0.2280
vt 0.4085 0.2689 0.2188
vt 0.4109 0.3025 0.2081
vt 0.3622 0.2933 0.2310
vt 0.3180 0.2849 0.2620
vt 0.4554 0.2413 0.2150
vt 0.4600 0.2739 0.2053
vt 0.5078 0.2425 0.2106
vt 0.5130 0.2789 0.2008
vt 0.5166 0.3225 0.1893
vt 0.4630 0.3123 0.1941
vt 0.5602 0.2438 0.2150
vt 0.5661 0.2840 0.2053
vt 0.6111 0.2450 0.2280
vt 0.6176 0.2889 0.2188
vt 0.6222 0.3424 0.2081
vt 0.5702 0.3326 0.1941
vt 0.6588 0.2462 0.2494
vt 0.6659 0.2935 0.2409
vt 0.7019 0.2472 0.2783
vt 0.7096 0.2977 0.2708
vt 0.7152 0.3600 0.2620
vt 0.6710 0.3516 0.2310
vt 0.2783 0.2472 0.2981
vt 0.3140 0.2481 0.2609
vt 0.3077 0.3013 0.2528
vt 0.2708 0.2977 0.2904
vt 0.3553 0.2489 0.2307
vt 0.3504 0.3042 0.2222
vt 0.3447 0.3730 0.2159
vt 0.3003 0.3672 0.2468
vt 0.2620 0.3600 0.2848
vt 0.4010 0.2494 0.2085
vt 0.3977 0.3063 0.1997
vt 0.4497 0.2497 0.1948
vt 0.4480 0.3077 0.1859
vt 0.4461 0.3799 0.1792
vt 0.3938 0.3773 0.1932
vt 0.5000 0.2498 0.1902
vt 0.5000 0.3081 0.1813
vt 0.5503 0.2497 0.1948
vt 0.5520 0.3077 0.1859
vt 0.5539 0.3799 0.1792
vt 0.5000 0.3808 0.1745
vt 0.5990 0.2494 0.2084
vt 0.6023 0.3063 0.1997
vt 0.6447 0.2489 0.2307
vt 0.6496 0.3042 0.2222
vt 0.6553 0.3730 0.2159
vt 0.6062 0.3773 0.1932
vt 0.6860 0.2481 0.2609
vt 0.6923 0.3013 0.2528
vt 0.7217 0.2472 0.2981
vt 0.7292 0.2977 0.2904
vt 0.7380 0.3600 0.2848
vt 0.6997 0.3672 0.2468
vt 0.2981 0.2472 0.7217
vt 0.3412 0.2462 0.7506
vt 0.3341 0.2935 0.7591
vt 0.2904 0.2977 0.7292
vt 0.3889 0.2450 0.7720
vt 0.3824 0.2889 0.7812
vt 0.3778 0.3424 0.7919
vt 0.3290 0.3516 0.7690
vt 0.2848 0.3600 0.7380
vt 0.4398 0.2438 0.7850
vt 0.4339 0.2840 0.7947
vt 0.4298 0.3326 0.8059
vt 0.2257 0.6441 0.5176
vt 0.2174 0.6515 0.5227
vt 0.2039 0.6093 0.5591
vt 0.2125 0.6031 0.5530
vt 0.6515 0.5227 0.7826
vt 0.6587 0.5309 0.7857
vt 0.6160 0.5677 0.7993
vt 0.6093 0.5591 0.7961
vt 0.5719 0.6057 0.8040
vt 0.5657 0.5966 0.8007
vt 0.1993 0.5657 0.5966
vt 0.2081 0.5609 0.5894
vt 0.2764 0.7173 0.4545
vt 0.2696 0.7270 0.4577
vt 0.2396 0.6911 0.4885
vt 0.2472 0.6826 0.4845
vt 0.7270 0.4577 0.7304
vt 0.7349 0.4652 0.7329
vt 0.6987 0.4964 0.7632
vt 0.6911 0.4885 0.7604
vt 0.3540 0.7717 0.4077
vt 0.3496 0.7830 0.4094
vt 0.3067 0.7579 0.4310
vt 0.3124 0.7473 0.4287
vt 0.3480 0.7915 0.4164
vt 0.3046 0.7661 0.4383
vt 0.2671 0.7349 0.4652
vt 0.4493 0.8006 0.3827
vt 0.4478 0.8128 0.3837
vt 0.3972 0.8014 0.3935
vt 0.4002 0.7896 0.3922
vt 0.4472 0.8216 0.3905
vt 0.3960 0.8102 0.4004
vt 0.5507 0.8006 0.3827
vt 0.5522 0.8128 0.3837
vt 0.5000 0.8165 0.3805
vt 0.5000 0.8043 0.3796
vt 0.5528 0.8216 0.3905
vt 0.5000 0.8255 0.3872
vt 0.6460 0.7717 0.4077
vt 0.6504 0.7830 0.4094
vt 0.6028 0.8014 0.3935
vt 0.5998 0.7896 0.3922
vt 0.6520 0.7915 0.4164
vt 0.6040 0.8102 0.4004
vt 0.7236 0.7173 0.4545
vt 0.7304 0.7270 0.4577
vt 0.6933 0.7579 0.4310
vt 0.6876 0.7473 0.4287
vt 0.7329 0.7349 0.4652
vt 0.6954 0.7661 0.4383
vt 0.7743 0.6441 0.5176
vt 0.7826 0.6515 0.5227
vt 0.7604 0.6911 0.4885
vt 0.7528 0.6826 0.4845
vt 0.3485 0.5227 0.2174
vt 0.3413 0.5309 0.2143
vt 0.3013 0.4964 0.2368
vt 0.3089 0.4885 0.2396
vt 0.2651 0.4652 0.2671
vt 0.2730 0.4577 0.2696
vt 0.7919 0.5609 0.5894
vt 0.8007 0.5657 0.5966
vt 0.7961 0.6093 0.5591
vt 0.7875 0.6031 0.5530
vt 0.4343 0.5966 0.1993
vt 0.4281 0.6057 0.1960
vt 0.3840 0.5677 0.2007
vt 0.3907 0.5591 0.2039
vt 0.5224 0.6612 0.2257
vt 0.5200 0.6705 0.2174
vt 0.4778 0.6341 0.2039
vt 0.4814 0.6259 0.2125
vt 0.5148 0.6804 0.2143
vt 0.4721 0.6436 0.2007
vt 0.7875 0.5186 0.6259
vt 0.7961 0.5222 0.6341
vt 0.2764 0.7244 0.4044
vt 0.2696 0.7356 0.4045
vt 0.2396 0.7047 0.4403
vt 0.2472 0.6944 0.4391
vt 0.5955 0.7356 0.2696
vt 0.5911 0.7461 0.2671
vt 0.5548 0.7149 0.2368
vt 0.5597 0.7047 0.2396
vt 0.2174 0.6705 0.4800
vt 0.2257 0.6612 0.4776
vt 0.3540 0.7712 0.3500
vt 0.3496 0.7838 0.3485
vt 0.3067 0.7622 0.3736
vt 0.3124 0.7502 0.3744
vt 0.3480 0.7949 0.3523
vt 0.3046 0.7731 0.3777
vt 0.2671 0.7461 0.4089
vt 0.4493 0.7962 0.3211
vt 0.4478 0.8095 0.3187
vt 0.3972 0.7997 0.3301
vt 0.4002 0.7867 0.3321
vt 0.4472 0.8209 0.3222
vt 0.3960 0.8110 0.3337
vt 0.5507 0.7962 0.3211
vt 0.5522 0.8095 0.3187
vt 0.5000 0.8127 0.3149
vt 0.5000 0.7993 0.3174
vt 0.5528 0.8209 0.3222
vt 0.5000 0.8242 0.3184
vt 0.6460 0.7712 0.3500
vt 0.6504 0.7838 0.3485
vt 0.6028 0.7997 0.3301
vt 0.5998 0.7867 0.3321
vt 0.6520 0.7949 0.3523
vt 0.6040 0.8110 0.3337
vt 0.7236 0.7244 0.4044
vt 0.7304 0.7356 0.4045
vt 0.6933 0.7622 0.3736
vt 0.6876 0.7502 0.3744
vt 0.7329 0.7461 0.4089
vt 0.6954 0.7731 0.3777
vt 0.7743 0.6612 0.4776
vt 0.7826 0.6705 0.4800
vt 0.7604 0.7047 0.4403
vt 0.7528 0.6944 0.4391
vt 0.4800 0.6705 0.7826
vt 0.4852 0.6804 0.7857
vt 0.4452 0.7149 0.7632
vt 0.4403 0.7047 0.7604
vt 0.4089 0.7461 0.7329
vt 0.4045 0.7356 0.7304
vt 0.2039 0.5222 0.6341
vt 0.2125 0.5186 0.6259
vt 0.5279 0.6436 0.7993
vt 0.5222 0.6341 0.7961
vt 0.4776 0.6612 0.7743
vt 0.5186 0.6259 0.7875
vt 0.6205 0.5781 0.7887
vt 0.5781 0.6147 0.7932
vt 0.6617 0.5426 0.7755
vt 0.7578 0.6594 0.5517
vt 0.7701 0.6208 0.5849
vt 0.7887 0.6205 0.5781
vt 0.7755 0.6617 0.5426
vt 0.7743 0.5811 0.6191
vt 0.7932 0.5781 0.6147
vt 0.2143 0.5309 0.6587
vt 0.2368 0.4964 0.6987
vt 0.2461 0.5093 0.7004
vt 0.2245 0.5426 0.6617
vt 0.2671 0.4652 0.7349
vt 0.2754 0.4792 0.7353
vt 0.7101 0.7282 0.4924
vt 0.7375 0.6955 0.5205
vt 0.7539 0.7004 0.5093
vt 0.7246 0.7353 0.4792
vt 0.3046 0.4383 0.7661
vt 0.3115 0.4532 0.7654
vt 0.3480 0.4164 0.7915
vt 0.3534 0.4321 0.7899
vt 0.3628 0.4484 0.7792
vt 0.3237 0.4681 0.7564
vt 0.6763 0.7564 0.4681
vt 0.6885 0.7654 0.4532
vt 0.3960 0.4004 0.8102
vt 0.3997 0.4166 0.8079
vt 0.4472 0.3905 0.8216
vt 0.4491 0.4071 0.8189
vt 0.4524 0.4249 0.8064
vt 0.4062 0.4338 0.7961
vt 0.5000 0.3872 0.8255
vt 0.5000 0.4039 0.8226
vt 0.5528 0.3905 0.8216
vt 0.5509 0.4071 0.8189
vt 0.5476 0.4249 0.8064
vt 0.5000 0.4220 0.8099
vt 0.6040 0.4004 0.8102
vt 0.6003 0.4166 0.8079
vt 0.6520 0.4164 0.7915
vt 0.6466 0.4321 0.7899
vt 0.6372 0.4484 0.7792
vt 0.5938 0.4338 0.7961
vt 0.6954 0.4383 0.7661
vt 0.6885 0.4532 0.7654
vt 0.7329 0.4652 0.7349
vt 0.7246 0.4792 0.7353
vt 0.2899 0.7282 0.4924
vt 0.3237 0.7564 0.4681
vt 0.3115 0.7654 0.4532
vt 0.2754 0.7353 0.4792
vt 0.6763 0.4681 0.7564
vt 0.7632 0.4964 0.6987
vt 0.7539 0.5093 0.7004
vt 0.7857 0.5309 0.6587
vt 0.7755 0.5426 0.6617
vt 0.2422 0.6594 0.5517
vt 0.2625 0.6955 0.5205
vt 0.2461 0.7004 0.5093
vt 0.2245 0.6617 0.5426
vt 0.3795 0.5781 0.2113
vt 0.3383 0.5426 0.2245
vt 0.4219 0.6147 0.2068
vt 0.2257 0.5811 0.6191
vt 0.2299 0.6208 0.5849
vt 0.2113 0.6205 0.5781
vt 0.2068 0.5781 0.6147
vt 0.1960 0.5719 0.6057
vt 0.2007 0.5279 0.6436
vt 0.2113 0.5356 0.6513
vt 0.2143 0.4852 0.6804
vt 0.2245 0.4944 0.6868
vt 0.2422 0.5028 0.6866
vt 0.2299 0.5414 0.6534
vt 0.2368 0.4452 0.7149
vt 0.2461 0.4558 0.7201
vt 0.2671 0.4089 0.7461
vt 0.2754 0.4209 0.7502
vt 0.2899 0.4340 0.7459
vt 0.2625 0.4667 0.7177
vt 0.3046 0.3777 0.7731
vt 0.3115 0.3907 0.7762
vt 0.3480 0.3523 0.7949
vt 0.3534 0.3663 0.7972
vt 0.3628 0.3830 0.7899
vt 0.3237 0.4058 0.7702
vt 0.3960 0.3337 0.8110
vt 0.3997 0.3483 0.8128
vt 0.4472 0.3222 0.8209
vt 0.4491 0.3372 0.8223
vt 0.4524 0.3558 0.8133
vt 0.4062 0.3661 0.8044
vt 0.5000 0.3184 0.8242
vt 0.5000 0.3335 0.8255
vt 0.5528 0.3222 0.8209
vt 0.5509 0.3372 0.8223
vt 0.5476 0.3558 0.8133
vt 0.5000 0.3523 0.8163
vt 0.6040 0.3337 0.8110
vt 0.6003 0.3483 0.8128
vt 0.6520 0.3523 0.7949
vt 0.6466 0.3663 0.7972
vt 0.6372 0.3830 0.7899
vt 0.5938 0.3661 0.8044
vt 0.6954 0.3777 0.7731
vt 0.6885 0.3907 0.7762
vt 0.7329 0.4089 0.7461
vt 0.7246 0.4209 0.7502
vt 0.7101 0.4340 0.7459
vt 0.6763 0.4058 0.7702
vt 0.7632 0.4452 0.7149
vt 0.7539 0.4558 0.7201
vt 0.7857 0.4852 0.6804
vt 0.7755 0.4944 0.6868
vt 0.7578 0.5028 0.6866
vt 0.7375 0.4667 0.7177
vt 0.7993 0.5279 0.6436
vt 0.7887 0.5356 0.6513
vt 0.8040 0.5719 0.6057
vt 0.7701 0.5414 0.6534
vt 0.7492 0.6146 0.5828
vt 0.7531 0.5779 0.6144
vt 0.7378 0.6501 0.5522
vt 0.7195 0.6338 0.5413
vt 0.7300 0.6010 0.5696
vt 0.7336 0.5672 0.5987
vt 0.7192 0.6834 0.5235
vt 0.6939 0.7136 0.4975
vt 0.6789 0.6924 0.4908
vt 0.7023 0.6646 0.5148
vt 0.6627 0.7396 0.4751
vt 0.6372 0.7792 0.4484
vt 0.6266 0.7607 0.4568
vt 0.6168 0.7359 0.4533
vt 0.6501 0.7164 0.4701
vt 0.5938 0.7961 0.4338
vt 0.5866 0.7763 0.4435
vt 0.5476 0.8064 0.4249
vt 0.5440 0.7858 0.4352
vt 0.5406 0.7591 0.4334
vt 0.5799 0.7503 0.4410
vt 0.5000 0.8099 0.4220
vt 0.5000 0.7890 0.4325
vt 0.4524 0.8064 0.4249
vt 0.4560 0.7858 0.4352
vt 0.4594 0.7591 0.4334
vt 0.5000 0.7620 0.4308
vt 0.4062 0.7961 0.4338
vt 0.4134 0.7763 0.4435
vt 0.3628 0.7792 0.4484
vt 0.3734 0.7607 0.4568
vt 0.3832 0.7359 0.4533
vt 0.4201 0.7503 0.4410
vt 0.3373 0.7396 0.4751
vt 0.3061 0.7136 0.4975
vt 0.3211 0.6924 0.4908
vt 0.3499 0.7164 0.4701
vt 0.2808 0.6834 0.5235
vt 0.2622 0.6501 0.5522
vt 0.2805 0.6338 0.5413
vt 0.2977 0.6646 0.5148
vt 0.2508 0.6146 0.5828
vt 0.2469 0.5779 0.6144
vt 0.2664 0.5672 0.5987
vt 0.2700 0.6010 0.5696
vt 0.2508 0.5412 0.6460
vt 0.2622 0.5057 0.6767
vt 0.5006 0.6562 0.2805
vt 0.5334 0.6279 0.2700
vt 0.5412 0.6460 0.2508
vt 0.5057 0.6767 0.2622
vt 0.2700 0.5334 0.6279
vt 0.2808 0.4723 0.7054
vt 0.3061 0.4422 0.7314
vt 0.6789 0.7067 0.4420
vt 0.7023 0.6827 0.4698
vt 0.7192 0.7054 0.4723
vt 0.6939 0.7314 0.4422
vt 0.7195 0.6562 0.5006
vt 0.7378 0.6767 0.5057
vt 0.3373 0.4162 0.7538
vt 0.6763 0.7702 0.4058
vt 0.6372 0.7899 0.3830
vt 0.6266 0.7720 0.3951
vt 0.6627 0.7538 0.4162
vt 0.6168 0.7442 0.3985
vt 0.6501 0.7274 0.4180
vt 0.5938 0.8044 0.3661
vt 0.5866 0.7854 0.3795
vt 0.5476 0.8133 0.3558
vt 0.5440 0.7936 0.3700
vt 0.5406 0.7641 0.3753
vt 0.5799 0.7565 0.3841
vt 0.5000 0.8163 0.3523
vt 0.5000 0.7964 0.3668
vt 0.4524 0.8133 0.3558
vt 0.4560 0.7936 0.3700
vt 0.4594 0.7641 0.3753
vt 0.5000 0.7667 0.3724
vt 0.4062 0.8044 0.3661
vt 0.4134 0.7854 0.3795
vt 0.3628 0.7899 0.3830
vt 0.3734 0.7720 0.3951
vt 0.3832 0.7442 0.3985
vt 0.4201 0.7565 0.3841
vt 0.3237 0.7702 0.4058
vt 0.3373 0.7538 0.4162
vt 0.6939 0.4422 0.7314
vt 0.6627 0.4162 0.7538
vt 0.3211 0.7067 0.4420
vt 0.3499 0.7274 0.4180
vt 0.3061 0.7314 0.4422
vt 0.7192 0.4723 0.7054
vt 0.7378 0.5057 0.6767
vt 0.2805 0.6562 0.5006
vt 0.2977 0.6827 0.4698
vt 0.2808 0.7054 0.4723
vt 0.2622 0.6767 0.5057
vt 0.7492 0.5412 0.6460
vt 0.7300 0.5334 0.6279
vt 0.4666 0.6279 0.7300
vt 0.4994 0.6562 0.7195
vt 0.4943 0.6767 0.7378
vt 0.4588 0.6460 0.7492
vt 0.4328 0.5987 0.7336
vt 0.3990 0.5696 0.7300
vt 0.4204 0.5428 0.7164
vt 0.4523 0.5702 0.7197
vt 0.3662 0.5413 0.7195
vt 0.3896 0.5162 0.7065
vt 0.4138 0.4878 0.6963
vt 0.4431 0.5131 0.7057
vt 0.4734 0.5392 0.7089
vt 0.3354 0.5148 0.7023
vt 0.3606 0.4912 0.6903
vt 0.6683 0.6655 0.4687
vt 0.6903 0.6394 0.4912
vt 0.3614 0.4427 0.6601
vt 0.3863 0.4641 0.6809
vt 0.3345 0.4687 0.6683
vt 0.6412 0.6881 0.4492
vt 0.6099 0.7064 0.4334
vt 0.6045 0.6775 0.4091
vt 0.6343 0.6601 0.4242
vt 0.6601 0.6386 0.4427
vt 0.5751 0.7199 0.4218
vt 0.5382 0.7282 0.4146
vt 0.5363 0.6982 0.3913
vt 0.5715 0.6903 0.3981
vt 0.5000 0.7310 0.4123
vt 0.4618 0.7282 0.4146
vt 0.4637 0.6982 0.3913
vt 0.5000 0.7009 0.3890
vt 0.4249 0.7199 0.4218
vt 0.3901 0.7064 0.4334
vt 0.3955 0.6775 0.4091
vt 0.4285 0.6903 0.3981
vt 0.3588 0.6881 0.4492
vt 0.3317 0.6655 0.4687
vt 0.3399 0.6386 0.4427
vt 0.3657 0.6601 0.4242
vt 0.3097 0.6394 0.4912
vt 0.6646 0.5148 0.2977
vt 0.6338 0.5413 0.2805
vt 0.6104 0.5162 0.2935
vt 0.6394 0.4912 0.3097
vt 0.5862 0.4878 0.3037
vt 0.6137 0.4641 0.3191
vt 0.6386 0.4427 0.3399
vt 0.6655 0.4687 0.3317
vt 0.6010 0.5696 0.2700
vt 0.5796 0.5428 0.2836
vt 0.5672 0.5987 0.2664
vt 0.5477 0.5702 0.2803
vt 0.5266 0.5392 0.2911
vt 0.5569 0.5131 0.2943
vt 0.5159 0.5976 0.2836
vt 0.4850 0.6242 0.2935
vt 0.4670 0.5906 0.3037
vt 0.4963 0.5653 0.2943
vt 0.4698 0.6827 0.2977
vt 0.4561 0.6492 0.3097
vt 0.4420 0.7067 0.3211
vt 0.4299 0.6717 0.3317
vt 0.4146 0.6358 0.3399
vt 0.4395 0.6143 0.3191
vt 0.6412 0.6912 0.4074
vt 0.6683 0.6717 0.4299
vt 0.6099 0.7070 0.3890
vt 0.6045 0.6693 0.3757
vt 0.6343 0.6543 0.3931
vt 0.6601 0.6358 0.4146
vt 0.5751 0.7186 0.3755
vt 0.5382 0.7257 0.3672
vt 0.5363 0.6871 0.3550
vt 0.5715 0.6803 0.3628
vt 0.5000 0.7281 0.3645
vt 0.4618 0.7257 0.3672
vt 0.4637 0.6871 0.3550
vt 0.5000 0.6894 0.3523
vt 0.4249 0.7186 0.3755
vt 0.3901 0.7070 0.3890
vt 0.3955 0.6693 0.3757
vt 0.4285 0.6803 0.3628
vt 0.3588 0.6912 0.4074
vt 0.3317 0.6717 0.4299
vt 0.3399 0.6358 0.4146
vt 0.3657 0.6543 0.3931
vt 0.5580 0.7067 0.6789
vt 0.5302 0.6827 0.7023
vt 0.5439 0.6492 0.6903
vt 0.5701 0.6717 0.6683
vt 0.5150 0.6242 0.7065
vt 0.5330 0.5906 0.6963
vt 0.5605 0.6143 0.6809
vt 0.5854 0.6358 0.6601
vt 0.4841 0.5976 0.7164
vt 0.5037 0.5653 0.7057
vt 0.4324 0.4674 0.6867
vt 0.4603 0.4914 0.6957
vt 0.6867 0.5676 0.4674
vt 0.6696 0.5486 0.4537
vt 0.6777 0.5232 0.4756
vt 0.6957 0.5397 0.4914
vt 0.5029 0.4981 0.6805
vt 0.4891 0.5162 0.6987
vt 0.4768 0.4756 0.6777
vt 0.3825 0.4244 0.6522
vt 0.4062 0.4448 0.6721
vt 0.6522 0.6175 0.4244
vt 0.6383 0.5938 0.4147
vt 0.6563 0.5723 0.4333
vt 0.6721 0.5938 0.4448
vt 0.5994 0.6545 0.3925
vt 0.6277 0.6379 0.4068
vt 0.5903 0.6275 0.3857
vt 0.6160 0.6124 0.3987
vt 0.5345 0.6741 0.3755
vt 0.5680 0.6667 0.3820
vt 0.5313 0.6453 0.3703
vt 0.5617 0.6385 0.3762
vt 0.4655 0.6741 0.3755
vt 0.5000 0.6766 0.3734
vt 0.4687 0.6453 0.3703
vt 0.5000 0.6476 0.3684
vt 0.4006 0.6545 0.3925
vt 0.4320 0.6667 0.3820
vt 0.4097 0.6275 0.3857
vt 0.4383 0.6385 0.3762
vt 0.3478 0.6175 0.4244
vt 0.3723 0.6379 0.4068
vt 0.3617 0.5938 0.4147
vt 0.3840 0.6124 0.3987
vt 0.5676 0.4674 0.3133
vt 0.5938 0.4448 0.3279
vt 0.3133 0.5676 0.4674
vt 0.3304 0.5486 0.4537
vt 0.3437 0.5723 0.4333
vt 0.3279 0.5938 0.4448
vt 0.6175 0.4244 0.3478
vt 0.5109 0.5162 0.3013
vt 0.5397 0.4914 0.3043
vt 0.4971 0.4981 0.3195
vt 0.5232 0.4756 0.3223
vt 0.3043 0.5397 0.4914
vt 0.3223 0.5232 0.4756
vt 0.4542 0.5651 0.3133
vt 0.4821 0.5410 0.3043
vt 0.4456 0.5425 0.3304
vt 0.4709 0.5207 0.3223
vt 0.4044 0.6080 0.3478
vt 0.4280 0.5876 0.3279
vt 0.6522 0.6080 0.4044
vt 0.6383 0.5815 0.4003
vt 0.6563 0.5630 0.4218
vt 0.6721 0.5876 0.4280
vt 0.6696 0.5425 0.4456
vt 0.6867 0.5651 0.4542
vt 0.5994 0.6399 0.3674
vt 0.6277 0.6256 0.3839
vt 0.5903 0.6105 0.3667
vt 0.6160 0.5975 0.3817
vt 0.5345 0.6569 0.3477
vt 0.5680 0.6504 0.3552
vt 0.5313 0.6259 0.3488
vt 0.5617 0.6200 0.3556
vt 0.4655 0.6569 0.3477
vt 0.5000 0.6591 0.3452
vt 0.4687 0.6259 0.3488
vt 0.5000 0.6279 0.3465
vt 0.4006 0.6399 0.3674
vt 0.4320 0.6504 0.3552
vt 0.4097 0.6105 0.3667
vt 0.4383 0.6200 0.3556
vt 0.3478 0.6080 0.4044
vt 0.3723 0.6256 0.3839
vt 0.3617 0.5815 0.4003
vt 0.3840 0.5975 0.3817
vt 0.5458 0.5651 0.6867
vt 0.5720 0.5876 0.6721
vt 0.3133 0.5651 0.4542
vt 0.3304 0.5425 0.4456
vt 0.3437 0.5630 0.4218
vt 0.3279 0.5876 0.4280
vt 0.5956 0.6080 0.6522
vt 0.5179 0.5410 0.6957
vt 0.5291 0.5207 0.6777
vt 0.5544 0.5425 0.6696
vt 0.6369 0.5230 0.4461
vt 0.6435 0.5026 0.4637
vt 0.6031 0.5036 0.4464
vt 0.5864 0.4818 0.4594
vt 0.6097 0.4723 0.4734
vt 0.6457 0.4815 0.4819
vt 0.6805 0.4971 0.4981
vt 0.6116 0.5596 0.4145
vt 0.6262 0.5422 0.4295
vt 0.5840 0.5311 0.4227
vt 0.5760 0.5057 0.4388
vt 0.5729 0.5867 0.3912
vt 0.5937 0.5746 0.4016
vt 0.5548 0.5515 0.4051
vt 0.5564 0.5252 0.4221
vt 0.5253 0.6012 0.3787
vt 0.5498 0.5957 0.3835
vt 0.5190 0.5624 0.3957
vt 0.5300 0.5379 0.4111
vt 0.4747 0.6012 0.3787
vt 0.5000 0.6030 0.3771
vt 0.4810 0.5624 0.3957
vt 0.5000 0.5423 0.4073
vt 0.4271 0.5867 0.3912
vt 0.4502 0.5957 0.3835
vt 0.4452 0.5515 0.4051
vt 0.4700 0.5379 0.4111
vt 0.3884 0.5596 0.4145
vt 0.4063 0.5746 0.4016
vt 0.4160 0.5311 0.4227
vt 0.4436 0.5252 0.4221
vt 0.3631 0.5230 0.4461
vt 0.3738 0.5422 0.4295
vt 0.3969 0.5036 0.4464
vt 0.4240 0.5057 0.4388
vt 0.3195 0.4971 0.4981
vt 0.3543 0.4815 0.4819
vt 0.3565 0.5026 0.4637
vt 0.3903 0.4723 0.4734
vt 0.4136 0.4818 0.4594
vt 0.3304 0.4456 0.5425
vt 0.3631 0.4399 0.5177
vt 0.3565 0.4604 0.5001
vt 0.3223 0.4709 0.5207
vt 0.3969 0.4410 0.5003
vt 0.4136 0.4564 0.4813
vt 0.6116 0.5492 0.4033
vt 0.6262 0.5343 0.4207
vt 0.3884 0.4033 0.5492
vt 0.4160 0.4135 0.5241
vt 0.4240 0.4325 0.5019
vt 0.3738 0.4207 0.5343
vt 0.6031 0.5003 0.4410
vt 0.6374 0.5159 0.4380
vt 0.5760 0.5019 0.4325
vt 0.6369 0.5177 0.4399
vt 0.5729 0.5726 0.3762
vt 0.5937 0.5621 0.3884
vt 0.5546 0.5430 0.3945
vt 0.5564 0.5187 0.4130
vt 0.5840 0.5241 0.4135
vt 0.5253 0.5850 0.3618
vt 0.5498 0.5803 0.3672
vt 0.5190 0.5510 0.3822
vt 0.5300 0.5297 0.4003
vt 0.5548 0.5417 0.3931
vt 0.4747 0.5850 0.3618
vt 0.5000 0.5866 0.3599
vt 0.4810 0.5510 0.3822
vt 0.5000 0.5335 0.3959
vt 0.4271 0.5726 0.3762
vt 0.4502 0.5803 0.3672
vt 0.4452 0.5417 0.3931
vt 0.4700 0.5297 0.4003
vt 0.3884 0.5492 0.4033
vt 0.4063 0.5621 0.3884
vt 0.6116 0.4033 0.5492
vt 0.5837 0.4149 0.5254
vt 0.5564 0.4130 0.5187
vt 0.5937 0.3884 0.5621
vt 0.5548 0.3931 0.5417
vt 0.5734 0.3744 0.5707
vt 0.3631 0.5177 0.4399
vt 0.3738 0.5343 0.4207
vt 0.6369 0.4399 0.5177
vt 0.6027 0.4422 0.5018
vt 0.5760 0.4325 0.5019
vt 0.6262 0.4207 0.5343
vt 0.5840 0.4135 0.5241
vt 0.6435 0.4604 0.5001
vt 0.6777 0.4709 0.5207
vt 0.6093 0.4734 0.4749
vt 0.5864 0.4564 0.4813
vt 0.6031 0.4410 0.5003
vt 0.6696 0.4456 0.5425
vt 0.5000 0.4650 0.4666
vt 0.4436 0.4130 0.5187
vt 0.4452 0.3931 0.5417
vt 0.4700 0.4003 0.5297
vt 0.4810 0.3822 0.5510
vt 0.5000 0.3959 0.5335
vt 0.5190 0.3822 0.5510
vt 0.5300 0.4003 0.5297
vt 0.5491 0.2205 0.7818
vt 0.5997 0.2205 0.7689
vt 0.4969 0.2205 0.7862
vt 0.5002 0.2083 0.7862
vt 0.5524 0.2083 0.7818
vt 0.6030 0.2083 0.7689
vt 0.6472 0.2205 0.7478
vt 0.6902 0.2205 0.7192
vt 0.6505 0.2083 0.7478
vt 0.6935 0.2083 0.7192
vt 0.3161 0.2205 0.7272
vt 0.3569 0.2205 0.7573
vt 0.2808 0.2205 0.6902
vt 0.2808 0.2083 0.6935
vt 0.3161 0.2083 0.7306
vt 0.3569 0.2083 0.7607
vt 0.4021 0.2205 0.7795
vt 0.4503 0.2205 0.7931
vt 0.4021 0.2083 0.7828
vt 0.4503 0.2083 0.7964
vt 0.5000 0.2205 0.7976
vt 0.5497 0.2205 0.7931
vt 0.5000 0.2083 0.8009
vt 0.5497 0.2083 0.7964
vt 0.5979 0.2205 0.7795
vt 0.6431 0.2205 0.7573
vt 0.5979 0.2083 0.7828
vt 0.6431 0.2083 0.7607
vt 0.6839 0.2205 0.7272
vt 0.7192 0.2205 0.6902
vt 0.6839 0.2083 0.7306
vt 0.7192 0.2083 0.6935
vt 0.3528 0.2205 0.2522
vt 0.4003 0.2205 0.2311
vt 0.3098 0.2205 0.2808
vt 0.3065 0.2083 0.2808
vt 0.3495 0.2083 0.2522
vt 0.3970 0.2083 0.2311
vt 0.4509 0.2205 0.2182
vt 0.5031 0.2205 0.2138
vt 0.4476 0.2083 0.2182
vt 0.4998 0.2083 0.2138
vt 0.5554 0.2205 0.2182
vt 0.6060 0.2205 0.2311
vt 0.5521 0.2083 0.2182
vt 0.6027 0.2083 0.2311
vt 0.6535 0.2205 0.2522
vt 0.6965 0.2205 0.2808
vt 0.6502 0.2083 0.2522
vt 0.6932 0.2083 0.2808
vt 0.3161 0.2205 0.2665
vt 0.3569 0.2205 0.2364
vt 0.2808 0.2205 0.3035
vt 0.2808 0.2083 0.3068
vt 0.3161 0.2083 0.2698
vt 0.3569 0.2083 0.2397
vt 0.4021 0.2205 0.2143
vt 0.4503 0.2205 0.2007
vt 0.4021 0.2083 0.2175
vt 0.4503 0.2083 0.2039
vt 0.5000 0.2205 0.1961
vt 0.5497 0.2205 0.2007
vt 0.5000 0.2083 0.1994
vt 0.5497 0.2083 0.2039
vt 0.5979 0.2205 0.2143
vt 0.6431 0.2205 0.2364
vt 0.5979 0.2083 0.2175
vt 0.6431 0.2083 0.2397
vt 0.6839 0.2205 0.2665
vt 0.7192 0.2205 0.3035
vt 0.6839 0.2083 0.2698
vt 0.7192 0.2083 0.3068
vt 0.3465 0.2205 0.7478
vt 0.3940 0.2205 0.7689
vt 0.3035 0.2205 0.7192
vt 0.3068 0.2083 0.7192
vt 0.3498 0.2083 0.7478
vt 0.3973 0.2083 0.7689
vt 0.4446 0.2205 0.7818
vt 0.4479 0.2083 0.7818
vt 0.5535 0.2014 0.7818
vt 0.6041 0.2014 0.7689
vt 0.5013 0.2014 0.7862
vt 0.5013 0.1970 0.7878
vt 0.5538 0.1970 0.7834
vt 0.6047 0.1970 0.7705
vt 0.6516 0.2014 0.7478
vt 0.6946 0.2014 0.7192
vt 0.6525 0.1970 0.7493
vt 0.6957 0.1970 0.7205
vt 0.3161 0.2014 0.7316
vt 0.3569 0.2014 0.7617
vt 0.2808 0.2014 0.6946
vt 0.2795 0.1970 0.6957
vt 0.3150 0.1970 0.7330
vt 0.3561 0.1970 0.7633
vt 0.4021 0.2014 0.7839
vt 0.4503 0.2014 0.7975
vt 0.4016 0.1970 0.7855
vt 0.4500 0.1970 0.7992
vt 0.5000 0.2014 0.8020
vt 0.5497 0.2014 0.7975
vt 0.5000 0.1970 0.8038
vt 0.5500 0.1970 0.7992
vt 0.5979 0.2014 0.7839
vt 0.6431 0.2014 0.7617
vt 0.5984 0.1970 0.7855
vt 0.6439 0.1970 0.7633
vt 0.6839 0.2014 0.7316
vt 0.7192 0.2014 0.6946
vt 0.6850 0.1970 0.7330
vt 0.7205 0.1970 0.6957
vt 0.3484 0.2014 0.2522
vt 0.3959 0.2014 0.2311
vt 0.3054 0.2014 0.2808
vt 0.3043 0.1970 0.2795
vt 0.3475 0.1970 0.2507
vt 0.3953 0.1970 0.2295
vt 0.4465 0.2014 0.2182
vt 0.4987 0.2014 0.2138
vt 0.4462 0.1970 0.2166
vt 0.4987 0.1970 0.2122
vt 0.5510 0.2014 0.2182
vt 0.6016 0.2014 0.2311
vt 0.5513 0.1970 0.2166
vt 0.6022 0.1970 0.2295
vt 0.6491 0.2014 0.2522
vt 0.6921 0.2014 0.2808
vt 0.6500 0.1970 0.2507
vt 0.6932 0.1970 0.2795
vt 0.3161 0.2014 0.2709
vt 0.3569 0.2014 0.2408
vt 0.2808 0.2014 0.3079
vt 0.2795 0.1970 0.3068
vt 0.3150 0.1970 0.2695
vt 0.3561 0.1970 0.2392
vt 0.4021 0.2014 0.2187
vt 0.4503 0.2014 0.2051
vt 0.4016 0.1970 0.2170
vt 0.4500 0.1970 0.2033
vt 0.5000 0.2014 0.2005
vt 0.5497 0.2014 0.2051
vt 0.5000 0.1970 0.1988
vt 0.5500 0.1970 0.2033
vt 0.5979 0.2014 0.2187
vt 0.6431 0.2014 0.2408
vt 0.5984 0.1970 0.2170
vt 0.6439 0.1970 0.2392
vt 0.6839 0.2014 0.2709
vt 0.7192 0.2014 0.3079
vt 0.6850 0.1970 0.2695
vt 0.7205 0.1970 0.3068
vt 0.3509 0.2014 0.7478
vt 0.3984 0.2014 0.7689
vt 0.3079 0.2014 0.7192
vt 0.3068 0.1970 0.7205
vt 0.3500 0.1970 0.7493
vt 0.3978 0.1970 0.7705
vt 0.4490 0.2014 0.7818
vt 0.4487 0.1970 0.7834
vt 0.5911 0.3654 0.8039
vt 0.5933 0.3864 0.8058
vt 0.5424 0.4085 0.8205
vt 0.5396 0.3845 0.8185
vt 0.5963 0.4034 0.8057
vt 0.5461 0.4279 0.8204
vt 0.4943 0.4531 0.8253
vt 0.4899 0.4313 0.8255
vt 0.4865 0.4041 0.8234
vt 0.6830 0.3314 0.7478
vt 0.6843 0.3469 0.7493
vt 0.6411 0.3657 0.7818
vt 0.6394 0.3476 0.7801
vt 0.6859 0.3597 0.7492
vt 0.6433 0.3805 0.7817
vt 0.3383 0.3062 0.7513
vt 0.3373 0.3177 0.7518
vt 0.2908 0.3308 0.7215
vt 0.2921 0.3175 0.7207
vt 0.3373 0.3273 0.7525
vt 0.2909 0.3418 0.7226
vt 0.2508 0.3597 0.6859
vt 0.2507 0.3469 0.6843
vt 0.2522 0.3314 0.6830
vt 0.4438 0.2927 0.7876
vt 0.4435 0.3021 0.7877
vt 0.3887 0.3080 0.7741
vt 0.3894 0.2979 0.7738
vt 0.4435 0.3100 0.7879
vt 0.3887 0.3166 0.7744
vt 0.5562 0.2927 0.7876
vt 0.5565 0.3021 0.7877
vt 0.5000 0.3001 0.7923
vt 0.5000 0.2910 0.7922
vt 0.5565 0.3100 0.7879
vt 0.5000 0.3078 0.7924
vt 0.6617 0.3062 0.7513
vt 0.6627 0.3177 0.7518
vt 0.6113 0.3080 0.7741
vt 0.6106 0.2979 0.7738
vt 0.6627 0.3273 0.7525
vt 0.6113 0.3166 0.7744
vt 0.7478 0.3314 0.6830
vt 0.7493 0.3469 0.6843
vt 0.7092 0.3308 0.7215
vt 0.7079 0.3175 0.7207
vt 0.7492 0.3597 0.6859
vt 0.7091 0.3418 0.7226
vt 0.4089 0.3654 0.1961
vt 0.4067 0.3864 0.1942
vt 0.3589 0.3657 0.2182
vt 0.3606 0.3476 0.2199
vt 0.4037 0.4034 0.1943
vt 0.3567 0.3805 0.2183
vt 0.3141 0.3597 0.2508
vt 0.3157 0.3469 0.2507
vt 0.3170 0.3314 0.2522
vt 0.5135 0.4041 0.1766
vt 0.5101 0.4313 0.1745
vt 0.4576 0.4085 0.1795
vt 0.4604 0.3845 0.1815
vt 0.5057 0.4531 0.1747
vt 0.4539 0.4279 0.1796
vt 0.6181 0.4428 0.1961
vt 0.6136 0.4762 0.1942
vt 0.5626 0.4541 0.1795
vt 0.5666 0.4237 0.1815
vt 0.6076 0.5028 0.1943
vt 0.5574 0.4783 0.1796
vt 0.7101 0.4768 0.2522
vt 0.7046 0.5157 0.2507
vt 0.6613 0.4969 0.2182
vt 0.6664 0.4606 0.2199
vt 0.6973 0.5465 0.2508
vt 0.6547 0.5257 0.2183
vt 0.3383 0.5020 0.2216
vt 0.3373 0.5450 0.2279
vt 0.2908 0.5318 0.2582
vt 0.2921 0.4907 0.2522
vt 0.3373 0.5789 0.2361
vt 0.2909 0.5643 0.2660
vt 0.2508 0.5465 0.3027
vt 0.2507 0.5157 0.2954
vt 0.2522 0.4768 0.2899
vt 0.4438 0.5155 0.1853
vt 0.4435 0.5606 0.1920
vt 0.3887 0.5546 0.2057
vt 0.3894 0.5103 0.1991
vt 0.4435 0.5961 0.2007
vt 0.3887 0.5896 0.2142
vt 0.5562 0.5155 0.1853
vt 0.5565 0.5606 0.1920
vt 0.5000 0.5625 0.1874
vt 0.5000 0.5172 0.1807
vt 0.5565 0.5961 0.2007
vt 0.5000 0.5983 0.1962
vt 0.6617 0.5020 0.2216
vt 0.6627 0.5450 0.2279
vt 0.6113 0.5546 0.2057
vt 0.6106 0.5103 0.1991
vt 0.6627 0.5789 0.2361
vt 0.6113 0.5896 0.2142
vt 0.7478 0.4768 0.2899
vt 0.7493 0.5157 0.2954
vt 0.7092 0.5318 0.2582
vt 0.7079 0.4907 0.2522
vt 0.7492 0.5465 0.3027
vt 0.7091 0.5643 0.2660
vt 0.3819 0.4428 0.8039
vt 0.3864 0.4762 0.8058
vt 0.3387 0.4969 0.7818
vt 0.3336 0.4606 0.7801
vt 0.3924 0.5028 0.8057
vt 0.3453 0.5257 0.7817
vt 0.3027 0.5465 0.7492
vt 0.2954 0.5157 0.7493
vt 0.2899 0.4768 0.7478
vt 0.4374 0.4541 0.8205
vt 0.4334 0.4237 0.8185
vt 0.4426 0.4783 0.8204
vt 0.6073 0.4425 0.7985
vt 0.6201 0.4729 0.7864
vt 0.5758 0.5046 0.8000
vt 0.5598 0.4715 0.8128
vt 0.6322 0.4999 0.7741
vt 0.5909 0.5338 0.7870
vt 0.5483 0.5687 0.7914
vt 0.5302 0.5374 0.8046
vt 0.5109 0.5014 0.8176
vt 0.6921 0.3907 0.7434
vt 0.6993 0.4161 0.7337
vt 0.6617 0.4431 0.7640
vt 0.6518 0.4153 0.7751
vt 0.7066 0.4393 0.7243
vt 0.6709 0.4680 0.7527
vt 0.3411 0.3522 0.7550
vt 0.3473 0.3739 0.7581
vt 0.3039 0.3928 0.7318
vt 0.2958 0.3695 0.7268
vt 0.3538 0.3940 0.7609
vt 0.3122 0.4143 0.7363
vt 0.2763 0.4392 0.7060
vt 0.2663 0.4161 0.6993
vt 0.2566 0.3907 0.6921
vt 0.4448 0.3318 0.7885
vt 0.4469 0.3514 0.7895
vt 0.3955 0.3599 0.7776
vt 0.3913 0.3396 0.7758
vt 0.4491 0.3699 0.7902
vt 0.3999 0.3791 0.7790
vt 0.5552 0.3318 0.7885
vt 0.5531 0.3514 0.7895
vt 0.5000 0.3485 0.7935
vt 0.5000 0.3292 0.7928
vt 0.5509 0.3699 0.7902
vt 0.5000 0.3669 0.7939
vt 0.6589 0.3522 0.7550
vt 0.6527 0.3739 0.7581
vt 0.6045 0.3599 0.7776
vt 0.6087 0.3396 0.7758
vt 0.6462 0.3940 0.7609
vt 0.6001 0.3791 0.7790
vt 0.7434 0.3907 0.6921
vt 0.7337 0.4161 0.6993
vt 0.6961 0.3928 0.7318
vt 0.7042 0.3695 0.7268
vt 0.7237 0.4392 0.7060
vt 0.6878 0.4143 0.7363
vt 0.3927 0.4425 0.2015
vt 0.3799 0.4729 0.2136
vt 0.3383 0.4431 0.2360
vt 0.3482 0.4153 0.2249
vt 0.3678 0.4999 0.2259
vt 0.3291 0.4680 0.2473
vt 0.7640 0.4431 0.6617
vt 0.7527 0.4680 0.6709
vt 0.3007 0.4161 0.2663
vt 0.3079 0.3907 0.2566
vt 0.4891 0.5014 0.1824
vt 0.4698 0.5374 0.1954
vt 0.4242 0.5046 0.2000
vt 0.4402 0.4715 0.1872
vt 0.4517 0.5687 0.2086
vt 0.4091 0.5338 0.2130
vt 0.5855 0.5602 0.2016
vt 0.5597 0.6018 0.2139
vt 0.5154 0.5701 0.2002
vt 0.5380 0.5312 0.1873
vt 0.5354 0.6376 0.2264
vt 0.4942 0.6037 0.2132
vt 0.6702 0.6120 0.2567
vt 0.6387 0.6585 0.2669
vt 0.6012 0.6315 0.2364
vt 0.6300 0.5874 0.2250
vt 0.6090 0.6981 0.2770
vt 0.5740 0.6693 0.2479
vt 0.3412 0.2669 0.6504
vt 0.3479 0.3027 0.7005
vt 0.3044 0.3290 0.6817
vt 0.2959 0.2951 0.6332
vt 0.3545 0.3364 0.7430
vt 0.3130 0.3609 0.7228
vt 0.6383 0.6578 0.2675
vt 0.6710 0.6817 0.3044
vt 0.6391 0.7228 0.3130
vt 0.7049 0.6332 0.2959
vt 0.4449 0.6709 0.2334
vt 0.4472 0.7229 0.2715
vt 0.3959 0.7144 0.2834
vt 0.3914 0.6631 0.2462
vt 0.4472 0.2715 0.7229
vt 0.4495 0.3074 0.7669
vt 0.4005 0.3184 0.7578
vt 0.3959 0.2834 0.7144
vt 0.3914 0.2462 0.6631
vt 0.3962 0.2838 0.7140
vt 0.5551 0.6709 0.2334
vt 0.5528 0.7229 0.2715
vt 0.5000 0.7257 0.2675
vt 0.5000 0.6734 0.2292
vt 0.5528 0.2715 0.7229
vt 0.5505 0.3074 0.7669
vt 0.5000 0.3037 0.7699
vt 0.5000 0.2675 0.7257
vt 0.6588 0.6504 0.2669
vt 0.6524 0.7009 0.3023
vt 0.6041 0.7144 0.2834
vt 0.6086 0.6631 0.2462
vt 0.6521 0.3027 0.7005
vt 0.6455 0.3364 0.7430
vt 0.5995 0.3184 0.7578
vt 0.6041 0.2834 0.7144
vt 0.3298 0.6120 0.7433
vt 0.3613 0.6585 0.7331
vt 0.3290 0.6817 0.6956
vt 0.2951 0.6332 0.7041
vt 0.3910 0.6981 0.7230
vt 0.3609 0.7228 0.6870
vt 0.6956 0.3290 0.6817
vt 0.6870 0.3609 0.7228
vt 0.6588 0.2669 0.6504
vt 0.7041 0.2951 0.6332
vt 0.4145 0.5602 0.7984
vt 0.4403 0.6018 0.7861
vt 0.3988 0.6315 0.7636
vt 0.3700 0.5874 0.7750
vt 0.4646 0.6376 0.7736
vt 0.4260 0.6693 0.7521
vt 0.4846 0.5701 0.7998
vt 0.4620 0.5312 0.8127
vt 0.5058 0.6037 0.7868
vt 0.5893 0.3361 0.7994
vt 0.5373 0.3508 0.8137
vt 0.4838 0.3660 0.8186
vt 0.6820 0.3097 0.7441
vt 0.6380 0.3222 0.7759
vt 0.3407 0.2902 0.7509
vt 0.2952 0.2989 0.7200
vt 0.2559 0.3097 0.6820
vt 0.4447 0.2798 0.7875
vt 0.3910 0.2837 0.7736
vt 0.5553 0.2798 0.7875
vt 0.5000 0.2785 0.7922
vt 0.6593 0.2902 0.7509
vt 0.6090 0.2837 0.7736
vt 0.7441 0.3097 0.6820
vt 0.7048 0.2989 0.7200
vt 0.4107 0.3361 0.2006
vt 0.3620 0.3222 0.2241
vt 0.3180 0.3097 0.2559
vt 0.5162 0.3660 0.1814
vt 0.4627 0.3508 0.1863
vt 0.6217 0.3959 0.2006
vt 0.5698 0.3812 0.1863
vt 0.7145 0.4223 0.2559
vt 0.6704 0.4098 0.2241
vt 0.3407 0.4418 0.2167
vt 0.2952 0.4331 0.2475
vt 0.2559 0.4223 0.2855
vt 0.4447 0.4522 0.1800
vt 0.3910 0.4483 0.1940
vt 0.5553 0.4522 0.1800
vt 0.5000 0.4535 0.1754
vt 0.6593 0.4418 0.2167
vt 0.6090 0.4483 0.1940
vt 0.7441 0.4223 0.2855
vt 0.7048 0.4331 0.2475
vt 0.3783 0.3959 0.7994
vt 0.3296 0.4098 0.7759
vt 0.2855 0.4223 0.7441
vt 0.4302 0.3812 0.8137
vt 0.7705 0.6047 0.1970
vt 0.7834 0.5538 0.1970
vt 0.7885 0.5547 0.1920
vt 0.7754 0.6066 0.1920
vt 0.7878 0.5013 0.1970
vt 0.7930 0.5013 0.1920
vt 0.5013 0.1865 0.7962
vt 0.5553 0.1865 0.7916
vt 0.5547 0.1920 0.7885
vt 0.5013 0.1920 0.7930
vt 0.6077 0.1865 0.7783
vt 0.6066 0.1920 0.7754
vt 0.7205 0.6957 0.1970
vt 0.7493 0.6525 0.1970
vt 0.7537 0.6552 0.1920
vt 0.7245 0.6992 0.1920
vt 0.6569 0.1865 0.7564
vt 0.6552 0.1920 0.7537
vt 0.7013 0.1865 0.7269
vt 0.6992 0.1920 0.7245
vt 0.6439 0.7633 0.1970
vt 0.6850 0.7330 0.1970
vt 0.6883 0.7372 0.1920
vt 0.6465 0.7680 0.1920
vt 0.7269 0.7013 0.1865
vt 0.6903 0.7397 0.1865
vt 0.3097 0.1865 0.7397
vt 0.3519 0.1865 0.7708
vt 0.3535 0.1920 0.7680
vt 0.3117 0.1920 0.7372
vt 0.5500 0.7992 0.1970
vt 0.5984 0.7855 0.1970
vt 0.6002 0.7906 0.1920
vt 0.5509 0.8046 0.1920
vt 0.3987 0.1865 0.7937
vt 0.3998 0.1920 0.7906
vt 0.4486 0.1865 0.8078
vt 0.4491 0.1920 0.8046
vt 0.4500 0.7992 0.1970
vt 0.5000 0.8038 0.1970
vt 0.5000 0.8092 0.1920
vt 0.4491 0.8046 0.1920
vt 0.5000 0.1865 0.8125
vt 0.5000 0.1920 0.8092
vt 0.5514 0.1865 0.8078
vt 0.5509 0.1920 0.8046
vt 0.3561 0.7633 0.1970
vt 0.4016 0.7855 0.1970
vt 0.3998 0.7906 0.1920
vt 0.3535 0.7680 0.1920
vt 0.6013 0.1865 0.7937
vt 0.6002 0.1920 0.7906
vt 0.6481 0.1865 0.7708
vt 0.6465 0.1920 0.7680
vt 0.2795 0.6957 0.1970
vt 0.3150 0.7330 0.1970
vt 0.3117 0.7372 0.1920
vt 0.2755 0.6992 0.1920
vt 0.6903 0.1865 0.7397
vt 0.6883 0.1920 0.7372
vt 0.3097 0.7397 0.1865
vt 0.2731 0.7013 0.1865
vt 0.2295 0.6047 0.1970
vt 0.2507 0.6525 0.1970
vt 0.2463 0.6552 0.1920
vt 0.2246 0.6066 0.1920
vt 0.2987 0.1865 0.2731
vt 0.3431 0.1865 0.2436
vt 0.3448 0.1920 0.2463
vt 0.3008 0.1920 0.2755
vt 0.3923 0.1865 0.2217
vt 0.3934 0.1920 0.2246
vt 0.2122 0.5013 0.1970
vt 0.2166 0.5538 0.1970
vt 0.2115 0.5547 0.1920
vt 0.2070 0.5013 0.1920
vt 0.4447 0.1865 0.2084
vt 0.4453 0.1920 0.2115
vt 0.4987 0.1865 0.2038
vt 0.4987 0.1920 0.2070
vt 0.2295 0.3978 0.1970
vt 0.2166 0.4487 0.1970
vt 0.2115 0.4478 0.1920
vt 0.2246 0.3959 0.1920
vt 0.5528 0.1865 0.2084
vt 0.5522 0.1920 0.2115
vt 0.6052 0.1865 0.2217
vt 0.6041 0.1920 0.2246
vt 0.2795 0.3068 0.1970
vt 0.2507 0.3500 0.1970
vt 0.2463 0.3473 0.1920
vt 0.2755 0.3033 0.1920
vt 0.6544 0.1865 0.2436
vt 0.6527 0.1920 0.2463
vt 0.6988 0.1865 0.2731
vt 0.6967 0.1920 0.2755
vt 0.3561 0.2392 0.1970
vt 0.3150 0.2695 0.1970
vt 0.3117 0.2654 0.1920
vt 0.3535 0.2345 0.1920
vt 0.2731 0.3012 0.1865
vt 0.3097 0.2628 0.1865
vt 0.3097 0.1865 0.2628
vt 0.3519 0.1865 0.2317
vt 0.3535 0.1920 0.2345
vt 0.3117 0.1920 0.2654
vt 0.4500 0.2033 0.1970
vt 0.4016 0.2170 0.1970
vt 0.3998 0.2119 0.1920
vt 0.4491 0.1980 0.1920
vt 0.3987 0.1865 0.2088
vt 0.3998 0.1920 0.2119
vt 0.4486 0.1865 0.1947
vt 0.4491 0.1920 0.1980
vt 0.5500 0.2033 0.1970
vt 0.5000 0.1988 0.1970
vt 0.5000 0.1933 0.1920
vt 0.5509 0.1980 0.1920
vt 0.5000 0.1865 0.1900
vt 0.5000 0.1920 0.1933
vt 0.5514 0.1865 0.1947
vt 0.5509 0.1920 0.1980
vt 0.6439 0.2392 0.1970
vt 0.5984 0.2170 0.1970
vt 0.6002 0.2119 0.1920
vt 0.6465 0.2345 0.1920
vt 0.6013 0.1865 0.2088
vt 0.6002 0.1920 0.2119
vt 0.6481 0.1865 0.2317
vt 0.6465 0.1920 0.2345
vt 0.7205 0.3068 0.1970
vt 0.6850 0.2695 0.1970
vt 0.6883 0.2654 0.1920
vt 0.7245 0.3033 0.1920
vt 0.6903 0.1865 0.2628
vt 0.6883 0.1920 0.2654
vt 0.6903 0.2628 0.1865
vt 0.7269 0.3012 0.1865
vt 0.7705 0.3978 0.1970
vt 0.7493 0.3500 0.1970
vt 0.7537 0.3473 0.1920
vt 0.7754 0.3959 0.1920
vt 0.3012 0.1865 0.7269
vt 0.3456 0.1865 0.7564
vt 0.3473 0.1920 0.7537
vt 0.3033 0.1920 0.7245
vt 0.3948 0.1865 0.7783
vt 0.3959 0.1920 0.7754
vt 0.7834 0.4487 0.1970
vt 0.7885 0.4478 0.1920
vt 0.4472 0.1865 0.7916
vt 0.4478 0.1920 0.7885
vt 0.2217 0.6077 0.1865
vt 0.2084 0.5553 0.1865
vt 0.2128 0.5545 0.1807
vt 0.2259 0.6061 0.1807
vt 0.2038 0.5013 0.1865
vt 0.2083 0.5013 0.1807
vt 0.2463 0.5013 0.1773
vt 0.2886 0.5404 0.1761
vt 0.2616 0.5925 0.1773
vt 0.2436 0.6569 0.1865
vt 0.2474 0.6545 0.1807
vt 0.2765 0.6983 0.1807
vt 0.3141 0.6141 0.1761
vt 0.3056 0.6727 0.1773
vt 0.3519 0.7708 0.1865
vt 0.3125 0.7361 0.1807
vt 0.3541 0.7668 0.1807
vt 0.3620 0.6741 0.1761
vt 0.3731 0.7322 0.1773
vt 0.4486 0.8078 0.1865
vt 0.3987 0.7937 0.1865
vt 0.4002 0.7893 0.1807
vt 0.4493 0.8032 0.1807
vt 0.4266 0.7133 0.1761
vt 0.4559 0.7639 0.1773
vt 0.5514 0.8078 0.1865
vt 0.5000 0.8125 0.1865
vt 0.5000 0.8078 0.1807
vt 0.5507 0.8032 0.1807
vt 0.5000 0.7269 0.1761
vt 0.5441 0.7639 0.1773
vt 0.6481 0.7708 0.1865
vt 0.6013 0.7937 0.1865
vt 0.5998 0.7893 0.1807
vt 0.6459 0.7668 0.1807
vt 0.5734 0.7133 0.1761
vt 0.6269 0.7322 0.1773
vt 0.6875 0.7361 0.1807
vt 0.7235 0.6983 0.1807
vt 0.6380 0.6741 0.1761
vt 0.6944 0.6727 0.1773
vt 0.7783 0.6077 0.1865
vt 0.7564 0.6569 0.1865
vt 0.7526 0.6545 0.1807
vt 0.7741 0.6061 0.1807
vt 0.6859 0.6141 0.1761
vt 0.7384 0.5925 0.1773
vt 0.7962 0.5013 0.1865
vt 0.7916 0.5553 0.1865
vt 0.7872 0.5545 0.1807
vt 0.7917 0.5013 0.1807
vt 0.7114 0.5404 0.1761
vt 0.7537 0.5013 0.1773
vt 0.7783 0.3948 0.1865
vt 0.7916 0.4472 0.1865
vt 0.7872 0.4480 0.1807
vt 0.7741 0.3964 0.1807
vt 0.7114 0.4621 0.1761
vt 0.7384 0.4101 0.1773
vt 0.7564 0.3456 0.1865
vt 0.7526 0.3480 0.1807
vt 0.7235 0.3042 0.1807
vt 0.6859 0.3885 0.1761
vt 0.6944 0.3298 0.1773
vt 0.6481 0.2317 0.1865
vt 0.6875 0.2664 0.1807
vt 0.6459 0.2357 0.1807
vt 0.6380 0.3284 0.1761
vt 0.6269 0.2703 0.1773
vt 0.5514 0.1947 0.1865
vt 0.6013 0.2088 0.1865
vt 0.5998 0.2132 0.1807
vt 0.5507 0.1993 0.1807
vt 0.5734 0.2893 0.1761
vt 0.5441 0.2386 0.1773
vt 0.4486 0.1947 0.1865
vt 0.5000 0.1900 0.1865
vt 0.5000 0.1947 0.1807
vt 0.4493 0.1993 0.1807
vt 0.5000 0.2757 0.1761
vt 0.4559 0.2386 0.1773
vt 0.3519 0.2317 0.1865
vt 0.3987 0.2088 0.1865
vt 0.4002 0.2132 0.1807
vt 0.3541 0.2357 0.1807
vt 0.4266 0.2893 0.1761
vt 0.3731 0.2703 0.1773
vt 0.3125 0.2664 0.1807
vt 0.2765 0.3042 0.1807
vt 0.3620 0.3284 0.1761
vt 0.3056 0.3298 0.1773
vt 0.2217 0.3948 0.1865
vt 0.2436 0.3456 0.1865
vt 0.2474 0.3480 0.1807
vt 0.2259 0.3964 0.1807
vt 0.3141 0.3885 0.1761
vt 0.2616 0.4101 0.1773
vt 0.2084 0.4472 0.1865
vt 0.2128 0.4480 0.1807
vt 0.2886 0.4621 0.1761
vt 0.5000 0.5013 0.1745
vt 0.2138 0.5586 0.5861
vt 0.2182 0.6000 0.5503
vt 0.2162 0.5574 0.5842
vt 0.2205 0.5985 0.5487
vt 0.2333 0.6383 0.5144
vt 0.2311 0.6402 0.5157
vt 0.2522 0.6779 0.4831
vt 0.2542 0.6756 0.4821
vt 0.2826 0.7094 0.4530
vt 0.2808 0.7119 0.4537
vt 0.3161 0.7413 0.4284
vt 0.3176 0.7385 0.4278
vt 0.3580 0.7622 0.4074
vt 0.3569 0.7652 0.4078
vt 0.4021 0.7828 0.3927
vt 0.4029 0.7796 0.3924
vt 0.4507 0.7904 0.3831
vt 0.4503 0.7935 0.3834
vt 0.5000 0.7971 0.3803
vt 0.5000 0.7939 0.3801
vt 0.5493 0.7904 0.3831
vt 0.5497 0.7935 0.3834
vt 0.5979 0.7828 0.3927
vt 0.5971 0.7796 0.3924
vt 0.6420 0.7622 0.4074
vt 0.6431 0.7652 0.4078
vt 0.6839 0.7413 0.4284
vt 0.6824 0.7385 0.4278
vt 0.7174 0.7094 0.4530
vt 0.7192 0.7119 0.4537
vt 0.7478 0.6779 0.4831
vt 0.7458 0.6756 0.4821
vt 0.7667 0.6383 0.5144
vt 0.7689 0.6402 0.5157
vt 0.7818 0.6000 0.5503
vt 0.7795 0.5985 0.5487
vt 0.7838 0.5574 0.5842
vt 0.7862 0.5586 0.5861
vt 0.7818 0.5172 0.6219
vt 0.7795 0.5164 0.6197
vt 0.2333 0.6541 0.4765
vt 0.2310 0.6565 0.4770
vt 0.2182 0.6219 0.5172
vt 0.2205 0.6197 0.5164
vt 0.7690 0.4770 0.6565
vt 0.7743 0.4776 0.6612
vt 0.2521 0.6891 0.4393
vt 0.2542 0.6863 0.4392
vt 0.2826 0.7155 0.4054
vt 0.2807 0.7185 0.4052
vt 0.3160 0.7439 0.3758
vt 0.3176 0.7407 0.3763
vt 0.3581 0.7612 0.3526
vt 0.3568 0.7645 0.3519
vt 0.4021 0.7797 0.3344
vt 0.4029 0.7762 0.3352
vt 0.4507 0.7855 0.3245
vt 0.4503 0.7890 0.3236
vt 0.5000 0.7921 0.3200
vt 0.5000 0.7886 0.3209
vt 0.5493 0.7855 0.3245
vt 0.5497 0.7890 0.3236
vt 0.5979 0.7797 0.3344
vt 0.5971 0.7762 0.3352
vt 0.6419 0.7612 0.3526
vt 0.6431 0.7645 0.3519
vt 0.6840 0.7439 0.3758
vt 0.6824 0.7407 0.3763
vt 0.7174 0.7155 0.4054
vt 0.7193 0.7185 0.4052
vt 0.7479 0.6891 0.4393
vt 0.7458 0.6863 0.4392
vt 0.7667 0.6541 0.4765
vt 0.7690 0.6565 0.4770
vt 0.2257 0.4776 0.6612
vt 0.2310 0.4770 0.6565
vt 0.2182 0.5172 0.6219
vt 0.7795 0.6197 0.5164
vt 0.7818 0.6219 0.5172
vt 0.2205 0.5164 0.6197
vt 0.6369 0.5114 0.7680
vt 0.5969 0.5459 0.7807
vt 0.6383 0.5144 0.7667
vt 0.5985 0.5487 0.7795
vt 0.5574 0.5842 0.7838
vt 0.5557 0.5814 0.7850
vt 0.2814 0.4498 0.7084
vt 0.2530 0.4791 0.6744
vt 0.2473 0.4680 0.6709
vt 0.7084 0.4498 0.7186
vt 0.7095 0.4530 0.7175
vt 0.6756 0.4821 0.7458
vt 0.6744 0.4791 0.7470
vt 0.3572 0.4040 0.7615
vt 0.3165 0.4246 0.7377
vt 0.3580 0.4074 0.7622
vt 0.3176 0.4278 0.7385
vt 0.2826 0.4530 0.7094
vt 0.4504 0.3796 0.7899
vt 0.4023 0.3889 0.7791
vt 0.4507 0.3831 0.7904
vt 0.4029 0.3924 0.7796
vt 0.5496 0.3796 0.7899
vt 0.5000 0.3765 0.7935
vt 0.5493 0.3831 0.7904
vt 0.5000 0.3801 0.7939
vt 0.6428 0.4040 0.7615
vt 0.5977 0.3889 0.7791
vt 0.6420 0.4074 0.7622
vt 0.5971 0.3924 0.7796
vt 0.7186 0.4498 0.7084
vt 0.6835 0.4246 0.7377
vt 0.7174 0.4530 0.7094
vt 0.6824 0.4278 0.7385
vt 0.3631 0.5114 0.2320
vt 0.3256 0.4791 0.2530
vt 0.3617 0.5144 0.2333
vt 0.3244 0.4821 0.2542
vt 0.7470 0.4791 0.6744
vt 0.7457 0.4821 0.6756
vt 0.4443 0.5814 0.2150
vt 0.4031 0.5459 0.2193
vt 0.4426 0.5842 0.2162
vt 0.4015 0.5487 0.2205
vt 0.5255 0.6514 0.2323
vt 0.4855 0.6169 0.2194
vt 0.5235 0.6541 0.2333
vt 0.4836 0.6197 0.2205
vt 0.5968 0.7129 0.2818
vt 0.5629 0.6837 0.2533
vt 0.5946 0.7155 0.2826
vt 0.5608 0.6863 0.2542
vt 0.3576 0.3502 0.7586
vt 0.3169 0.3740 0.7381
vt 0.3581 0.3526 0.7612
vt 0.3176 0.3763 0.7407
vt 0.2826 0.4054 0.7155
vt 0.2818 0.4032 0.7129
vt 0.2770 0.3910 0.6981
vt 0.4505 0.3221 0.7829
vt 0.4026 0.3328 0.7737
vt 0.4507 0.3245 0.7855
vt 0.4029 0.3352 0.7762
vt 0.5495 0.3221 0.7829
vt 0.5000 0.3185 0.7860
vt 0.5493 0.3245 0.7855
vt 0.5000 0.3209 0.7886
vt 0.6424 0.3502 0.7586
vt 0.5974 0.3328 0.7737
vt 0.6419 0.3526 0.7612
vt 0.5971 0.3352 0.7762
vt 0.7230 0.3910 0.6981
vt 0.7182 0.4032 0.7129
vt 0.6831 0.3740 0.7381
vt 0.7174 0.4054 0.7155
vt 0.6824 0.3763 0.7407
vt 0.4745 0.6514 0.7677
vt 0.4371 0.6837 0.7467
vt 0.4765 0.6541 0.7667
vt 0.4392 0.6863 0.7458
vt 0.4054 0.7155 0.7174
vt 0.4032 0.7129 0.7182
vt 0.5145 0.6169 0.7806
vt 0.5164 0.6197 0.7795
vt 0.6001 0.4207 0.8041
vt 0.5509 0.4474 0.8187
vt 0.5001 0.4749 0.8236
vt 0.6881 0.3731 0.7479
vt 0.6463 0.3957 0.7802
vt 0.3382 0.3378 0.7534
vt 0.2920 0.3536 0.7241
vt 0.2521 0.3731 0.6881
vt 0.4438 0.3189 0.7881
vt 0.3893 0.3261 0.7749
vt 0.5562 0.3189 0.7881
vt 0.5000 0.3166 0.7925
vt 0.6618 0.3378 0.7534
vt 0.6107 0.3261 0.7749
vt 0.7479 0.3731 0.6881
vt 0.7080 0.3536 0.7241
vt 0.3999 0.4207 0.1959
vt 0.3537 0.3957 0.2198
vt 0.3119 0.3731 0.2521
vt 0.4999 0.4749 0.1764
vt 0.4491 0.4474 0.1813
vt 0.5999 0.5290 0.1959
vt 0.5506 0.5023 0.1813
vt 0.6878 0.5766 0.2521
vt 0.6460 0.5540 0.2198
vt 0.3382 0.6119 0.2469
vt 0.2920 0.5961 0.2762
vt 0.3412 0.6504 0.2669
vt 0.2959 0.6332 0.2951
vt 0.7238 0.5961 0.2920
vt 0.2521 0.5766 0.3122
vt 0.4438 0.6308 0.2122
vt 0.3893 0.6236 0.2254
vt 0.5562 0.6308 0.2122
vt 0.5000 0.6331 0.2078
vt 0.6618 0.6119 0.2469
vt 0.6107 0.6236 0.2254
vt 0.7479 0.5766 0.3122
vt 0.7080 0.5961 0.2762
vt 0.3122 0.5766 0.7479
vt 0.2762 0.5961 0.7080
vt 0.7041 0.6332 0.2951
vt 0.4001 0.5290 0.8041
vt 0.3540 0.5540 0.7802
vt 0.4494 0.5023 0.8187
# 1680 texture coords

o Cylinder001
g Cylinder001
usemtl wire_228184153
s 1
f 1/1/1 2/2/2 3/3/3 4/4/4 
f 2/2/2 5/5/5 6/6/6 3/3/3 
f 7/7/7 8/8/8 3/3/3 6/6/6 
f 8/8/8 9/9/9 4/4/4 3/3/3 
f 5/5/5 10/10/10 11/11/11 6/6/6 
f 10/10/10 12/12/12 13/13/13 11/11/11 
f 14/14/14 15/15/15 11/11/11 13/13/13 
f 15/15/15 7/7/7 6/6/6 11/11/11 
f 12/16/12 16/17/16 17/18/17 13/19/13 
f 16/17/16 18/20/18 19/21/19 17/18/17 
f 20/22/20 21/23/21 17/18/17 19/21/19 
f 21/23/21 14/24/14 13/19/13 17/18/17 
f 18/20/18 22/25/22 23/26/23 19/21/19 
f 22/25/22 24/27/24 25/28/25 23/26/23 
f 26/29/26 27/30/27 23/26/23 25/28/25 
f 27/30/27 20/22/20 19/21/19 23/26/23 
f 24/27/24 28/31/28 29/32/29 25/28/25 
f 28/31/28 30/33/30 31/34/31 29/32/29 
f 32/35/32 33/36/33 29/32/29 31/34/31 
f 33/36/33 26/29/26 25/28/25 29/32/29 
f 30/33/30 34/37/34 35/38/35 31/34/31 
f 34/37/34 36/39/36 37/40/37 35/38/35 
f 38/41/38 39/42/39 35/38/35 37/40/37 
f 39/42/39 32/35/32 31/34/31 35/38/35 
f 36/39/36 40/43/40 41/44/41 37/40/37 
f 40/43/40 42/45/42 43/46/43 41/44/41 
f 44/47/44 45/48/45 41/44/41 43/46/43 
f 45/48/45 38/41/38 37/40/37 41/44/41 
f 42/49/42 46/50/46 47/51/47 43/52/43 
f 46/50/46 48/53/48 49/54/49 47/51/47 
f 50/55/50 51/56/51 47/51/47 49/54/49 
f 51/56/51 44/57/44 43/52/43 47/51/47 
f 48/53/48 52/58/52 53/59/53 49/54/49 
f 52/58/52 54/60/54 55/61/55 53/59/53 
f 56/62/56 57/63/57 53/59/53 55/61/55 
f 57/63/57 50/55/50 49/54/49 53/59/53 
f 54/60/54 58/64/58 59/65/59 55/61/55 
f 58/64/58 60/66/60 61/67/61 59/65/59 
f 62/68/62 63/69/63 59/65/59 61/67/61 
f 63/69/63 56/62/56 55/61/55 59/65/59 
f 60/66/60 64/70/64 65/71/65 61/67/61 
f 64/70/64 66/72/66 67/73/67 65/71/65 
f 68/74/68 69/75/69 65/71/65 67/73/67 
f 69/75/69 62/68/62 61/67/61 65/71/65 
f 66/76/66 70/77/70 71/78/71 67/79/67 
f 70/77/70 72/80/72 73/81/73 71/78/71 
f 74/82/74 75/83/75 71/78/71 73/81/73 
f 75/83/75 68/84/68 67/79/67 71/78/71 
f 72/80/72 76/85/76 77/86/77 73/81/73 
f 76/85/76 78/87/78 79/88/79 77/86/77 
f 80/89/80 81/90/81 77/86/77 79/88/79 
f 81/90/81 74/82/74 73/81/73 77/86/77 
f 78/87/78 82/91/82 83/92/83 79/88/79 
f 82/91/82 84/93/84 85/94/85 83/92/83 
f 86/95/86 87/96/87 83/92/83 85/94/85 
f 87/96/87 80/89/80 79/88/79 83/92/83 
f 84/93/84 88/97/88 89/98/89 85/94/85 
f 88/97/88 90/99/90 91/100/91 89/98/89 
f 92/101/92 93/102/93 89/98/89 91/100/91 
f 93/102/93 86/95/86 85/94/85 89/98/89 
f 90/99/90 94/103/94 95/104/95 91/100/91 
f 94/103/94 96/105/96 97/106/97 95/104/95 
f 98/107/98 99/108/99 95/104/95 97/106/97 
f 99/108/99 92/101/92 91/100/91 95/104/95 
f 96/109/96 100/110/100 101/111/101 97/112/97 
f 100/110/100 102/113/102 103/114/103 101/111/101 
f 104/115/104 105/116/105 101/111/101 103/114/103 
f 105/116/105 98/117/98 97/112/97 101/111/101 
f 102/113/102 106/118/106 107/119/107 103/114/103 
f 106/118/106 1/1/1 4/4/4 107/119/107 
f 9/9/9 108/120/108 107/119/107 4/4/4 
f 108/120/108 104/115/104 103/114/103 107/119/107 
f 109/121/109 110/122/110 111/123/111 112/124/112 
f 110/125/110 113/126/113 114/127/114 111/128/111 
f 115/129/115 116/130/116 111/128/111 114/127/114 
f 116/131/116 117/132/117 112/124/112 111/123/111 
f 118/133/118 119/134/119 120/135/120 121/136/121 
f 119/137/119 122/138/122 123/139/123 120/140/120 
f 113/126/113 110/125/110 120/140/120 123/139/123 
f 110/122/110 109/121/109 121/136/121 120/135/120 
f 124/141/124 125/142/125 126/143/126 127/144/127 
f 125/142/125 128/145/128 129/146/129 126/143/126 
f 122/147/122 119/134/119 126/143/126 129/146/129 
f 119/134/119 118/133/118 127/144/127 126/143/126 
f 130/148/130 131/149/131 132/150/132 133/151/133 
f 131/149/131 134/152/134 135/153/135 132/150/132 
f 128/145/128 125/142/125 132/150/132 135/153/135 
f 125/142/125 124/141/124 133/151/133 132/150/132 
f 136/154/136 137/155/137 138/156/138 139/157/139 
f 137/155/137 140/158/140 141/159/141 138/156/138 
f 134/152/134 131/149/131 138/156/138 141/159/141 
f 131/149/131 130/148/130 139/157/139 138/156/138 
f 142/160/142 143/161/143 144/162/144 145/163/145 
f 143/161/143 146/164/146 147/165/147 144/162/144 
f 140/158/140 137/155/137 144/162/144 147/165/147 
f 137/155/137 136/154/136 145/163/145 144/162/144 
f 148/166/148 149/167/149 150/168/150 151/169/151 
f 149/167/149 152/170/152 153/171/153 150/168/150 
f 146/164/146 143/161/143 150/168/150 153/171/153 
f 143/161/143 142/160/142 151/169/151 150/168/150 
f 154/172/154 155/173/155 156/174/156 157/175/157 
f 155/176/155 158/177/158 159/178/159 156/179/156 
f 152/180/152 149/181/149 156/179/156 159/178/159 
f 149/167/149 148/166/148 157/175/157 156/174/156 
f 160/182/160 161/183/161 162/184/162 163/185/163 
f 161/186/161 164/187/164 165/188/165 162/189/162 
f 158/177/158 155/176/155 162/189/162 165/188/165 
f 155/173/155 154/172/154 163/185/163 162/184/162 
f 166/190/166 167/191/167 168/192/168 169/193/169 
f 167/191/167 170/194/170 171/195/171 168/192/168 
f 164/187/164 161/186/161 168/192/168 171/195/171 
f 161/183/161 160/182/160 169/196/169 168/197/168 
f 172/198/172 173/199/173 174/200/174 175/201/175 
f 173/202/173 176/203/176 177/204/177 174/205/174 
f 170/194/170 167/191/167 174/205/174 177/204/177 
f 167/206/167 166/207/166 175/201/175 174/200/174 
f 178/208/178 179/209/179 180/210/180 181/211/181 
f 179/209/179 182/212/182 183/213/183 180/210/180 
f 176/214/176 173/199/173 180/210/180 183/213/183 
f 173/199/173 172/198/172 181/211/181 180/210/180 
f 184/215/184 185/216/185 186/217/186 187/218/187 
f 185/216/185 188/219/188 189/220/189 186/217/186 
f 182/212/182 179/209/179 186/217/186 189/220/189 
f 179/209/179 178/208/178 187/218/187 186/217/186 
f 190/221/190 191/222/191 192/223/192 193/224/193 
f 191/222/191 194/225/194 195/226/195 192/223/192 
f 188/219/188 185/216/185 192/223/192 195/226/195 
f 185/216/185 184/215/184 193/224/193 192/223/192 
f 196/227/196 197/228/197 198/229/198 199/230/199 
f 197/228/197 200/231/200 201/232/201 198/229/198 
f 194/225/194 191/222/191 198/229/198 201/232/201 
f 191/222/191 190/221/190 199/230/199 198/229/198 
f 202/233/202 203/234/203 204/235/204 205/236/205 
f 203/234/203 206/237/206 207/238/207 204/235/204 
f 200/231/200 197/228/197 204/235/204 207/238/207 
f 197/228/197 196/227/196 205/236/205 204/235/204 
f 208/239/208 209/240/209 210/241/210 211/242/211 
f 209/243/209 212/244/212 213/245/213 210/246/210 
f 206/247/206 203/248/203 210/246/210 213/245/213 
f 203/234/203 202/233/202 211/242/211 210/241/210 
f 117/132/117 116/131/116 214/249/214 215/250/215 
f 116/130/116 115/129/115 216/251/216 214/252/214 
f 212/244/212 209/243/209 214/252/214 216/251/216 
f 209/243/209 208/253/208 215/254/215 214/252/214 
f 115/129/115 114/127/114 217/255/217 218/256/218 
f 114/127/114 113/126/113 219/257/219 217/255/217 
f 220/258/220 221/259/221 217/260/217 219/261/219 
f 221/259/221 222/262/222 218/263/218 217/260/217 
f 113/264/113 123/265/123 223/266/223 219/267/219 
f 123/265/123 122/268/122 224/269/224 223/266/223 
f 225/270/225 226/271/226 223/272/223 224/273/224 
f 226/271/226 220/258/220 219/261/219 223/272/223 
f 122/268/122 129/274/129 227/275/227 224/269/224 
f 129/274/129 128/276/128 228/277/228 227/275/227 
f 229/278/229 230/279/230 227/275/227 228/277/228 
f 230/280/230 225/270/225 224/273/224 227/281/227 
f 128/276/128 135/282/135 231/283/231 228/277/228 
f 135/282/135 134/284/134 232/285/232 231/283/231 
f 233/286/233 234/287/234 231/283/231 232/285/232 
f 234/287/234 229/278/229 228/277/228 231/283/231 
f 134/284/134 141/288/141 235/289/235 232/285/232 
f 141/288/141 140/290/140 236/291/236 235/289/235 
f 237/292/237 238/293/238 235/289/235 236/291/236 
f 238/293/238 233/286/233 232/285/232 235/289/235 
f 140/290/140 147/294/147 239/295/239 236/291/236 
f 147/294/147 146/296/146 240/297/240 239/295/239 
f 241/298/241 242/299/242 239/295/239 240/297/240 
f 242/299/242 237/292/237 236/291/236 239/295/239 
f 146/296/146 153/300/153 243/301/243 240/297/240 
f 153/300/153 152/302/152 244/303/244 243/301/243 
f 245/304/245 246/305/246 243/306/243 244/307/244 
f 246/308/246 241/298/241 240/297/240 243/301/243 
f 152/302/152 159/309/159 247/310/247 244/303/244 
f 159/309/159 158/311/158 248/312/248 247/310/247 
f 249/313/249 250/314/250 247/315/247 248/316/248 
f 250/314/250 245/304/245 244/307/244 247/315/247 
f 158/177/158 165/188/165 251/317/251 248/318/248 
f 165/188/165 164/187/164 252/319/252 251/317/251 
f 253/320/253 254/321/254 251/322/251 252/323/252 
f 254/321/254 249/313/249 248/316/248 251/322/251 
f 164/324/164 171/325/171 255/326/255 252/323/252 
f 171/325/171 170/327/170 256/328/256 255/326/255 
f 257/329/257 258/330/258 255/326/255 256/328/256 
f 258/330/258 253/320/253 252/323/252 255/326/255 
f 170/327/170 177/331/177 259/332/259 256/328/256 
f 177/331/177 176/333/176 260/334/260 259/332/259 
f 261/335/261 262/336/262 259/332/259 260/334/260 
f 262/336/262 257/329/257 256/328/256 259/332/259 
f 176/333/176 183/337/183 263/338/263 260/334/260 
f 183/337/183 182/339/182 264/340/264 263/338/263 
f 265/341/265 266/342/266 263/338/263 264/340/264 
f 266/342/266 261/335/261 260/334/260 263/338/263 
f 182/339/182 189/343/189 267/344/267 264/340/264 
f 189/343/189 188/345/188 268/346/268 267/344/267 
f 269/347/269 270/348/270 267/344/267 268/346/268 
f 270/348/270 265/341/265 264/340/264 267/344/267 
f 188/345/188 195/349/195 271/350/271 268/346/268 
f 195/349/195 194/351/194 272/352/272 271/350/271 
f 273/353/273 274/354/274 271/350/271 272/352/272 
f 274/354/274 269/347/269 268/346/268 271/350/271 
f 194/351/194 201/355/201 275/356/275 272/352/272 
f 201/355/201 200/357/200 276/358/276 275/356/275 
f 277/359/277 278/360/278 275/356/275 276/358/276 
f 278/360/278 273/353/273 272/352/272 275/356/275 
f 200/357/200 207/361/207 279/362/279 276/358/276 
f 207/361/207 206/363/206 280/364/280 279/362/279 
f 281/365/281 282/366/282 279/362/279 280/364/280 
f 282/366/282 277/359/277 276/358/276 279/362/279 
f 206/363/206 213/367/213 283/368/283 280/364/280 
f 213/367/213 212/369/212 284/370/284 283/368/283 
f 285/371/285 286/372/286 283/368/283 284/370/284 
f 286/372/286 281/365/281 280/364/280 283/368/283 
f 212/369/212 216/373/216 287/374/287 284/370/284 
f 216/373/216 115/375/115 218/263/218 287/374/287 
f 222/262/222 288/376/288 287/374/287 218/263/218 
f 288/376/288 285/371/285 284/370/284 287/374/287 
f 222/262/222 221/259/221 289/377/289 290/378/290 
f 221/259/221 220/258/220 291/379/291 289/377/289 
f 292/380/292 293/381/293 289/377/289 291/379/291 
f 293/381/293 294/382/294 290/378/290 289/377/289 
f 220/258/220 226/271/226 295/383/295 291/379/291 
f 226/271/226 225/270/225 296/384/296 295/383/295 
f 297/385/297 298/386/298 295/383/295 296/384/296 
f 298/386/298 292/380/292 291/379/291 295/383/295 
f 225/270/225 230/280/230 299/387/299 296/384/296 
f 230/280/230 229/388/229 300/389/300 299/387/299 
f 301/390/301 302/391/302 299/387/299 300/389/300 
f 302/391/302 297/385/297 296/384/296 299/387/299 
f 229/388/229 234/392/234 303/393/303 300/389/300 
f 234/392/234 233/394/233 304/395/304 303/393/303 
f 305/396/305 306/397/306 303/393/303 304/395/304 
f 306/397/306 301/390/301 300/389/300 303/393/303 
f 233/394/233 238/398/238 307/399/307 304/395/304 
f 238/398/238 237/400/237 308/401/308 307/399/307 
f 309/402/309 310/403/310 307/399/307 308/401/308 
f 310/403/310 305/396/305 304/395/304 307/399/307 
f 237/400/237 242/404/242 311/405/311 308/401/308 
f 242/404/242 241/406/241 312/407/312 311/405/311 
f 313/408/313 314/409/314 311/405/311 312/407/312 
f 314/409/314 309/402/309 308/401/308 311/405/311 
f 241/406/241 246/305/246 315/410/315 312/407/312 
f 246/305/246 245/304/245 316/411/316 315/410/315 
f 317/412/317 318/413/318 315/410/315 316/411/316 
f 318/413/318 313/408/313 312/407/312 315/410/315 
f 245/304/245 250/314/250 319/414/319 316/411/316 
f 250/314/250 249/313/249 320/415/320 319/414/319 
f 321/416/321 322/417/322 319/414/319 320/415/320 
f 322/417/322 317/412/317 316/411/316 319/414/319 
f 249/313/249 254/321/254 323/418/323 320/415/320 
f 254/321/254 253/320/253 324/419/324 323/418/323 
f 325/420/325 326/421/326 323/418/323 324/419/324 
f 326/421/326 321/416/321 320/415/320 323/418/323 
f 253/320/253 258/330/258 327/422/327 324/419/324 
f 258/330/258 257/329/257 328/423/328 327/422/327 
f 329/424/329 330/425/330 327/426/327 328/427/328 
f 330/428/330 325/420/325 324/419/324 327/422/327 
f 257/329/257 262/336/262 331/429/331 328/423/328 
f 262/336/262 261/335/261 332/430/332 331/429/331 
f 333/431/333 334/432/334 331/433/331 332/434/332 
f 334/432/334 329/435/329 328/436/328 331/433/331 
f 261/335/261 266/342/266 335/437/335 332/430/332 
f 266/438/266 265/439/265 336/440/336 335/441/335 
f 337/442/337 338/443/338 335/441/335 336/440/336 
f 338/443/338 333/431/333 332/434/332 335/441/335 
f 265/439/265 270/444/270 339/445/339 336/440/336 
f 270/444/270 269/446/269 340/447/340 339/445/339 
f 341/448/341 342/449/342 339/445/339 340/447/340 
f 342/449/342 337/442/337 336/440/336 339/445/339 
f 269/446/269 274/450/274 343/451/343 340/447/340 
f 274/450/274 273/452/273 344/453/344 343/451/343 
f 345/454/345 346/455/346 343/451/343 344/453/344 
f 346/455/346 341/448/341 340/447/340 343/451/343 
f 273/452/273 278/456/278 347/457/347 344/453/344 
f 278/456/278 277/458/277 348/459/348 347/457/347 
f 349/460/349 350/461/350 347/457/347 348/459/348 
f 350/461/350 345/454/345 344/453/344 347/457/347 
f 277/458/277 282/462/282 351/463/351 348/459/348 
f 282/366/282 281/365/281 352/464/352 351/465/351 
f 353/466/353 354/467/354 351/463/351 352/468/352 
f 354/467/354 349/460/349 348/459/348 351/463/351 
f 281/365/281 286/372/286 355/469/355 352/464/352 
f 286/372/286 285/371/285 356/470/356 355/469/355 
f 357/471/357 358/472/358 355/473/355 356/474/356 
f 358/472/358 353/466/353 352/468/352 355/473/355 
f 285/371/285 288/376/288 359/475/359 356/470/356 
f 288/376/288 222/262/222 290/378/290 359/475/359 
f 294/382/294 360/476/360 359/475/359 290/378/290 
f 360/477/360 357/478/357 356/479/356 359/480/359 
f 294/481/294 293/482/293 361/483/361 362/484/362 
f 293/482/293 292/485/292 363/486/363 361/483/361 
f 364/487/364 365/488/365 361/483/361 363/486/363 
f 365/488/365 366/489/366 362/484/362 361/483/361 
f 292/485/292 298/490/298 367/491/367 363/486/363 
f 298/386/298 297/385/297 368/492/368 367/493/367 
f 369/494/369 370/495/370 367/491/367 368/496/368 
f 370/495/370 364/487/364 363/486/363 367/491/367 
f 297/385/297 302/391/302 371/497/371 368/492/368 
f 302/391/302 301/390/301 372/498/372 371/497/371 
f 373/499/373 374/500/374 371/497/371 372/498/372 
f 374/500/374 369/501/369 368/492/368 371/497/371 
f 301/390/301 306/397/306 375/502/375 372/498/372 
f 306/397/306 305/396/305 376/503/376 375/502/375 
f 377/504/377 378/505/378 375/502/375 376/503/376 
f 378/505/378 373/499/373 372/498/372 375/502/375 
f 305/396/305 310/403/310 379/506/379 376/503/376 
f 310/403/310 309/402/309 380/507/380 379/506/379 
f 381/508/381 382/509/382 379/506/379 380/507/380 
f 382/509/382 377/504/377 376/503/376 379/506/379 
f 309/402/309 314/409/314 383/510/383 380/507/380 
f 314/409/314 313/408/313 384/511/384 383/510/383 
f 385/512/385 386/513/386 383/510/383 384/511/384 
f 386/513/386 381/508/381 380/507/380 383/510/383 
f 313/408/313 318/413/318 387/514/387 384/511/384 
f 318/413/318 317/412/317 388/515/388 387/514/387 
f 389/516/389 390/517/390 387/514/387 388/515/388 
f 390/517/390 385/512/385 384/511/384 387/514/387 
f 317/412/317 322/417/322 391/518/391 388/515/388 
f 322/519/322 321/520/321 392/521/392 391/522/391 
f 393/523/393 394/524/394 391/522/391 392/521/392 
f 394/524/394 389/525/389 388/526/388 391/522/391 
f 321/520/321 326/527/326 395/528/395 392/521/392 
f 326/527/326 325/529/325 396/530/396 395/528/395 
f 397/531/397 398/532/398 395/528/395 396/530/396 
f 398/532/398 393/523/393 392/521/392 395/528/395 
f 325/529/325 330/425/330 399/533/399 396/530/396 
f 330/425/330 329/424/329 400/534/400 399/533/399 
f 401/535/401 402/536/402 399/533/399 400/534/400 
f 402/536/402 397/531/397 396/530/396 399/533/399 
f 329/424/329 334/537/334 403/538/403 400/534/400 
f 334/537/334 333/539/333 404/540/404 403/538/403 
f 405/541/405 406/542/406 403/538/403 404/540/404 
f 406/542/406 401/535/401 400/534/400 403/538/403 
f 333/431/333 338/443/338 407/543/407 404/544/404 
f 338/443/338 337/442/337 408/545/408 407/543/407 
f 409/546/409 410/547/410 407/543/407 408/545/408 
f 410/547/410 405/548/405 404/544/404 407/543/407 
f 337/442/337 342/449/342 411/549/411 408/545/408 
f 342/449/342 341/448/341 412/550/412 411/549/411 
f 413/551/413 414/552/414 411/549/411 412/550/412 
f 414/552/414 409/546/409 408/545/408 411/549/411 
f 341/448/341 346/455/346 415/553/415 412/550/412 
f 346/455/346 345/454/345 416/554/416 415/553/415 
f 417/555/417 418/556/418 415/553/415 416/554/416 
f 418/556/418 413/551/413 412/550/412 415/553/415 
f 345/454/345 350/461/350 419/557/419 416/554/416 
f 350/461/350 349/460/349 420/558/420 419/557/419 
f 421/559/421 422/560/422 419/557/419 420/558/420 
f 422/560/422 417/555/417 416/554/416 419/557/419 
f 349/460/349 354/467/354 423/561/423 420/558/420 
f 354/467/354 353/466/353 424/562/424 423/561/423 
f 425/563/425 426/564/426 423/561/423 424/562/424 
f 426/564/426 421/559/421 420/558/420 423/561/423 
f 353/565/353 358/566/358 427/567/427 424/568/424 
f 358/566/358 357/478/357 428/569/428 427/567/427 
f 429/570/429 430/571/430 427/567/427 428/569/428 
f 430/571/430 425/572/425 424/568/424 427/567/427 
f 357/478/357 360/477/360 431/573/431 428/569/428 
f 360/477/360 294/481/294 362/484/362 431/573/431 
f 366/489/366 432/574/432 431/573/431 362/484/362 
f 432/574/432 429/570/429 428/569/428 431/573/431 
f 364/487/364 433/575/433 434/576/434 365/488/365 
f 433/577/433 435/578/435 436/579/436 434/580/434 
f 437/581/437 438/582/438 434/576/434 436/583/436 
f 438/582/438 366/489/366 365/488/365 434/576/434 
f 369/494/369 439/584/439 440/585/440 370/495/370 
f 439/586/439 441/587/441 442/588/442 440/589/440 
f 435/578/435 433/577/433 440/589/440 442/588/442 
f 433/575/433 364/487/364 370/495/370 440/585/440 
f 373/499/373 443/590/443 444/591/444 374/500/374 
f 443/590/443 445/592/445 446/593/446 444/591/444 
f 441/587/441 439/586/439 444/591/444 446/593/446 
f 439/586/439 369/501/369 374/500/374 444/591/444 
f 377/504/377 447/594/447 448/595/448 378/505/378 
f 447/594/447 449/596/449 450/597/450 448/595/448 
f 445/592/445 443/590/443 448/595/448 450/597/450 
f 443/590/443 373/499/373 378/505/378 448/595/448 
f 381/508/381 451/598/451 452/599/452 382/509/382 
f 451/598/451 453/600/453 454/601/454 452/599/452 
f 449/596/449 447/594/447 452/599/452 454/601/454 
f 447/594/447 377/504/377 382/509/382 452/599/452 
f 385/512/385 455/602/455 456/603/456 386/513/386 
f 455/602/455 457/604/457 458/605/458 456/603/456 
f 453/600/453 451/598/451 456/603/456 458/605/458 
f 451/598/451 381/508/381 386/513/386 456/603/456 
f 389/516/389 459/606/459 460/607/460 390/517/390 
f 459/606/459 461/608/461 462/609/462 460/607/460 
f 457/604/457 455/602/455 460/607/460 462/609/462 
f 455/602/455 385/512/385 390/517/390 460/607/460 
f 393/523/393 463/610/463 464/611/464 394/524/394 
f 463/612/463 465/613/465 466/614/466 464/615/464 
f 461/608/461 459/606/459 464/615/464 466/614/466 
f 459/616/459 389/525/389 394/524/394 464/611/464 
f 397/531/397 467/617/467 468/618/468 398/532/398 
f 467/617/467 469/619/469 470/620/470 468/618/468 
f 465/613/465 463/612/463 468/621/468 470/622/470 
f 463/610/463 393/523/393 398/532/398 468/618/468 
f 401/535/401 471/623/471 472/624/472 402/536/402 
f 471/623/471 473/625/473 474/626/474 472/624/472 
f 469/619/469 467/617/467 472/624/472 474/626/474 
f 467/617/467 397/531/397 402/536/402 472/624/472 
f 405/541/405 475/627/475 476/628/476 406/542/406 
f 475/629/475 477/630/477 478/631/478 476/632/476 
f 473/633/473 471/634/471 476/632/476 478/631/478 
f 471/623/471 401/535/401 406/542/406 476/628/476 
f 409/546/409 479/635/479 480/636/480 410/547/410 
f 479/635/479 481/637/481 482/638/482 480/636/480 
f 477/630/477 475/629/475 480/636/480 482/638/482 
f 475/629/475 405/548/405 410/547/410 480/636/480 
f 413/551/413 483/639/483 484/640/484 414/552/414 
f 483/639/483 485/641/485 486/642/486 484/640/484 
f 481/637/481 479/635/479 484/640/484 486/642/486 
f 479/635/479 409/546/409 414/552/414 484/640/484 
f 417/555/417 487/643/487 488/644/488 418/556/418 
f 487/643/487 489/645/489 490/646/490 488/644/488 
f 485/641/485 483/639/483 488/644/488 490/646/490 
f 483/639/483 413/551/413 418/556/418 488/644/488 
f 421/559/421 491/647/491 492/648/492 422/560/422 
f 491/647/491 493/649/493 494/650/494 492/648/492 
f 489/645/489 487/643/487 492/648/492 494/650/494 
f 487/643/487 417/555/417 422/560/422 492/648/492 
f 425/563/425 495/651/495 496/652/496 426/564/426 
f 495/651/495 497/653/497 498/654/498 496/652/496 
f 493/649/493 491/647/491 496/652/496 498/654/498 
f 491/647/491 421/559/421 426/564/426 496/652/496 
f 429/570/429 499/655/499 500/656/500 430/571/430 
f 499/657/499 501/658/501 502/659/502 500/660/500 
f 497/653/497 495/651/495 500/660/500 502/659/502 
f 495/661/495 425/572/425 430/571/430 500/656/500 
f 366/489/366 438/582/438 503/662/503 432/574/432 
f 438/582/438 437/581/437 504/663/504 503/662/503 
f 501/664/501 499/655/499 503/662/503 504/663/504 
f 499/655/499 429/570/429 432/574/432 503/662/503 
f 435/578/435 505/665/505 506/666/506 436/579/436 
f 505/665/505 507/667/507 508/668/508 506/666/506 
f 509/669/509 510/670/510 506/666/506 508/668/508 
f 510/670/510 437/671/437 436/579/436 506/666/506 
f 441/587/441 511/672/511 512/673/512 442/588/442 
f 511/672/511 513/674/513 514/675/514 512/673/512 
f 507/667/507 505/665/505 512/673/512 514/675/514 
f 505/665/505 435/578/435 442/588/442 512/673/512 
f 445/592/445 515/676/515 516/677/516 446/593/446 
f 515/676/515 517/678/517 518/679/518 516/677/516 
f 513/674/513 511/672/511 516/677/516 518/679/518 
f 511/672/511 441/587/441 446/593/446 516/677/516 
f 449/596/449 519/680/519 520/681/520 450/597/450 
f 519/680/519 521/682/521 522/683/522 520/681/520 
f 517/678/517 515/676/515 520/681/520 522/683/522 
f 515/676/515 445/592/445 450/597/450 520/681/520 
f 453/600/453 523/684/523 524/685/524 454/601/454 
f 523/684/523 525/686/525 526/687/526 524/685/524 
f 521/682/521 519/680/519 524/685/524 526/687/526 
f 519/680/519 449/596/449 454/601/454 524/685/524 
f 457/604/457 527/688/527 528/689/528 458/605/458 
f 527/688/527 529/690/529 530/691/530 528/689/528 
f 525/686/525 523/684/523 528/689/528 530/691/530 
f 523/684/523 453/600/453 458/605/458 528/689/528 
f 461/608/461 531/692/531 532/693/532 462/609/462 
f 531/692/531 533/694/533 534/695/534 532/693/532 
f 529/690/529 527/688/527 532/693/532 534/695/534 
f 527/688/527 457/604/457 462/609/462 532/693/532 
f 465/613/465 535/696/535 536/697/536 466/614/466 
f 535/696/535 537/698/537 538/699/538 536/697/536 
f 533/694/533 531/692/531 536/697/536 538/699/538 
f 531/692/531 461/608/461 466/614/466 536/697/536 
f 469/700/469 539/701/539 540/702/540 470/622/470 
f 539/701/539 541/703/541 542/704/542 540/702/540 
f 537/698/537 535/696/535 540/702/540 542/704/542 
f 535/696/535 465/613/465 470/622/470 540/702/540 
f 473/705/473 543/706/543 544/707/544 474/708/474 
f 543/706/543 545/709/545 546/710/546 544/707/544 
f 541/703/541 539/701/539 544/707/544 546/710/546 
f 539/701/539 469/700/469 474/708/474 544/707/544 
f 477/630/477 547/711/547 548/712/548 478/631/478 
f 547/713/547 549/714/549 550/715/550 548/716/548 
f 545/717/545 543/718/543 548/712/548 550/719/550 
f 543/720/543 473/633/473 478/631/478 548/712/548 
f 481/637/481 551/721/551 552/722/552 482/638/482 
f 551/721/551 553/723/553 554/724/554 552/722/552 
f 549/725/549 547/711/547 552/722/552 554/724/554 
f 547/711/547 477/630/477 482/638/482 552/722/552 
f 485/641/485 555/726/555 556/727/556 486/642/486 
f 555/726/555 557/728/557 558/729/558 556/727/556 
f 553/730/553 551/721/551 556/727/556 558/729/558 
f 551/721/551 481/637/481 486/642/486 556/727/556 
f 489/645/489 559/731/559 560/732/560 490/646/490 
f 559/731/559 561/733/561 562/734/562 560/732/560 
f 557/728/557 555/726/555 560/732/560 562/734/562 
f 555/726/555 485/641/485 490/646/490 560/732/560 
f 493/649/493 563/735/563 564/736/564 494/650/494 
f 563/735/563 565/737/565 566/738/566 564/736/564 
f 561/733/561 559/731/559 564/736/564 566/738/566 
f 559/731/559 489/645/489 494/650/494 564/736/564 
f 497/653/497 567/739/567 568/740/568 498/654/498 
f 567/741/567 569/742/569 570/743/570 568/744/568 
f 565/745/565 563/746/563 568/744/568 570/743/570 
f 563/735/563 493/649/493 498/654/498 568/740/568 
f 501/658/501 571/747/571 572/748/572 502/659/502 
f 571/749/571 573/750/573 574/751/574 572/752/572 
f 569/753/569 567/741/567 572/752/572 574/751/574 
f 567/739/567 497/653/497 502/659/502 572/748/572 
f 437/671/437 510/670/510 575/754/575 504/755/504 
f 510/670/510 509/756/509 576/757/576 575/754/575 
f 573/758/573 571/749/571 575/754/575 576/757/576 
f 571/749/571 501/759/501 504/755/504 575/754/575 
f 507/667/507 514/675/514 577/760/577 508/668/508 
f 514/675/514 513/674/513 518/679/518 577/760/577 
f 517/678/517 522/683/522 577/760/577 518/679/518 
f 522/683/522 521/682/521 526/687/526 577/760/577 
f 525/686/525 530/691/530 577/760/577 526/687/526 
f 530/691/530 529/690/529 534/695/534 577/760/577 
f 533/694/533 538/699/538 577/760/577 534/695/534 
f 538/699/538 537/698/537 542/704/542 577/760/577 
f 541/703/541 546/710/546 577/760/577 542/704/542 
f 546/710/546 545/709/545 550/715/550 577/760/577 
f 549/714/549 554/761/554 577/760/577 550/715/550 
f 554/761/554 553/762/553 558/763/558 577/760/577 
f 557/764/557 562/765/562 577/760/577 558/763/558 
f 562/765/562 561/766/561 566/767/566 577/760/577 
f 565/745/565 570/743/570 577/760/577 566/767/566 
f 570/743/570 569/753/569 574/751/574 577/760/577 
f 573/758/573 576/757/576 577/760/577 574/751/574 
f 576/757/576 509/669/509 508/668/508 577/760/577 
f 5/5/5 2/2/2 578/768/578 579/769/579 
f 2/2/2 1/1/1 580/770/580 578/768/578 
f 581/771/581 582/772/582 578/768/578 580/770/580 
f 582/772/582 583/773/583 579/769/579 578/768/578 
f 12/12/12 10/10/10 584/774/584 585/775/585 
f 10/10/10 5/5/5 579/769/579 584/774/584 
f 583/773/583 586/776/586 584/774/584 579/769/579 
f 586/776/586 587/777/587 585/775/585 584/774/584 
f 18/20/18 16/17/16 588/778/588 589/779/589 
f 16/17/16 12/16/12 585/780/585 588/778/588 
f 587/781/587 590/782/590 588/778/588 585/780/585 
f 590/782/590 591/783/591 589/779/589 588/778/588 
f 24/27/24 22/25/22 592/784/592 593/785/593 
f 22/25/22 18/20/18 589/779/589 592/784/592 
f 591/783/591 594/786/594 592/784/592 589/779/589 
f 594/786/594 595/787/595 593/785/593 592/784/592 
f 30/33/30 28/31/28 596/788/596 597/789/597 
f 28/31/28 24/27/24 593/785/593 596/788/596 
f 595/787/595 598/790/598 596/788/596 593/785/593 
f 598/790/598 599/791/599 597/789/597 596/788/596 
f 36/39/36 34/37/34 600/792/600 601/793/601 
f 34/37/34 30/33/30 597/789/597 600/792/600 
f 599/791/599 602/794/602 600/792/600 597/789/597 
f 602/794/602 603/795/603 601/793/601 600/792/600 
f 42/45/42 40/43/40 604/796/604 605/797/605 
f 40/43/40 36/39/36 601/793/601 604/796/604 
f 603/795/603 606/798/606 604/796/604 601/793/601 
f 606/798/606 607/799/607 605/797/605 604/796/604 
f 48/53/48 46/50/46 608/800/608 609/801/609 
f 46/50/46 42/49/42 605/802/605 608/800/608 
f 607/803/607 610/804/610 608/800/608 605/802/605 
f 610/804/610 611/805/611 609/801/609 608/800/608 
f 54/60/54 52/58/52 612/806/612 613/807/613 
f 52/58/52 48/53/48 609/801/609 612/806/612 
f 611/805/611 614/808/614 612/806/612 609/801/609 
f 614/808/614 615/809/615 613/807/613 612/806/612 
f 60/66/60 58/64/58 616/810/616 617/811/617 
f 58/64/58 54/60/54 613/807/613 616/810/616 
f 615/809/615 618/812/618 616/810/616 613/807/613 
f 618/812/618 619/813/619 617/811/617 616/810/616 
f 66/72/66 64/70/64 620/814/620 621/815/621 
f 64/70/64 60/66/60 617/811/617 620/814/620 
f 619/813/619 622/816/622 620/814/620 617/811/617 
f 622/816/622 623/817/623 621/815/621 620/814/620 
f 72/80/72 70/77/70 624/818/624 625/819/625 
f 70/77/70 66/76/66 621/820/621 624/818/624 
f 623/821/623 626/822/626 624/818/624 621/820/621 
f 626/822/626 627/823/627 625/819/625 624/818/624 
f 78/87/78 76/85/76 628/824/628 629/825/629 
f 76/85/76 72/80/72 625/819/625 628/824/628 
f 627/823/627 630/826/630 628/824/628 625/819/625 
f 630/826/630 631/827/631 629/825/629 628/824/628 
f 84/93/84 82/91/82 632/828/632 633/829/633 
f 82/91/82 78/87/78 629/825/629 632/828/632 
f 631/827/631 634/830/634 632/828/632 629/825/629 
f 634/830/634 635/831/635 633/829/633 632/828/632 
f 90/99/90 88/97/88 636/832/636 637/833/637 
f 88/97/88 84/93/84 633/829/633 636/832/636 
f 635/831/635 638/834/638 636/832/636 633/829/633 
f 638/834/638 639/835/639 637/833/637 636/832/636 
f 96/105/96 94/103/94 640/836/640 641/837/641 
f 94/103/94 90/99/90 637/833/637 640/836/640 
f 639/835/639 642/838/642 640/836/640 637/833/637 
f 642/838/642 643/839/643 641/837/641 640/836/640 
f 102/113/102 100/110/100 644/840/644 645/841/645 
f 100/110/100 96/109/96 641/842/641 644/840/644 
f 643/843/643 646/844/646 644/840/644 641/842/641 
f 646/844/646 647/845/647 645/841/645 644/840/644 
f 1/1/1 106/118/106 648/846/648 580/770/580 
f 106/118/106 102/113/102 645/841/645 648/846/648 
f 647/845/647 649/847/649 648/846/648 645/841/645 
f 649/847/649 581/771/581 580/770/580 648/846/648 
f 583/773/583 582/772/582 650/848/650 651/849/651 
f 582/772/582 581/771/581 652/850/652 650/848/650 
f 653/851/653 654/852/654 650/848/650 652/850/652 
f 654/852/654 655/853/655 651/849/651 650/848/650 
f 587/777/587 586/776/586 656/854/656 657/855/657 
f 586/776/586 583/773/583 651/849/651 656/854/656 
f 655/853/655 658/856/658 656/854/656 651/849/651 
f 658/856/658 659/857/659 657/855/657 656/854/656 
f 591/783/591 590/782/590 660/858/660 661/859/661 
f 590/782/590 587/781/587 657/860/657 660/858/660 
f 659/861/659 662/862/662 660/858/660 657/860/657 
f 662/862/662 663/863/663 661/859/661 660/858/660 
f 595/787/595 594/786/594 664/864/664 665/865/665 
f 594/786/594 591/783/591 661/859/661 664/864/664 
f 663/863/663 666/866/666 664/864/664 661/859/661 
f 666/866/666 667/867/667 665/865/665 664/864/664 
f 599/791/599 598/790/598 668/868/668 669/869/669 
f 598/790/598 595/787/595 665/865/665 668/868/668 
f 667/867/667 670/870/670 668/868/668 665/865/665 
f 670/870/670 671/871/671 669/869/669 668/868/668 
f 603/795/603 602/794/602 672/872/672 673/873/673 
f 602/794/602 599/791/599 669/869/669 672/872/672 
f 671/871/671 674/874/674 672/872/672 669/869/669 
f 674/874/674 675/875/675 673/873/673 672/872/672 
f 607/799/607 606/798/606 676/876/676 677/877/677 
f 606/798/606 603/795/603 673/873/673 676/876/676 
f 675/875/675 678/878/678 676/876/676 673/873/673 
f 678/878/678 679/879/679 677/877/677 676/876/676 
f 611/805/611 610/804/610 680/880/680 681/881/681 
f 610/804/610 607/803/607 677/882/677 680/880/680 
f 679/883/679 682/884/682 680/880/680 677/882/677 
f 682/884/682 683/885/683 681/881/681 680/880/680 
f 615/809/615 614/808/614 684/886/684 685/887/685 
f 614/808/614 611/805/611 681/881/681 684/886/684 
f 683/885/683 686/888/686 684/886/684 681/881/681 
f 686/888/686 687/889/687 685/887/685 684/886/684 
f 619/813/619 618/812/618 688/890/688 689/891/689 
f 618/812/618 615/809/615 685/887/685 688/890/688 
f 687/889/687 690/892/690 688/890/688 685/887/685 
f 690/892/690 691/893/691 689/891/689 688/890/688 
f 623/817/623 622/816/622 692/894/692 693/895/693 
f 622/816/622 619/813/619 689/891/689 692/894/692 
f 691/893/691 694/896/694 692/894/692 689/891/689 
f 694/896/694 695/897/695 693/895/693 692/894/692 
f 627/823/627 626/822/626 696/898/696 697/899/697 
f 626/822/626 623/821/623 693/900/693 696/898/696 
f 695/901/695 698/902/698 696/898/696 693/900/693 
f 698/902/698 699/903/699 697/899/697 696/898/696 
f 631/827/631 630/826/630 700/904/700 701/905/701 
f 630/826/630 627/823/627 697/899/697 700/904/700 
f 699/903/699 702/906/702 700/904/700 697/899/697 
f 702/906/702 703/907/703 701/905/701 700/904/700 
f 635/831/635 634/830/634 704/908/704 705/909/705 
f 634/830/634 631/827/631 701/905/701 704/908/704 
f 703/907/703 706/910/706 704/908/704 701/905/701 
f 706/910/706 707/911/707 705/909/705 704/908/704 
f 639/835/639 638/834/638 708/912/708 709/913/709 
f 638/834/638 635/831/635 705/909/705 708/912/708 
f 707/911/707 710/914/710 708/912/708 705/909/705 
f 710/914/710 711/915/711 709/913/709 708/912/708 
f 643/839/643 642/838/642 712/916/712 713/917/713 
f 642/838/642 639/835/639 709/913/709 712/916/712 
f 711/915/711 714/918/714 712/916/712 709/913/709 
f 714/918/714 715/919/715 713/917/713 712/916/712 
f 647/845/647 646/844/646 716/920/716 717/921/717 
f 646/844/646 643/843/643 713/922/713 716/920/716 
f 715/923/715 718/924/718 716/920/716 713/922/713 
f 718/924/718 719/925/719 717/921/717 716/920/716 
f 581/771/581 649/847/649 720/926/720 652/850/652 
f 649/847/649 647/845/647 717/921/717 720/926/720 
f 719/925/719 721/927/721 720/926/720 717/921/717 
f 721/927/721 653/851/653 652/850/652 720/926/720 
f 722/928/722 723/929/723 724/930/724 725/931/725 
f 723/929/723 726/932/726 727/933/727 724/930/724 
f 728/934/728 729/935/729 724/930/724 727/933/727 
f 729/935/729 730/936/730 725/931/725 724/930/724 
f 731/937/731 732/938/732 733/939/733 734/940/734 
f 732/938/732 735/941/735 736/942/736 733/939/733 
f 726/932/726 723/929/723 733/939/733 736/942/736 
f 723/929/723 722/928/722 734/940/734 733/939/733 
f 737/943/737 738/944/738 739/945/739 740/946/740 
f 738/944/738 741/947/741 742/948/742 739/945/739 
f 735/949/735 732/950/732 739/945/739 742/948/742 
f 732/950/732 731/951/731 740/946/740 739/945/739 
f 743/952/743 744/953/744 745/954/745 746/955/746 
f 744/953/744 747/956/747 748/957/748 745/954/745 
f 741/947/741 738/944/738 745/954/745 748/957/748 
f 738/944/738 737/943/737 746/955/746 745/954/745 
f 749/958/749 750/959/750 751/960/751 752/961/752 
f 750/959/750 753/962/753 754/963/754 751/960/751 
f 747/956/747 744/953/744 751/960/751 754/963/754 
f 744/953/744 743/952/743 752/961/752 751/960/751 
f 755/964/755 756/965/756 757/966/757 758/967/758 
f 756/965/756 759/968/759 760/969/760 757/966/757 
f 753/962/753 750/959/750 757/966/757 760/969/760 
f 750/959/750 749/958/749 758/967/758 757/966/757 
f 761/970/761 762/971/762 763/972/763 764/973/764 
f 762/971/762 765/974/765 766/975/766 763/972/763 
f 759/968/759 756/965/756 763/972/763 766/975/766 
f 756/965/756 755/964/755 764/973/764 763/972/763 
f 767/976/767 768/977/768 769/978/769 770/979/770 
f 768/977/768 771/980/771 772/981/772 769/978/769 
f 765/982/765 762/983/762 769/978/769 772/981/772 
f 762/983/762 761/984/761 770/979/770 769/978/769 
f 773/985/773 774/986/774 775/987/775 776/988/776 
f 774/986/774 777/989/777 778/990/778 775/987/775 
f 771/980/771 768/977/768 775/987/775 778/990/778 
f 768/977/768 767/976/767 776/988/776 775/987/775 
f 779/991/779 780/992/780 781/993/781 782/994/782 
f 780/992/780 783/995/783 784/996/784 781/993/781 
f 777/989/777 774/986/774 781/993/781 784/996/784 
f 774/986/774 773/985/773 782/994/782 781/993/781 
f 785/997/785 786/998/786 787/999/787 788/1000/788 
f 786/998/786 789/1001/789 790/1002/790 787/999/787 
f 783/995/783 780/992/780 787/999/787 790/1002/790 
f 780/992/780 779/991/779 788/1000/788 787/999/787 
f 791/1003/791 792/1004/792 793/1005/793 794/1006/794 
f 792/1004/792 795/1007/795 796/1008/796 793/1005/793 
f 789/1009/789 786/1010/786 793/1005/793 796/1008/796 
f 786/1010/786 785/1011/785 794/1006/794 793/1005/793 
f 797/1012/797 798/1013/798 799/1014/799 800/1015/800 
f 798/1013/798 801/1016/801 802/1017/802 799/1014/799 
f 795/1007/795 792/1004/792 799/1014/799 802/1017/802 
f 792/1004/792 791/1003/791 800/1015/800 799/1014/799 
f 803/1018/803 804/1019/804 805/1020/805 806/1021/806 
f 804/1019/804 807/1022/807 808/1023/808 805/1020/805 
f 801/1016/801 798/1013/798 805/1020/805 808/1023/808 
f 798/1013/798 797/1012/797 806/1021/806 805/1020/805 
f 809/1024/809 810/1025/810 811/1026/811 812/1027/812 
f 810/1025/810 813/1028/813 814/1029/814 811/1026/811 
f 807/1022/807 804/1019/804 811/1026/811 814/1029/814 
f 804/1019/804 803/1018/803 812/1027/812 811/1026/811 
f 815/1030/815 816/1031/816 817/1032/817 818/1033/818 
f 816/1031/816 819/1034/819 820/1035/820 817/1032/817 
f 813/1028/813 810/1025/810 817/1032/817 820/1035/820 
f 810/1025/810 809/1024/809 818/1033/818 817/1032/817 
f 821/1036/821 822/1037/822 823/1038/823 824/1039/824 
f 822/1037/822 825/1040/825 826/1041/826 823/1038/823 
f 819/1042/819 816/1043/816 823/1038/823 826/1041/826 
f 816/1043/816 815/1044/815 824/1039/824 823/1038/823 
f 730/936/730 729/935/729 827/1045/827 828/1046/828 
f 729/935/729 728/934/728 829/1047/829 827/1045/827 
f 825/1040/825 822/1037/822 827/1045/827 829/1047/829 
f 822/1037/822 821/1036/821 828/1046/828 827/1045/827 
f 830/1048/830 831/1049/831 832/1050/832 833/1051/833 
f 831/1049/831 834/1052/834 835/1053/835 832/1050/832 
f 836/1054/836 837/1055/837 832/1050/832 835/1053/835 
f 837/1055/837 838/1056/838 833/1051/833 832/1050/832 
f 839/1057/839 840/1058/840 841/1059/841 842/1060/842 
f 840/1058/840 843/1061/843 844/1062/844 841/1059/841 
f 834/1052/834 831/1049/831 841/1059/841 844/1062/844 
f 831/1049/831 830/1048/830 842/1060/842 841/1059/841 
f 845/1063/845 846/1064/846 847/1065/847 848/1066/848 
f 846/1064/846 849/1067/849 850/1068/850 847/1065/847 
f 843/1069/843 840/1070/840 847/1065/847 850/1068/850 
f 840/1070/840 839/1071/839 848/1066/848 847/1065/847 
f 851/1072/851 852/1073/852 853/1074/853 854/1075/854 
f 852/1073/852 855/1076/855 856/1077/856 853/1074/853 
f 849/1067/849 846/1064/846 853/1074/853 856/1077/856 
f 846/1064/846 845/1063/845 854/1075/854 853/1074/853 
f 857/1078/857 858/1079/858 859/1080/859 860/1081/859 
f 858/1079/858 861/1082/860 862/1083/861 859/1080/859 
f 855/1076/855 852/1073/852 859/1080/859 862/1083/861 
f 852/1073/852 851/1072/851 860/1081/859 859/1080/859 
f 863/1084/862 864/1085/863 865/1086/864 866/1087/865 
f 864/1085/863 867/1088/866 868/1089/867 865/1086/864 
f 861/1082/860 858/1079/858 865/1086/864 868/1089/867 
f 858/1079/858 857/1078/857 866/1087/865 865/1086/864 
f 869/1090/868 870/1091/869 871/1092/870 872/1093/871 
f 870/1091/869 873/1094/872 874/1095/873 871/1092/870 
f 867/1088/866 864/1085/863 871/1092/870 874/1095/873 
f 864/1085/863 863/1084/862 872/1093/871 871/1092/870 
f 875/1096/874 876/1097/875 877/1098/876 878/1099/877 
f 876/1097/875 879/1100/878 880/1101/879 877/1098/876 
f 873/1094/872 870/1091/869 877/1102/876 880/1103/879 
f 870/1104/869 869/1105/868 878/1099/877 877/1098/876 
f 881/1106/880 882/1107/881 883/1108/882 884/1109/883 
f 882/1107/881 885/1110/884 886/1111/885 883/1108/882 
f 879/1100/878 876/1097/875 883/1108/882 886/1111/885 
f 876/1097/875 875/1096/874 884/1109/883 883/1108/882 
f 887/1112/886 888/1113/887 889/1114/888 890/1115/889 
f 888/1113/887 891/1116/890 892/1117/891 889/1114/888 
f 885/1110/884 882/1107/881 889/1114/888 892/1117/891 
f 882/1107/881 881/1106/880 890/1115/889 889/1114/888 
f 893/1118/892 894/1119/893 895/1120/894 896/1121/895 
f 894/1119/893 897/1122/896 898/1123/897 895/1120/894 
f 891/1116/890 888/1113/887 895/1120/894 898/1123/897 
f 888/1113/887 887/1112/886 896/1121/895 895/1120/894 
f 899/1124/898 900/1125/899 901/1126/900 902/1127/901 
f 900/1125/899 903/1128/902 904/1129/903 901/1126/900 
f 897/1122/896 894/1130/893 901/1131/900 904/1132/903 
f 894/1119/893 893/1118/892 902/1133/901 901/1131/900 
f 905/1134/904 906/1135/905 907/1136/906 908/1137/907 
f 906/1138/905 909/1139/908 910/1140/909 907/1141/906 
f 903/1128/902 900/1125/899 907/1141/906 910/1140/909 
f 900/1125/899 899/1124/898 908/1142/907 907/1143/906 
f 911/1144/910 912/1145/911 913/1146/912 914/1147/913 
f 912/1148/911 915/1149/914 916/1150/915 913/1151/912 
f 909/1139/908 906/1138/905 913/1151/912 916/1150/915 
f 906/1135/905 905/1134/904 914/1147/913 913/1146/912 
f 917/1152/916 918/1153/917 919/1154/918 920/1155/919 
f 918/1156/917 921/1157/920 922/1158/921 919/1159/918 
f 915/1149/914 912/1148/911 919/1159/918 922/1158/921 
f 912/1145/911 911/1144/910 920/1155/919 919/1154/918 
f 923/1160/922 924/1161/923 925/1162/924 926/1163/925 
f 924/1161/923 927/1164/926 928/1165/927 925/1162/924 
f 921/1157/920 918/1156/917 925/1166/924 928/1167/927 
f 918/1156/917 917/1168/916 926/1169/925 925/1166/924 
f 929/1170/928 930/1171/929 931/1172/930 932/1173/931 
f 930/1171/929 933/1174/932 934/1175/933 931/1172/930 
f 927/1164/926 924/1161/923 931/1172/930 934/1175/933 
f 924/1161/923 923/1160/922 932/1173/931 931/1172/930 
f 838/1056/838 837/1055/837 935/1176/934 936/1177/935 
f 837/1055/837 836/1054/836 937/1178/936 935/1176/934 
f 933/1174/932 930/1171/929 935/1176/934 937/1178/936 
f 930/1171/929 929/1170/928 936/1177/935 935/1176/934 
f 7/7/7 938/1179/937 939/1180/938 8/8/8 
f 938/1179/937 722/928/722 725/931/725 939/1180/938 
f 730/936/730 940/1181/939 939/1180/938 725/931/725 
f 940/1181/939 9/9/9 8/8/8 939/1180/938 
f 14/14/14 941/1182/940 942/1183/941 15/15/15 
f 941/1182/940 731/937/731 734/940/734 942/1183/941 
f 722/928/722 938/1179/937 942/1183/941 734/940/734 
f 938/1179/937 7/7/7 15/15/15 942/1183/941 
f 20/22/20 943/1184/942 944/1185/943 21/23/21 
f 943/1184/942 737/943/737 740/946/740 944/1185/943 
f 731/951/731 941/1186/940 944/1185/943 740/946/740 
f 941/1186/940 14/24/14 21/23/21 944/1185/943 
f 26/29/26 945/1187/944 946/1188/945 27/30/27 
f 945/1187/944 743/952/743 746/955/746 946/1188/945 
f 737/943/737 943/1184/942 946/1188/945 746/955/746 
f 943/1184/942 20/22/20 27/30/27 946/1188/945 
f 32/35/32 947/1189/946 948/1190/947 33/36/33 
f 947/1189/946 749/958/749 752/961/752 948/1190/947 
f 743/952/743 945/1187/944 948/1190/947 752/961/752 
f 945/1187/944 26/29/26 33/36/33 948/1190/947 
f 38/41/38 949/1191/948 950/1192/949 39/42/39 
f 949/1191/948 755/964/755 758/967/758 950/1192/949 
f 749/958/749 947/1189/946 950/1192/949 758/967/758 
f 947/1189/946 32/35/32 39/42/39 950/1192/949 
f 44/47/44 951/1193/950 952/1194/951 45/48/45 
f 951/1193/950 761/970/761 764/973/764 952/1194/951 
f 755/964/755 949/1191/948 952/1194/951 764/973/764 
f 949/1191/948 38/41/38 45/48/45 952/1194/951 
f 50/55/50 953/1195/952 954/1196/953 51/56/51 
f 953/1195/952 767/976/767 770/979/770 954/1196/953 
f 761/984/761 951/1197/950 954/1196/953 770/979/770 
f 951/1197/950 44/57/44 51/56/51 954/1196/953 
f 56/62/56 955/1198/954 956/1199/955 57/63/57 
f 955/1198/954 773/985/773 776/988/776 956/1199/955 
f 767/976/767 953/1195/952 956/1199/955 776/988/776 
f 953/1195/952 50/55/50 57/63/57 956/1199/955 
f 62/68/62 957/1200/956 958/1201/957 63/69/63 
f 957/1200/956 779/991/779 782/994/782 958/1201/957 
f 773/985/773 955/1198/954 958/1201/957 782/994/782 
f 955/1198/954 56/62/56 63/69/63 958/1201/957 
f 68/74/68 959/1202/958 960/1203/959 69/75/69 
f 959/1202/958 785/997/785 788/1000/788 960/1203/959 
f 779/991/779 957/1200/956 960/1203/959 788/1000/788 
f 957/1200/956 62/68/62 69/75/69 960/1203/959 
f 74/82/74 961/1204/960 962/1205/961 75/83/75 
f 961/1204/960 791/1003/791 794/1006/794 962/1205/961 
f 785/1011/785 959/1206/958 962/1205/961 794/1006/794 
f 959/1206/958 68/84/68 75/83/75 962/1205/961 
f 80/89/80 963/1207/962 964/1208/963 81/90/81 
f 963/1207/962 797/1012/797 800/1015/800 964/1208/963 
f 791/1003/791 961/1204/960 964/1208/963 800/1015/800 
f 961/1204/960 74/82/74 81/90/81 964/1208/963 
f 86/95/86 965/1209/964 966/1210/965 87/96/87 
f 965/1209/964 803/1018/803 806/1021/806 966/1210/965 
f 797/1012/797 963/1207/962 966/1210/965 806/1021/806 
f 963/1207/962 80/89/80 87/96/87 966/1210/965 
f 92/101/92 967/1211/966 968/1212/967 93/102/93 
f 967/1211/966 809/1024/809 812/1027/812 968/1212/967 
f 803/1018/803 965/1209/964 968/1212/967 812/1027/812 
f 965/1209/964 86/95/86 93/102/93 968/1212/967 
f 98/107/98 969/1213/968 970/1214/969 99/108/99 
f 969/1213/968 815/1030/815 818/1033/818 970/1214/969 
f 809/1024/809 967/1211/966 970/1214/969 818/1033/818 
f 967/1211/966 92/101/92 99/108/99 970/1214/969 
f 104/115/104 971/1215/970 972/1216/971 105/116/105 
f 971/1215/970 821/1036/821 824/1039/824 972/1216/971 
f 815/1044/815 969/1217/968 972/1216/971 824/1039/824 
f 969/1217/968 98/117/98 105/116/105 972/1216/971 
f 9/9/9 940/1181/939 973/1218/972 108/120/108 
f 940/1181/939 730/936/730 828/1046/828 973/1218/972 
f 821/1036/821 971/1215/970 973/1218/972 828/1046/828 
f 971/1215/970 104/115/104 108/120/108 973/1218/972 
f 655/1219/655 654/1220/654 974/1221/973 975/1222/974 
f 654/1220/654 653/1223/653 976/1224/975 974/1221/973 
f 977/1225/976 978/1226/977 974/1227/973 976/1228/975 
f 978/1226/977 979/1229/978 975/1230/974 974/1227/973 
f 659/1231/659 658/1232/658 980/1233/979 981/1234/980 
f 658/1232/658 655/1219/655 975/1222/974 980/1233/979 
f 979/1229/978 982/1235/981 980/1236/979 975/1230/974 
f 982/1235/981 983/1237/982 981/1238/980 980/1236/979 
f 663/1239/663 662/1240/662 984/1241/983 985/1242/984 
f 662/1240/662 659/1231/659 981/1234/980 984/1241/983 
f 983/1243/982 986/1244/985 984/1241/983 981/1234/980 
f 986/1245/985 987/1246/986 985/1247/984 984/1248/983 
f 667/1249/667 666/1250/666 988/1251/987 989/1252/988 
f 666/1250/666 663/1239/663 985/1242/984 988/1251/987 
f 987/1246/986 990/1253/989 988/1254/987 985/1247/984 
f 990/1253/989 991/1255/990 989/1256/988 988/1254/987 
f 671/1257/671 670/1258/670 992/1259/991 993/1260/992 
f 670/1258/670 667/1249/667 989/1252/988 992/1259/991 
f 991/1255/990 994/1261/993 992/1262/991 989/1256/988 
f 994/1261/993 995/1263/994 993/1264/992 992/1262/991 
f 675/1265/675 674/1266/674 996/1267/995 997/1268/996 
f 674/1266/674 671/1257/671 993/1260/992 996/1267/995 
f 995/1263/994 998/1269/997 996/1270/995 993/1264/992 
f 998/1269/997 999/1271/998 997/1272/996 996/1270/995 
f 679/1273/679 678/1274/678 1000/1275/999 1001/1276/1000 
f 678/1274/678 675/1265/675 997/1268/996 1000/1275/999 
f 999/1271/998 1002/1277/1001 1000/1278/999 997/1272/996 
f 1002/1279/1001 1003/1280/1002 1001/1276/1000 1000/1275/999 
f 683/1281/683 682/1282/682 1004/1283/1003 1005/1284/1004 
f 682/1282/682 679/1273/679 1001/1276/1000 1004/1283/1003 
f 1003/1285/1002 1006/1286/1005 1004/1287/1003 1001/1288/1000 
f 1006/1286/1005 1007/1289/1006 1005/1290/1004 1004/1287/1003 
f 687/1291/687 686/1292/686 1008/1293/1007 1009/1294/1008 
f 686/1292/686 683/1281/683 1005/1284/1004 1008/1293/1007 
f 1007/1289/1006 1010/1295/1009 1008/1296/1007 1005/1290/1004 
f 1010/1295/1009 1011/1297/1010 1009/1298/1008 1008/1296/1007 
f 691/1299/691 690/1300/690 1012/1301/1011 1013/1302/1012 
f 690/1300/690 687/1291/687 1009/1294/1008 1012/1301/1011 
f 1011/1297/1010 1014/1303/1013 1012/1304/1011 1009/1298/1008 
f 1014/1303/1013 1015/1305/1014 1013/1306/1012 1012/1304/1011 
f 695/1307/695 694/1308/694 1016/1309/1015 1017/1310/1016 
f 694/1308/694 691/1299/691 1013/1302/1012 1016/1309/1015 
f 1015/1305/1014 1018/1311/1017 1016/1312/1015 1013/1306/1012 
f 1018/1311/1017 1019/1313/1018 1017/1314/1016 1016/1312/1015 
f 699/1315/699 698/1316/698 1020/1317/1019 1021/1318/1020 
f 698/1316/698 695/1307/695 1017/1310/1016 1020/1317/1019 
f 1019/1319/1018 1022/1320/1021 1020/1317/1019 1017/1310/1016 
f 1022/1321/1021 1023/1322/1022 1021/1323/1020 1020/1324/1019 
f 703/1325/703 702/1326/702 1024/1327/1023 1025/1328/1024 
f 702/1326/702 699/1315/699 1021/1318/1020 1024/1327/1023 
f 1023/1322/1022 1026/1329/1025 1024/1330/1023 1021/1323/1020 
f 1026/1329/1025 1027/1331/1026 1025/1332/1024 1024/1330/1023 
f 707/1333/707 706/1334/706 1028/1335/1027 1029/1336/1028 
f 706/1334/706 703/1325/703 1025/1328/1024 1028/1335/1027 
f 1027/1331/1026 1030/1337/1029 1028/1338/1027 1025/1332/1024 
f 1030/1337/1029 1031/1339/1030 1029/1340/1028 1028/1338/1027 
f 711/1341/711 710/1342/710 1032/1343/1031 1033/1344/1032 
f 710/1342/710 707/1333/707 1029/1336/1028 1032/1343/1031 
f 1031/1339/1030 1034/1345/1033 1032/1346/1031 1029/1340/1028 
f 1034/1345/1033 1035/1347/1034 1033/1348/1032 1032/1346/1031 
f 715/1349/715 714/1350/714 1036/1351/1035 1037/1352/1036 
f 714/1350/714 711/1341/711 1033/1344/1032 1036/1351/1035 
f 1035/1347/1034 1038/1353/1037 1036/1354/1035 1033/1348/1032 
f 1038/1355/1037 1039/1356/1038 1037/1352/1036 1036/1351/1035 
f 719/1357/719 718/1358/718 1040/1359/1039 1041/1360/1040 
f 718/1358/718 715/1349/715 1037/1352/1036 1040/1359/1039 
f 1039/1361/1038 1042/1362/1041 1040/1363/1039 1037/1364/1036 
f 1042/1362/1041 1043/1365/1042 1041/1366/1040 1040/1363/1039 
f 653/1223/653 721/1367/721 1044/1368/1043 976/1224/975 
f 721/1367/721 719/1357/719 1041/1360/1040 1044/1368/1043 
f 1043/1365/1042 1045/1369/1044 1044/1370/1043 1041/1366/1040 
f 1045/1369/1044 977/1225/976 976/1228/975 1044/1370/1043 
f 979/1371/978 978/1372/977 1046/1373/1045 1047/1374/1046 
f 978/1372/977 977/1375/976 1048/1376/1047 1046/1373/1045 
f 1049/1377/1048 1050/1378/1049 1046/1373/1045 1048/1376/1047 
f 1050/1378/1049 1051/1379/1050 1047/1374/1046 1046/1373/1045 
f 983/1280/982 982/1380/981 1052/1381/1051 1053/1382/1052 
f 982/1380/981 979/1371/978 1047/1374/1046 1052/1381/1051 
f 1051/1379/1050 1054/1383/1053 1052/1381/1051 1047/1374/1046 
f 1054/1383/1053 1055/1384/1054 1053/1382/1052 1052/1381/1051 
f 987/1385/986 986/1279/985 1056/1386/1055 1057/1387/1056 
f 986/1279/985 983/1280/982 1053/1382/1052 1056/1386/1055 
f 1055/1384/1054 1058/1388/1057 1056/1386/1055 1053/1382/1052 
f 1058/1388/1057 1059/1389/1058 1057/1387/1056 1056/1386/1055 
f 991/1390/990 990/1391/989 1060/1392/1059 1061/1393/1060 
f 990/1391/989 987/1385/986 1057/1387/1056 1060/1392/1059 
f 1059/1389/1058 1062/1394/1061 1060/1392/1059 1057/1387/1056 
f 1062/1394/1061 1063/1395/1062 1061/1393/1060 1060/1392/1059 
f 995/1396/994 994/1397/993 1064/1398/1063 1065/1399/1064 
f 994/1397/993 991/1390/990 1061/1393/1060 1064/1398/1063 
f 1063/1395/1062 1066/1400/1065 1064/1398/1063 1061/1393/1060 
f 1066/1400/1065 1067/1401/1066 1065/1399/1064 1064/1398/1063 
f 999/1402/998 998/1403/997 1068/1404/1067 1069/1405/1068 
f 998/1403/997 995/1396/994 1065/1399/1064 1068/1404/1067 
f 1067/1401/1066 1070/1406/1069 1068/1404/1067 1065/1399/1064 
f 1070/1406/1069 1071/1407/1070 1069/1405/1068 1068/1404/1067 
f 1003/1243/1002 1002/1244/1001 1072/1408/1071 1073/1409/1072 
f 1002/1244/1001 999/1402/998 1069/1405/1068 1072/1408/1071 
f 1071/1407/1070 1074/1410/1073 1072/1408/1071 1069/1405/1068 
f 1074/1410/1073 1075/1411/1074 1073/1409/1072 1072/1408/1071 
f 1007/1412/1006 1006/1413/1005 1076/1414/1075 1077/1415/1076 
f 1006/1413/1005 1003/1243/1002 1073/1409/1072 1076/1414/1075 
f 1075/1411/1074 1078/1416/1077 1076/1414/1075 1073/1409/1072 
f 1078/1416/1077 1079/1417/1078 1077/1415/1076 1076/1414/1075 
f 1011/1418/1010 1010/1419/1009 1080/1420/1079 1081/1421/1080 
f 1010/1419/1009 1007/1412/1006 1077/1415/1076 1080/1420/1079 
f 1079/1417/1078 1082/1422/1081 1080/1420/1079 1077/1415/1076 
f 1082/1422/1081 1083/1423/1082 1081/1421/1080 1080/1420/1079 
f 1015/1424/1014 1014/1425/1013 1084/1426/1083 1085/1427/1084 
f 1014/1425/1013 1011/1418/1010 1081/1421/1080 1084/1426/1083 
f 1083/1423/1082 1086/1428/1085 1084/1426/1083 1081/1421/1080 
f 1086/1428/1085 1087/1429/1086 1085/1427/1084 1084/1426/1083 
f 1019/1356/1018 1018/1430/1017 1088/1431/1087 1089/1432/1088 
f 1018/1430/1017 1015/1424/1014 1085/1427/1084 1088/1431/1087 
f 1087/1429/1086 1090/1433/1089 1088/1431/1087 1085/1427/1084 
f 1090/1433/1089 1091/1434/1090 1089/1432/1088 1088/1431/1087 
f 1023/1435/1022 1022/1355/1021 1092/1436/1091 1093/1437/1092 
f 1022/1355/1021 1019/1356/1018 1089/1432/1088 1092/1436/1091 
f 1091/1434/1090 1094/1438/1093 1092/1436/1091 1089/1432/1088 
f 1094/1438/1093 1095/1439/1094 1093/1437/1092 1092/1436/1091 
f 1027/1440/1026 1026/1441/1025 1096/1442/1095 1097/1443/1096 
f 1026/1441/1025 1023/1435/1022 1093/1437/1092 1096/1442/1095 
f 1095/1439/1094 1098/1444/1097 1096/1442/1095 1093/1437/1092 
f 1098/1444/1097 1099/1445/1098 1097/1443/1096 1096/1442/1095 
f 1031/1446/1030 1030/1447/1029 1100/1448/1099 1101/1449/1100 
f 1030/1447/1029 1027/1440/1026 1097/1443/1096 1100/1448/1099 
f 1099/1445/1098 1102/1450/1101 1100/1448/1099 1097/1443/1096 
f 1102/1450/1101 1103/1451/1102 1101/1449/1100 1100/1448/1099 
f 1035/1452/1034 1034/1453/1033 1104/1454/1103 1105/1455/1104 
f 1034/1453/1033 1031/1446/1030 1101/1449/1100 1104/1454/1103 
f 1103/1451/1102 1106/1456/1105 1104/1454/1103 1101/1449/1100 
f 1106/1456/1105 1107/1457/1106 1105/1455/1104 1104/1454/1103 
f 1039/1319/1038 1038/1320/1037 1108/1458/1107 1109/1459/1108 
f 1038/1320/1037 1035/1452/1034 1105/1455/1104 1108/1458/1107 
f 1107/1457/1106 1110/1460/1109 1108/1458/1107 1105/1455/1104 
f 1110/1460/1109 1111/1461/1110 1109/1459/1108 1108/1458/1107 
f 1043/1462/1042 1042/1463/1041 1112/1464/1111 1113/1465/1112 
f 1042/1463/1041 1039/1319/1038 1109/1459/1108 1112/1464/1111 
f 1111/1461/1110 1114/1466/1113 1112/1464/1111 1109/1459/1108 
f 1114/1466/1113 1115/1467/1114 1113/1465/1112 1112/1464/1111 
f 977/1375/976 1045/1468/1044 1116/1469/1115 1048/1376/1047 
f 1045/1468/1044 1043/1462/1042 1113/1465/1112 1116/1469/1115 
f 1115/1467/1114 1117/1470/1116 1116/1469/1115 1113/1465/1112 
f 1117/1470/1116 1049/1377/1048 1048/1376/1047 1116/1469/1115 
f 1049/1377/1048 1117/1470/1116 1118/1471/1117 1050/1378/1049 
f 1117/1470/1116 1115/1467/1114 1114/1466/1113 1118/1471/1117 
f 1111/1461/1110 1110/1460/1109 1118/1471/1117 1114/1466/1113 
f 1110/1460/1109 1107/1457/1106 1106/1456/1105 1118/1471/1117 
f 1103/1451/1102 1102/1450/1101 1118/1471/1117 1106/1456/1105 
f 1102/1450/1101 1099/1445/1098 1098/1444/1097 1118/1471/1117 
f 1095/1439/1094 1094/1438/1093 1118/1471/1117 1098/1444/1097 
f 1094/1438/1093 1091/1434/1090 1090/1433/1089 1118/1471/1117 
f 1087/1429/1086 1086/1428/1085 1118/1471/1117 1090/1433/1089 
f 1086/1428/1085 1083/1423/1082 1082/1422/1081 1118/1471/1117 
f 1079/1417/1078 1078/1416/1077 1118/1471/1117 1082/1422/1081 
f 1078/1416/1077 1075/1411/1074 1074/1410/1073 1118/1471/1117 
f 1071/1407/1070 1070/1406/1069 1118/1471/1117 1074/1410/1073 
f 1070/1406/1069 1067/1401/1066 1066/1400/1065 1118/1471/1117 
f 1063/1395/1062 1062/1394/1061 1118/1471/1117 1066/1400/1065 
f 1062/1394/1061 1059/1389/1058 1058/1388/1057 1118/1471/1117 
f 1055/1384/1054 1054/1383/1053 1118/1471/1117 1058/1388/1057 
f 1054/1383/1053 1051/1379/1050 1050/1378/1049 1118/1471/1117 
f 117/132/117 1119/1472/1118 1120/1473/1119 112/124/112 
f 1119/1472/1118 1121/1474/1120 1122/1475/1121 1120/1473/1119 
f 1123/1476/1122 1124/1477/1123 1120/1473/1119 1122/1475/1121 
f 1124/1477/1123 109/121/109 112/124/112 1120/1473/1119 
f 109/121/109 1124/1477/1123 1125/1478/1124 121/136/121 
f 1124/1477/1123 1123/1476/1122 1126/1479/1125 1125/1478/1124 
f 1127/1480/1126 1128/1481/1127 1125/1478/1124 1126/1479/1125 
f 1128/1481/1127 118/133/118 121/136/121 1125/1478/1124 
f 118/133/118 1128/1481/1127 1129/1482/1128 127/144/127 
f 1128/1481/1127 1127/1480/1126 1130/1483/1129 1129/1482/1128 
f 1131/1484/1130 1132/1485/1131 1129/1482/1128 1130/1483/1129 
f 1132/1485/1131 124/141/124 127/144/127 1129/1482/1128 
f 124/141/124 1132/1485/1131 1133/1486/1132 133/151/133 
f 1132/1485/1131 1131/1484/1130 1134/1487/1133 1133/1486/1132 
f 1135/1488/1134 1136/1489/1135 1133/1486/1132 1134/1487/1133 
f 1136/1489/1135 130/148/130 133/151/133 1133/1486/1132 
f 130/148/130 1136/1489/1135 1137/1490/1136 139/157/139 
f 1136/1489/1135 1135/1488/1134 1138/1491/1137 1137/1490/1136 
f 1139/1492/1138 1140/1493/1139 1137/1490/1136 1138/1491/1137 
f 1140/1493/1139 136/154/136 139/157/139 1137/1490/1136 
f 136/154/136 1140/1493/1139 1141/1494/1140 145/163/145 
f 1140/1493/1139 1139/1492/1138 1142/1495/1141 1141/1494/1140 
f 1143/1496/1142 1144/1497/1143 1141/1494/1140 1142/1495/1141 
f 1144/1497/1143 142/160/142 145/163/145 1141/1494/1140 
f 142/160/142 1144/1497/1143 1145/1498/1144 151/169/151 
f 1144/1497/1143 1143/1496/1142 1146/1499/1145 1145/1498/1144 
f 1147/1500/1146 1148/1501/1147 1145/1498/1144 1146/1499/1145 
f 1148/1501/1147 148/166/148 151/169/151 1145/1498/1144 
f 148/166/148 1148/1501/1147 1149/1502/1148 157/175/157 
f 1148/1501/1147 1147/1500/1146 1150/1503/1149 1149/1502/1148 
f 1151/1504/1150 1152/1505/1151 1149/1502/1148 1150/1503/1149 
f 1152/1505/1151 154/172/154 157/175/157 1149/1502/1148 
f 154/172/154 1152/1505/1151 1153/1506/1152 163/185/163 
f 1152/1505/1151 1151/1504/1150 1154/1507/1153 1153/1506/1152 
f 1155/1508/1154 1156/1509/1155 1153/1506/1152 1154/1507/1153 
f 1156/1509/1155 160/182/160 163/185/163 1153/1506/1152 
f 160/182/160 1156/1509/1155 1157/1510/1156 169/196/169 
f 1156/1509/1155 1155/1508/1154 1158/1511/1157 1157/1510/1156 
f 1159/1512/1158 1160/1513/1159 1157/1514/1156 1158/1515/1157 
f 1160/1516/1159 166/1517/166 169/196/169 1157/1510/1156 
f 166/207/166 1160/1513/1159 1161/1518/1160 175/201/175 
f 1160/1513/1159 1159/1512/1158 1162/1519/1161 1161/1518/1160 
f 1163/1520/1162 1164/1521/1163 1161/1518/1160 1162/1519/1161 
f 1164/1521/1163 172/198/172 175/201/175 1161/1518/1160 
f 172/198/172 1164/1521/1163 1165/1522/1164 181/211/181 
f 1164/1521/1163 1163/1520/1162 1166/1523/1165 1165/1522/1164 
f 1167/1524/1166 1168/1525/1167 1165/1522/1164 1166/1523/1165 
f 1168/1525/1167 178/208/178 181/211/181 1165/1522/1164 
f 178/208/178 1168/1525/1167 1169/1526/1168 187/218/187 
f 1168/1525/1167 1167/1524/1166 1170/1527/1169 1169/1526/1168 
f 1171/1528/1170 1172/1529/1171 1169/1526/1168 1170/1527/1169 
f 1172/1529/1171 184/215/184 187/218/187 1169/1526/1168 
f 184/215/184 1172/1529/1171 1173/1530/1172 193/224/193 
f 1172/1529/1171 1171/1528/1170 1174/1531/1173 1173/1530/1172 
f 1175/1532/1174 1176/1533/1175 1173/1530/1172 1174/1531/1173 
f 1176/1533/1175 190/221/190 193/224/193 1173/1530/1172 
f 190/221/190 1176/1533/1175 1177/1534/1176 199/230/199 
f 1176/1533/1175 1175/1532/1174 1178/1535/1177 1177/1534/1176 
f 1179/1536/1178 1180/1537/1179 1177/1534/1176 1178/1535/1177 
f 1180/1537/1179 196/227/196 199/230/199 1177/1534/1176 
f 196/227/196 1180/1537/1179 1181/1538/1180 205/236/205 
f 1180/1537/1179 1179/1536/1178 1182/1539/1181 1181/1538/1180 
f 1183/1540/1182 1184/1541/1183 1181/1538/1180 1182/1539/1181 
f 1184/1541/1183 202/233/202 205/236/205 1181/1538/1180 
f 202/233/202 1184/1541/1183 1185/1542/1184 211/242/211 
f 1184/1541/1183 1183/1540/1182 1186/1543/1185 1185/1542/1184 
f 1187/1544/1186 1188/1545/1187 1185/1542/1184 1186/1543/1185 
f 1188/1545/1187 208/239/208 211/242/211 1185/1542/1184 
f 208/1546/208 1188/1547/1187 1189/1548/1188 215/250/215 
f 1188/1545/1187 1187/1544/1186 1190/1549/1189 1189/1550/1188 
f 1121/1474/1120 1119/1472/1118 1189/1548/1188 1190/1551/1189 
f 1119/1472/1118 117/132/117 215/250/215 1189/1548/1188 
f 834/1052/834 1191/1552/1190 1192/1553/1191 835/1053/835 
f 1191/1552/1190 1123/1554/1122 1122/1555/1121 1192/1553/1191 
f 1121/1556/1120 1193/1557/1192 1192/1553/1191 1122/1555/1121 
f 1193/1557/1192 836/1054/836 835/1053/835 1192/1553/1191 
f 843/1069/843 1194/1558/1193 1195/1559/1194 844/1560/844 
f 1194/1561/1193 1127/1562/1126 1126/1563/1125 1195/1564/1194 
f 1123/1554/1122 1191/1552/1190 1195/1564/1194 1126/1563/1125 
f 1191/1552/1190 834/1052/834 844/1062/844 1195/1564/1194 
f 849/1067/849 1196/1565/1195 1197/1566/1196 850/1068/850 
f 1196/1565/1195 1131/1567/1130 1130/1568/1129 1197/1566/1196 
f 1127/1569/1126 1194/1558/1193 1197/1566/1196 1130/1568/1129 
f 1194/1558/1193 843/1069/843 850/1068/850 1197/1566/1196 
f 855/1076/855 1198/1570/1197 1199/1571/1198 856/1077/856 
f 1198/1570/1197 1135/1572/1134 1134/1573/1133 1199/1571/1198 
f 1131/1567/1130 1196/1565/1195 1199/1571/1198 1134/1573/1133 
f 1196/1565/1195 849/1067/849 856/1077/856 1199/1571/1198 
f 861/1082/860 1200/1574/1199 1201/1575/1200 862/1083/861 
f 1200/1574/1199 1139/1576/1138 1138/1577/1137 1201/1575/1200 
f 1135/1572/1134 1198/1570/1197 1201/1575/1200 1138/1577/1137 
f 1198/1570/1197 855/1076/855 862/1083/861 1201/1575/1200 
f 867/1088/866 1202/1578/1201 1203/1579/1202 868/1089/867 
f 1202/1578/1201 1143/1580/1142 1142/1581/1141 1203/1579/1202 
f 1139/1576/1138 1200/1574/1199 1203/1579/1202 1142/1581/1141 
f 1200/1574/1199 861/1082/860 868/1089/867 1203/1579/1202 
f 873/1094/872 1204/1582/1203 1205/1583/1204 874/1095/873 
f 1204/1582/1203 1147/1584/1146 1146/1585/1145 1205/1583/1204 
f 1143/1580/1142 1202/1578/1201 1205/1583/1204 1146/1585/1145 
f 1202/1578/1201 867/1088/866 874/1095/873 1205/1583/1204 
f 879/1100/878 1206/1586/1205 1207/1587/1206 880/1101/879 
f 1206/1586/1205 1151/1588/1150 1150/1589/1149 1207/1587/1206 
f 1147/1584/1146 1204/1582/1203 1207/1590/1206 1150/1591/1149 
f 1204/1582/1203 873/1094/872 880/1103/879 1207/1590/1206 
f 885/1110/884 1208/1592/1207 1209/1593/1208 886/1111/885 
f 1208/1592/1207 1155/1594/1154 1154/1595/1153 1209/1593/1208 
f 1151/1588/1150 1206/1586/1205 1209/1593/1208 1154/1595/1153 
f 1206/1586/1205 879/1100/878 886/1111/885 1209/1593/1208 
f 891/1116/890 1210/1596/1209 1211/1597/1210 892/1117/891 
f 1210/1596/1209 1159/1598/1158 1158/1599/1157 1211/1597/1210 
f 1155/1594/1154 1208/1592/1207 1211/1597/1210 1158/1599/1157 
f 1208/1592/1207 885/1110/884 892/1117/891 1211/1597/1210 
f 897/1122/896 1212/1600/1211 1213/1601/1212 898/1123/897 
f 1212/1600/1211 1163/1602/1162 1162/1603/1161 1213/1601/1212 
f 1159/1598/1158 1210/1596/1209 1213/1601/1212 1162/1603/1161 
f 1210/1596/1209 891/1116/890 898/1123/897 1213/1601/1212 
f 903/1128/902 1214/1604/1213 1215/1605/1214 904/1129/903 
f 1214/1604/1213 1167/1606/1166 1166/1607/1165 1215/1605/1214 
f 1163/1608/1162 1212/1609/1211 1215/1605/1214 1166/1607/1165 
f 1212/1609/1211 897/1610/896 904/1129/903 1215/1605/1214 
f 909/1139/908 1216/1611/1215 1217/1612/1216 910/1140/909 
f 1216/1611/1215 1171/1613/1170 1170/1614/1169 1217/1612/1216 
f 1167/1606/1166 1214/1604/1213 1217/1612/1216 1170/1614/1169 
f 1214/1604/1213 903/1128/902 910/1140/909 1217/1612/1216 
f 915/1149/914 1218/1615/1217 1219/1616/1218 916/1150/915 
f 1218/1615/1217 1175/1617/1174 1174/1618/1173 1219/1616/1218 
f 1171/1613/1170 1216/1611/1215 1219/1616/1218 1174/1618/1173 
f 1216/1611/1215 909/1139/908 916/1150/915 1219/1616/1218 
f 921/1157/920 1220/1619/1219 1221/1620/1220 922/1158/921 
f 1220/1619/1219 1179/1621/1178 1178/1622/1177 1221/1620/1220 
f 1175/1617/1174 1218/1615/1217 1221/1620/1220 1178/1622/1177 
f 1218/1615/1217 915/1149/914 922/1158/921 1221/1620/1220 
f 927/1623/926 1222/1624/1221 1223/1625/1222 928/1167/927 
f 1222/1624/1221 1183/1626/1182 1182/1627/1181 1223/1625/1222 
f 1179/1621/1178 1220/1619/1219 1223/1625/1222 1182/1627/1181 
f 1220/1619/1219 921/1157/920 928/1167/927 1223/1625/1222 
f 933/1174/932 1224/1628/1223 1225/1629/1224 934/1175/933 
f 1224/1628/1223 1187/1630/1186 1186/1631/1185 1225/1629/1224 
f 1183/1632/1182 1222/1633/1221 1225/1629/1224 1186/1631/1185 
f 1222/1633/1221 927/1164/926 934/1175/933 1225/1629/1224 
f 836/1054/836 1193/1557/1192 1226/1634/1225 937/1178/936 
f 1193/1557/1192 1121/1556/1120 1190/1635/1189 1226/1634/1225 
f 1187/1630/1186 1224/1628/1223 1226/1634/1225 1190/1635/1189 
f 1224/1628/1223 933/1174/932 937/1178/936 1226/1634/1225 
f 726/932/726 1227/1636/1226 1228/1637/1227 727/933/727 
f 1227/1636/1226 830/1048/830 833/1051/833 1228/1637/1227 
f 838/1056/838 1229/1638/1228 1228/1637/1227 833/1051/833 
f 1229/1638/1228 728/934/728 727/933/727 1228/1637/1227 
f 735/941/735 1230/1639/1229 1231/1640/1230 736/942/736 
f 1230/1639/1229 839/1057/839 842/1060/842 1231/1640/1230 
f 830/1048/830 1227/1636/1226 1231/1640/1230 842/1060/842 
f 1227/1636/1226 726/932/726 736/942/736 1231/1640/1230 
f 741/947/741 1232/1641/1231 1233/1642/1232 742/948/742 
f 1232/1641/1231 845/1063/845 848/1066/848 1233/1642/1232 
f 839/1071/839 1230/1643/1229 1233/1642/1232 848/1066/848 
f 1230/1643/1229 735/949/735 742/948/742 1233/1642/1232 
f 747/956/747 1234/1644/1233 1235/1645/1234 748/957/748 
f 1234/1644/1233 851/1072/851 854/1075/854 1235/1645/1234 
f 845/1063/845 1232/1641/1231 1235/1645/1234 854/1075/854 
f 1232/1641/1231 741/947/741 748/957/748 1235/1645/1234 
f 753/962/753 1236/1646/1235 1237/1647/1236 754/963/754 
f 1236/1646/1235 857/1078/857 860/1081/859 1237/1647/1236 
f 851/1072/851 1234/1644/1233 1237/1647/1236 860/1081/859 
f 1234/1644/1233 747/956/747 754/963/754 1237/1647/1236 
f 759/968/759 1238/1648/1237 1239/1649/1238 760/969/760 
f 1238/1648/1237 863/1084/862 866/1087/865 1239/1649/1238 
f 857/1078/857 1236/1646/1235 1239/1649/1238 866/1087/865 
f 1236/1646/1235 753/962/753 760/969/760 1239/1649/1238 
f 765/974/765 1240/1650/1239 1241/1651/1240 766/975/766 
f 1240/1650/1239 869/1090/868 872/1093/871 1241/1651/1240 
f 863/1084/862 1238/1648/1237 1241/1651/1240 872/1093/871 
f 1238/1648/1237 759/968/759 766/975/766 1241/1651/1240 
f 771/980/771 1242/1652/1241 1243/1653/1242 772/981/772 
f 1242/1652/1241 875/1096/874 878/1099/877 1243/1653/1242 
f 869/1105/868 1240/1654/1239 1243/1653/1242 878/1099/877 
f 1240/1654/1239 765/982/765 772/981/772 1243/1653/1242 
f 777/989/777 1244/1655/1243 1245/1656/1244 778/990/778 
f 1244/1655/1243 881/1106/880 884/1109/883 1245/1656/1244 
f 875/1096/874 1242/1652/1241 1245/1656/1244 884/1109/883 
f 1242/1652/1241 771/980/771 778/990/778 1245/1656/1244 
f 783/995/783 1246/1657/1245 1247/1658/1246 784/996/784 
f 1246/1657/1245 887/1112/886 890/1115/889 1247/1658/1246 
f 881/1106/880 1244/1655/1243 1247/1658/1246 890/1115/889 
f 1244/1655/1243 777/989/777 784/996/784 1247/1658/1246 
f 789/1001/789 1248/1659/1247 1249/1660/1248 790/1002/790 
f 1248/1659/1247 893/1118/892 896/1121/895 1249/1660/1248 
f 887/1112/886 1246/1657/1245 1249/1660/1248 896/1121/895 
f 1246/1657/1245 783/995/783 790/1002/790 1249/1660/1248 
f 795/1007/795 1250/1661/1249 1251/1662/1250 796/1008/796 
f 1250/1661/1249 899/1663/898 902/1664/901 1251/1662/1250 
f 893/1118/892 1248/1659/1247 1251/1665/1250 902/1133/901 
f 1248/1666/1247 789/1009/789 796/1008/796 1251/1662/1250 
f 801/1016/801 1252/1667/1251 1253/1668/1252 802/1017/802 
f 1252/1667/1251 905/1134/904 908/1137/907 1253/1668/1252 
f 899/1663/898 1250/1661/1249 1253/1668/1252 908/1137/907 
f 1250/1661/1249 795/1007/795 802/1017/802 1253/1668/1252 
f 807/1022/807 1254/1669/1253 1255/1670/1254 808/1023/808 
f 1254/1669/1253 911/1144/910 914/1147/913 1255/1670/1254 
f 905/1134/904 1252/1667/1251 1255/1670/1254 914/1147/913 
f 1252/1667/1251 801/1016/801 808/1023/808 1255/1670/1254 
f 813/1028/813 1256/1671/1255 1257/1672/1256 814/1029/814 
f 1256/1671/1255 917/1152/916 920/1155/919 1257/1672/1256 
f 911/1144/910 1254/1669/1253 1257/1672/1256 920/1155/919 
f 1254/1669/1253 807/1022/807 814/1029/814 1257/1672/1256 
f 819/1034/819 1258/1673/1257 1259/1674/1258 820/1035/820 
f 1258/1675/1257 923/1160/922 926/1163/925 1259/1676/1258 
f 917/1152/916 1256/1671/1255 1259/1674/1258 926/1677/925 
f 1256/1671/1255 813/1028/813 820/1035/820 1259/1674/1258 
f 825/1040/825 1260/1678/1259 1261/1679/1260 826/1041/826 
f 1260/1678/1259 929/1170/928 932/1173/931 1261/1679/1260 
f 923/1160/922 1258/1675/1257 1261/1679/1260 932/1173/931 
f 1258/1675/1257 819/1042/819 826/1041/826 1261/1679/1260 
f 728/934/728 1229/1638/1228 1262/1680/1261 829/1047/829 
f 1229/1638/1228 838/1056/838 936/1177/935 1262/1680/1261 
f 929/1170/928 1260/1678/1259 1262/1680/1261 936/1177/935 
f 1260/1678/1259 825/1040/825 829/1047/829 1262/1680/1261 
# 1260 polygons

#
# object Box001
#

v  -16.1280 20.3502 4.7436
v  -17.4297 20.1071 2.4281
v  -14.6634 19.6501 3.2545
v  -13.9489 20.1071 6.1791
v  -18.6997 19.8770 -1.2416
v  -15.5604 19.3683 -0.7050
v  -10.9174 19.3683 4.2828
v  -10.4657 19.8770 7.6123
v  -11.4420 19.0599 -0.0848
v  -19.5161 19.7278 -5.7260
v  -19.8110 19.6735 -10.6177
v  -16.4200 19.1592 -10.6177
v  -16.1798 19.2086 -5.4619
v  -12.0118 18.8650 -10.6177
v  -11.8425 18.9045 -5.1715
v  -1.4998 18.7093 -10.6177
v  -1.4998 18.7340 -4.8282
v  -6.8379 18.7636 -4.9339
v  -6.9253 18.7340 -10.6177
v  -1.4998 18.8650 0.5994
v  -6.6414 18.9045 0.3947
v  -1.4998 19.1592 5.3033
v  -1.4998 19.6735 8.9217
v  -6.1827 19.7278 8.5653
v  -6.4011 19.2086 5.0129
v  3.4016 19.2086 5.0129
v  3.1832 19.7278 8.5653
v  3.6419 18.9045 0.3947
v  7.9179 19.3683 4.2828
v  7.4662 19.8770 7.6123
v  8.4424 19.0599 -0.0848
v  3.9258 18.7340 -10.6177
v  3.8384 18.7636 -4.9339
v  9.0122 18.8650 -10.6177
v  8.8430 18.9045 -5.1715
v  16.8115 19.6735 -10.6177
v  16.5166 19.7278 -5.7260
v  13.1803 19.2086 -5.4619
v  13.4205 19.1592 -10.6177
v  15.7002 19.8770 -1.2416
v  12.5609 19.3683 -0.7050
v  14.4301 20.1071 2.4281
v  13.1285 20.3502 4.7436
v  10.9494 20.1071 6.1791
v  11.6639 19.6501 3.2545
v  -19.5161 19.7278 -15.5094
v  -16.1798 19.2086 -15.7735
v  -18.6997 19.8770 -19.9938
v  -15.5604 19.3683 -20.5305
v  -11.8425 18.9045 -16.0639
v  -11.4420 19.0599 -21.1506
v  -17.4297 20.1071 -23.6635
v  -16.1280 20.3502 -25.9790
v  -13.9489 20.1071 -27.4146
v  -14.6634 19.6501 -24.4899
v  -10.4657 19.8770 -28.8477
v  -10.9174 19.3683 -25.5182
v  -1.4998 19.6735 -30.1571
v  -1.4998 19.1592 -26.5387
v  -6.4011 19.2086 -26.2483
v  -6.1827 19.7278 -29.8007
v  -1.4998 18.8650 -21.8348
v  -6.6414 18.9045 -21.6302
v  -1.4998 18.7340 -16.4072
v  -6.8379 18.7636 -16.3016
v  3.8384 18.7636 -16.3016
v  3.6419 18.9045 -21.6302
v  8.8430 18.9045 -16.0639
v  8.4424 19.0599 -21.1506
v  3.1832 19.7278 -29.8007
v  3.4016 19.2086 -26.2483
v  7.4662 19.8770 -28.8477
v  7.9179 19.3683 -25.5182
v  13.1285 20.3502 -25.9790
v  14.4301 20.1071 -23.6635
v  11.6639 19.6501 -24.4899
v  10.9494 20.1071 -27.4146
v  15.7002 19.8770 -19.9938
v  12.5609 19.3683 -20.5305
v  16.5166 19.7278 -15.5094
v  13.1803 19.2086 -15.7735
v  -16.1280 27.2671 4.7436
v  -13.9489 27.5101 6.1791
v  -14.6634 27.9671 3.2545
v  -17.4297 27.5101 2.4281
v  -10.4657 27.7403 7.6123
v  -10.9174 28.2489 4.2828
v  -15.5604 28.2489 -0.7050
v  -18.6997 27.7403 -1.2416
v  -11.4420 28.5573 -0.0848
v  -6.1827 27.8894 8.5653
v  -1.4998 27.9438 8.9217
v  -1.4998 28.4581 5.3033
v  -6.4011 28.4087 5.0129
v  -1.4998 28.7523 0.5994
v  -6.6414 28.7128 0.3947
v  -1.4998 28.9079 -10.6177
v  -6.9253 28.8832 -10.6177
v  -6.8379 28.8536 -4.9339
v  -1.4998 28.8832 -4.8282
v  -12.0118 28.7523 -10.6177
v  -11.8425 28.7128 -5.1715
v  -16.4200 28.4581 -10.6177
v  -19.8110 27.9438 -10.6177
v  -19.5161 27.8894 -5.7260
v  -16.1798 28.4087 -5.4619
v  3.1832 27.8894 8.5653
v  3.4016 28.4087 5.0129
v  7.4662 27.7403 7.6123
v  7.9179 28.2489 4.2828
v  3.6419 28.7128 0.3947
v  8.4424 28.5573 -0.0848
v  10.9494 27.5101 6.1791
v  13.1285 27.2671 4.7436
v  14.4301 27.5101 2.4281
v  11.6639 27.9671 3.2545
v  15.7002 27.7403 -1.2416
v  12.5609 28.2489 -0.7050
v  16.8115 27.9438 -10.6177
v  13.4205 28.4581 -10.6177
v  13.1803 28.4087 -5.4619
v  16.5166 27.8894 -5.7260
v  9.0122 28.7523 -10.6177
v  8.8430 28.7128 -5.1715
v  3.9258 28.8832 -10.6177
v  3.8384 28.8536 -4.9339
v  -16.1798 28.4087 -15.7735
v  -19.5161 27.8894 -15.5094
v  -11.8425 28.7128 -16.0639
v  -15.5604 28.2489 -20.5305
v  -18.6997 27.7403 -19.9938
v  -11.4420 28.5573 -21.1506
v  -1.4998 28.8832 -16.4072
v  -6.8379 28.8536 -16.3016
v  -1.4998 28.7523 -21.8348
v  -6.6414 28.7128 -21.6302
v  -1.4998 27.9438 -30.1571
v  -6.1827 27.8894 -29.8007
v  -6.4011 28.4087 -26.2483
v  -1.4998 28.4581 -26.5387
v  -10.4657 27.7403 -28.8477
v  -10.9174 28.2489 -25.5182
v  -13.9489 27.5101 -27.4146
v  -16.1280 27.2671 -25.9790
v  -17.4297 27.5101 -23.6635
v  -14.6634 27.9671 -24.4899
v  3.8384 28.8536 -16.3016
v  8.8430 28.7128 -16.0639
v  3.6419 28.7128 -21.6302
v  8.4424 28.5573 -21.1506
v  16.5166 27.8894 -15.5094
v  13.1803 28.4087 -15.7735
v  15.7002 27.7403 -19.9938
v  12.5609 28.2489 -20.5305
v  13.1285 27.2671 -25.9790
v  10.9494 27.5101 -27.4146
v  11.6639 27.9671 -24.4899
v  14.4301 27.5101 -23.6635
v  7.4662 27.7403 -28.8477
v  7.9179 28.2489 -25.5182
v  3.1832 27.8894 -29.8007
v  3.4016 28.4087 -26.2483
v  -13.8771 20.7926 7.8318
v  -16.7963 20.8824 5.4134
v  -10.2840 20.6332 9.5844
v  -14.0643 21.6694 8.5943
v  -17.2800 21.7165 5.8960
v  -10.2489 21.5802 10.5545
v  -1.4998 20.4649 11.0928
v  -6.0517 20.5142 10.6967
v  -1.4998 21.4640 12.1783
v  -5.9862 21.5010 11.7624
v  -1.4998 23.8086 12.5401
v  -5.9643 23.8086 12.1177
v  -5.9643 22.6214 12.1177
v  -1.4998 22.6017 12.5401
v  -10.2372 23.8086 10.8779
v  -10.2372 22.6609 10.8779
v  -14.1267 23.8086 8.8484
v  -17.4413 23.8086 6.0569
v  -17.4413 22.7202 6.0569
v  -14.1267 22.7004 8.8484
v  3.0522 20.5142 10.6967
v  7.2845 20.6332 9.5844
v  2.9866 21.5010 11.7624
v  7.2494 21.5802 10.5545
v  13.7968 20.8824 5.4134
v  10.8776 20.7926 7.8318
v  14.2805 21.7165 5.8960
v  11.0648 21.6694 8.5943
v  14.4418 23.8086 6.0569
v  11.1272 23.8086 8.8484
v  11.1272 22.7004 8.8484
v  14.4418 22.7202 6.0569
v  7.2377 23.8086 10.8779
v  7.2377 22.6609 10.8779
v  2.9648 23.8086 12.1177
v  2.9648 22.6214 12.1177
v  -14.1267 24.9168 8.8484
v  -17.4413 24.8971 6.0569
v  -10.2372 24.9563 10.8779
v  -14.0643 25.9479 8.5943
v  -17.2800 25.9007 5.8960
v  -10.2489 26.0371 10.5545
v  -1.4998 25.0156 12.5401
v  -5.9643 24.9958 12.1177
v  -1.4998 26.1532 12.1783
v  -5.9862 26.1162 11.7624
v  -6.0517 27.1030 10.6967
v  -1.4998 27.1524 11.0928
v  -10.2840 26.9841 9.5844
v  -16.7963 26.7349 5.4134
v  -13.8771 26.8247 7.8318
v  2.9648 24.9958 12.1177
v  7.2377 24.9563 10.8779
v  2.9866 26.1162 11.7624
v  7.2494 26.0371 10.5545
v  14.4418 24.8971 6.0569
v  11.1272 24.9168 8.8484
v  14.2805 25.9007 5.8960
v  11.0648 25.9479 8.5943
v  10.8776 26.8247 7.8318
v  13.7968 26.7349 5.4134
v  7.2845 26.9841 9.5844
v  3.0522 27.1030 10.6967
v  16.0072 20.7926 2.3039
v  17.5630 20.6332 -1.4707
v  16.7440 21.6694 2.4742
v  18.4815 21.5802 -1.5271
v  18.8461 20.4649 -10.6177
v  18.5184 20.5142 -5.8844
v  19.8633 21.4640 -10.6177
v  19.5194 21.5010 -5.9636
v  20.2024 23.8086 -10.6177
v  19.8530 23.8086 -5.9900
v  19.8530 22.6214 -5.9900
v  20.2024 22.6017 -10.6177
v  18.7877 23.8086 -1.5460
v  18.7877 22.6609 -1.5460
v  16.9896 23.8086 2.5309
v  16.9896 22.7004 2.5309
v  18.5184 20.5142 -15.3510
v  17.5630 20.6332 -19.7647
v  19.5194 21.5010 -15.2718
v  18.4815 21.5802 -19.7083
v  13.7968 20.8824 -26.6488
v  16.0072 20.7926 -23.5394
v  14.2805 21.7165 -27.1314
v  16.7440 21.6694 -23.7096
v  14.4418 23.8086 -27.2923
v  16.9896 23.8086 -23.7663
v  16.9896 22.7004 -23.7663
v  14.4418 22.7202 -27.2923
v  18.7877 23.8086 -19.6895
v  18.7877 22.6609 -19.6895
v  19.8530 23.8086 -15.2454
v  19.8530 22.6214 -15.2454
v  16.9896 24.9168 2.5309
v  18.7877 24.9563 -1.5460
v  16.7440 25.9479 2.4742
v  18.4815 26.0371 -1.5271
v  20.2024 25.0156 -10.6177
v  19.8530 24.9958 -5.9900
v  19.8633 26.1532 -10.6177
v  19.5194 26.1162 -5.9636
v  18.5184 27.1030 -5.8844
v  18.8461 27.1524 -10.6177
v  17.5630 26.9841 -1.4707
v  16.0072 26.8247 2.3039
v  19.8530 24.9958 -15.2454
v  18.7877 24.9563 -19.6895
v  19.5194 26.1162 -15.2718
v  18.4815 26.0371 -19.7083
v  14.4418 24.8971 -27.2923
v  16.9896 24.9168 -23.7663
v  14.2805 25.9007 -27.1314
v  16.7440 25.9479 -23.7096
v  16.0072 26.8247 -23.5394
v  13.7968 26.7349 -26.6488
v  17.5630 26.9841 -19.7647
v  18.5184 27.1030 -15.3510
v  10.8776 20.7926 -29.0672
v  7.2845 20.6332 -30.8198
v  11.0648 21.6694 -29.8297
v  7.2494 21.5802 -31.7899
v  -1.4998 20.4649 -32.3282
v  3.0522 20.5142 -31.9321
v  -1.4998 21.4640 -33.4137
v  2.9866 21.5010 -32.9978
v  -1.4998 23.8086 -33.7756
v  2.9648 23.8086 -33.3531
v  2.9648 22.6214 -33.3531
v  -1.4998 22.6017 -33.7756
v  7.2377 23.8086 -32.1133
v  7.2377 22.6609 -32.1133
v  11.1272 23.8086 -30.0838
v  11.1272 22.7004 -30.0838
v  -6.0517 20.5142 -31.9321
v  -10.2840 20.6332 -30.8198
v  -5.9862 21.5010 -32.9978
v  -10.2489 21.5802 -31.7899
v  -16.7963 20.8824 -26.6488
v  -13.8771 20.7926 -29.0672
v  -17.2800 21.7165 -27.1314
v  -14.0643 21.6694 -29.8297
v  -17.4413 23.8086 -27.2923
v  -14.1267 23.8086 -30.0838
v  -14.1267 22.7004 -30.0838
v  -17.4413 22.7202 -27.2923
v  -10.2372 23.8086 -32.1133
v  -10.2372 22.6609 -32.1133
v  -5.9643 23.8086 -33.3531
v  -5.9643 22.6214 -33.3531
v  11.1272 24.9168 -30.0838
v  7.2377 24.9563 -32.1133
v  11.0648 25.9479 -29.8297
v  7.2494 26.0371 -31.7899
v  -1.4998 25.0156 -33.7756
v  2.9648 24.9958 -33.3531
v  -1.4998 26.1532 -33.4137
v  2.9866 26.1162 -32.9978
v  3.0522 27.1030 -31.9321
v  -1.4998 27.1524 -32.3282
v  7.2845 26.9841 -30.8198
v  10.8776 26.8247 -29.0672
v  -5.9643 24.9958 -33.3531
v  -10.2372 24.9563 -32.1133
v  -5.9862 26.1162 -32.9978
v  -10.2489 26.0371 -31.7899
v  -17.4413 24.8971 -27.2923
v  -14.1267 24.9168 -30.0838
v  -17.2800 25.9007 -27.1314
v  -14.0643 25.9479 -29.8297
v  -13.8771 26.8247 -29.0672
v  -16.7963 26.7349 -26.6488
v  -10.2840 26.9841 -30.8198
v  -6.0517 27.1030 -31.9321
v  -19.0067 20.7926 -23.5394
v  -20.5625 20.6332 -19.7647
v  -19.7435 21.6694 -23.7096
v  -21.4810 21.5802 -19.7083
v  -21.8456 20.4649 -10.6177
v  -21.5180 20.5142 -15.3510
v  -22.8629 21.4640 -10.6177
v  -22.5189 21.5010 -15.2718
v  -23.2020 23.8086 -10.6177
v  -22.8525 23.8086 -15.2454
v  -22.8525 22.6214 -15.2454
v  -23.2020 22.6017 -10.6177
v  -21.7872 23.8086 -19.6895
v  -21.7872 22.6609 -19.6895
v  -19.9891 23.8086 -23.7663
v  -19.9891 22.7004 -23.7663
v  -21.5180 20.5142 -5.8844
v  -20.5625 20.6332 -1.4707
v  -22.5189 21.5010 -5.9636
v  -21.4810 21.5802 -1.5271
v  -19.0067 20.7926 2.3039
v  -19.7435 21.6694 2.4742
v  -19.9891 23.8086 2.5309
v  -19.9891 22.7004 2.5309
v  -21.7872 23.8086 -1.5460
v  -21.7872 22.6609 -1.5460
v  -22.8525 23.8086 -5.9900
v  -22.8525 22.6214 -5.9900
v  -19.9891 24.9168 -23.7663
v  -21.7872 24.9563 -19.6895
v  -19.7435 25.9479 -23.7096
v  -21.4810 26.0371 -19.7083
v  -23.2020 25.0156 -10.6177
v  -22.8525 24.9958 -15.2454
v  -22.8629 26.1532 -10.6177
v  -22.5189 26.1162 -15.2718
v  -21.5180 27.1030 -15.3510
v  -21.8456 27.1524 -10.6177
v  -20.5625 26.9841 -19.7647
v  -19.0067 26.8247 -23.5394
v  -22.8525 24.9958 -5.9900
v  -21.7872 24.9563 -1.5460
v  -22.5189 26.1162 -5.9636
v  -21.4810 26.0371 -1.5271
v  -19.9891 24.9168 2.5309
v  -19.7435 25.9479 2.4742
v  -19.0067 26.8247 2.3039
v  -20.5625 26.9841 -1.4707
v  -21.5180 27.1030 -5.8844
# 386 vertices

vn -0.1123 -0.9865 0.1190
vn -0.1079 -0.9904 0.0866
vn -0.0521 -0.9971 0.0551
vn -0.0822 -0.9900 0.1144
vn -0.0973 -0.9941 0.0474
vn -0.0420 -0.9987 0.0277
vn -0.0264 -0.9987 0.0446
vn -0.0455 -0.9936 0.1035
vn -0.0194 -0.9996 0.0206
vn -0.0896 -0.9958 0.0207
vn -0.0870 -0.9962 -0.0000
vn -0.0351 -0.9994 -0.0000
vn -0.0370 -0.9992 0.0116
vn -0.0148 -0.9999 0.0000
vn -0.0161 -0.9998 0.0079
vn 0.0000 -1.0000 -0.0000
vn 0.0000 -1.0000 0.0052
vn -0.0056 -1.0000 0.0059
vn -0.0048 -1.0000 -0.0000
vn 0.0000 -0.9999 0.0158
vn -0.0075 -0.9998 0.0172
vn 0.0000 -0.9993 0.0374
vn 0.0000 -0.9957 0.0927
vn -0.0202 -0.9952 0.0954
vn -0.0111 -0.9992 0.0394
vn 0.0111 -0.9992 0.0394
vn 0.0202 -0.9952 0.0954
vn 0.0075 -0.9998 0.0172
vn 0.0264 -0.9987 0.0446
vn 0.0455 -0.9936 0.1035
vn 0.0194 -0.9996 0.0206
vn 0.0048 -1.0000 -0.0000
vn 0.0056 -1.0000 0.0059
vn 0.0148 -0.9999 0.0000
vn 0.0161 -0.9998 0.0079
vn 0.0870 -0.9962 -0.0000
vn 0.0896 -0.9958 0.0207
vn 0.0370 -0.9992 0.0116
vn 0.0351 -0.9994 -0.0000
vn 0.0973 -0.9941 0.0474
vn 0.0420 -0.9987 0.0277
vn 0.1079 -0.9904 0.0866
vn 0.1123 -0.9865 0.1190
vn 0.0822 -0.9900 0.1144
vn 0.0521 -0.9971 0.0551
vn -0.0896 -0.9958 -0.0207
vn -0.0370 -0.9992 -0.0116
vn -0.0973 -0.9941 -0.0474
vn -0.0420 -0.9987 -0.0277
vn -0.0161 -0.9998 -0.0079
vn -0.0194 -0.9996 -0.0206
vn -0.1079 -0.9904 -0.0866
vn -0.1123 -0.9865 -0.1190
vn -0.0822 -0.9900 -0.1144
vn -0.0521 -0.9971 -0.0551
vn -0.0455 -0.9936 -0.1035
vn -0.0264 -0.9987 -0.0446
vn 0.0000 -0.9957 -0.0927
vn 0.0000 -0.9993 -0.0374
vn -0.0111 -0.9992 -0.0394
vn -0.0202 -0.9952 -0.0954
vn 0.0000 -0.9999 -0.0158
vn -0.0075 -0.9998 -0.0172
vn 0.0000 -1.0000 -0.0052
vn -0.0056 -1.0000 -0.0059
vn 0.0056 -1.0000 -0.0059
vn 0.0075 -0.9998 -0.0172
vn 0.0161 -0.9998 -0.0079
vn 0.0194 -0.9996 -0.0206
vn 0.0202 -0.9952 -0.0954
vn 0.0111 -0.9992 -0.0394
vn 0.0455 -0.9936 -0.1035
vn 0.0264 -0.9987 -0.0446
vn 0.1123 -0.9865 -0.1190
vn 0.1079 -0.9904 -0.0866
vn 0.0521 -0.9971 -0.0551
vn 0.0822 -0.9900 -0.1144
vn 0.0973 -0.9941 -0.0474
vn 0.0420 -0.9987 -0.0277
vn 0.0896 -0.9958 -0.0207
vn 0.0370 -0.9992 -0.0116
vn -0.1123 0.9865 0.1190
vn -0.0822 0.9900 0.1144
vn -0.0521 0.9971 0.0551
vn -0.1079 0.9904 0.0866
vn -0.0455 0.9936 0.1035
vn -0.0264 0.9987 0.0446
vn -0.0420 0.9987 0.0277
vn -0.0973 0.9941 0.0474
vn -0.0194 0.9996 0.0206
vn -0.0202 0.9952 0.0954
vn 0.0000 0.9957 0.0927
vn 0.0000 0.9993 0.0374
vn -0.0111 0.9992 0.0394
vn 0.0000 0.9999 0.0158
vn -0.0075 0.9998 0.0172
vn 0.0000 1.0000 -0.0000
vn -0.0048 1.0000 -0.0000
vn -0.0056 1.0000 0.0059
vn -0.0000 1.0000 0.0052
vn -0.0148 0.9999 0.0000
vn -0.0161 0.9998 0.0079
vn -0.0351 0.9994 -0.0000
vn -0.0870 0.9962 -0.0000
vn -0.0896 0.9958 0.0207
vn -0.0370 0.9992 0.0116
vn 0.0202 0.9952 0.0954
vn 0.0111 0.9992 0.0394
vn 0.0455 0.9936 0.1035
vn 0.0264 0.9987 0.0446
vn 0.0075 0.9998 0.0172
vn 0.0194 0.9996 0.0206
vn 0.0822 0.9900 0.1144
vn 0.1123 0.9865 0.1190
vn 0.1079 0.9904 0.0866
vn 0.0521 0.9971 0.0551
vn 0.0973 0.9941 0.0474
vn 0.0420 0.9987 0.0277
vn 0.0870 0.9962 -0.0000
vn 0.0351 0.9994 -0.0000
vn 0.0370 0.9992 0.0116
vn 0.0896 0.9958 0.0207
vn 0.0148 0.9999 0.0000
vn 0.0161 0.9998 0.0079
vn 0.0048 1.0000 -0.0000
vn 0.0056 1.0000 0.0059
vn -0.0370 0.9992 -0.0116
vn -0.0896 0.9958 -0.0207
vn -0.0161 0.9998 -0.0079
vn -0.0420 0.9987 -0.0277
vn -0.0973 0.9941 -0.0474
vn -0.0194 0.9996 -0.0206
vn -0.0000 1.0000 -0.0052
vn -0.0056 1.0000 -0.0059
vn 0.0000 0.9999 -0.0158
vn -0.0075 0.9998 -0.0172
vn 0.0000 0.9957 -0.0927
vn -0.0202 0.9952 -0.0954
vn -0.0111 0.9992 -0.0394
vn 0.0000 0.9993 -0.0374
vn -0.0455 0.9936 -0.1035
vn -0.0264 0.9987 -0.0446
vn -0.0822 0.9900 -0.1144
vn -0.1123 0.9865 -0.1190
vn -0.1079 0.9904 -0.0866
vn -0.0521 0.9971 -0.0551
vn 0.0056 1.0000 -0.0059
vn 0.0161 0.9998 -0.0079
vn 0.0075 0.9998 -0.0172
vn 0.0194 0.9996 -0.0206
vn 0.0896 0.9958 -0.0207
vn 0.0370 0.9992 -0.0116
vn 0.0973 0.9941 -0.0474
vn 0.0420 0.9987 -0.0277
vn 0.1123 0.9865 -0.1190
vn 0.0822 0.9900 -0.1144
vn 0.0521 0.9971 -0.0551
vn 0.1079 0.9904 -0.0866
vn 0.0455 0.9936 -0.1035
vn 0.0264 0.9987 -0.0446
vn 0.0202 0.9952 -0.0954
vn 0.0111 0.9992 -0.0394
vn -0.1528 -0.9570 0.2466
vn -0.2018 -0.9558 0.2139
vn -0.0936 -0.9650 0.2451
vn -0.3295 -0.7669 0.5507
vn -0.4453 -0.7622 0.4698
vn -0.2063 -0.7949 0.5706
vn 0.0000 -0.9736 0.2284
vn -0.0427 -0.9717 0.2325
vn 0.0000 -0.8277 0.5612
vn -0.0975 -0.8206 0.5631
vn 0.0000 0.0000 1.0000
vn -0.1656 0.0000 0.9862
vn -0.1533 -0.3411 0.9274
vn 0.0000 -0.3474 0.9377
vn -0.3334 -0.0000 0.9428
vn -0.3119 -0.3176 0.8955
vn -0.5087 -0.0000 0.8609
vn -0.6890 0.0000 0.7248
vn -0.6616 -0.2846 0.6937
vn -0.4839 -0.2906 0.8255
vn 0.0427 -0.9717 0.2325
vn 0.0936 -0.9650 0.2451
vn 0.0975 -0.8206 0.5631
vn 0.2063 -0.7949 0.5706
vn 0.2018 -0.9558 0.2139
vn 0.1528 -0.9570 0.2466
vn 0.4453 -0.7622 0.4698
vn 0.3295 -0.7669 0.5507
vn 0.6890 0.0000 0.7248
vn 0.5087 0.0000 0.8609
vn 0.4839 -0.2906 0.8255
vn 0.6616 -0.2846 0.6937
vn 0.3334 0.0000 0.9428
vn 0.3119 -0.3176 0.8955
vn 0.1656 0.0000 0.9862
vn 0.1533 -0.3411 0.9274
vn -0.4839 0.2906 0.8255
vn -0.6616 0.2846 0.6937
vn -0.3119 0.3176 0.8955
vn -0.3295 0.7669 0.5507
vn -0.4453 0.7622 0.4698
vn -0.2063 0.7949 0.5706
vn -0.0000 0.3474 0.9377
vn -0.1533 0.3411 0.9274
vn -0.0000 0.8277 0.5612
vn -0.0975 0.8206 0.5631
vn -0.0427 0.9717 0.2325
vn -0.0000 0.9736 0.2284
vn -0.0936 0.9650 0.2451
vn -0.2018 0.9558 0.2139
vn -0.1528 0.9570 0.2466
vn 0.1533 0.3411 0.9274
vn 0.3119 0.3176 0.8955
vn 0.0975 0.8206 0.5631
vn 0.2063 0.7949 0.5706
vn 0.6616 0.2846 0.6937
vn 0.4839 0.2906 0.8255
vn 0.4453 0.7622 0.4698
vn 0.3295 0.7669 0.5507
vn 0.1528 0.9570 0.2466
vn 0.2018 0.9558 0.2139
vn 0.0936 0.9650 0.2451
vn 0.0427 0.9717 0.2325
vn 0.2319 -0.9594 0.1605
vn 0.2308 -0.9682 0.0967
vn 0.5258 -0.7761 0.3482
vn 0.5482 -0.8080 0.2158
vn 0.2152 -0.9766 0.0000
vn 0.2191 -0.9747 0.0432
vn 0.5403 -0.8414 0.0000
vn 0.5421 -0.8343 0.1000
vn 1.0000 0.0000 -0.0000
vn 0.9846 0.0000 0.1750
vn 0.9209 -0.3550 0.1609
vn 0.9323 -0.3616 0.0000
vn 0.9339 0.0000 0.3575
vn 0.8835 -0.3304 0.3322
vn 0.8384 -0.0000 0.5451
vn 0.8030 -0.2993 0.5154
vn 0.2191 -0.9747 -0.0432
vn 0.2308 -0.9682 -0.0967
vn 0.5421 -0.8343 -0.1000
vn 0.5482 -0.8080 -0.2158
vn 0.2018 -0.9558 -0.2139
vn 0.2319 -0.9594 -0.1605
vn 0.4453 -0.7622 -0.4698
vn 0.5258 -0.7761 -0.3482
vn 0.6890 0.0000 -0.7248
vn 0.8384 -0.0000 -0.5451
vn 0.8030 -0.2993 -0.5154
vn 0.6616 -0.2846 -0.6937
vn 0.9339 0.0000 -0.3575
vn 0.8835 -0.3304 -0.3322
vn 0.9846 0.0000 -0.1750
vn 0.9209 -0.3550 -0.1609
vn 0.8030 0.2993 0.5154
vn 0.8835 0.3304 0.3322
vn 0.5258 0.7761 0.3482
vn 0.5482 0.8080 0.2158
vn 0.9323 0.3616 0.0000
vn 0.9209 0.3550 0.1609
vn 0.5403 0.8414 -0.0000
vn 0.5421 0.8343 0.1000
vn 0.2191 0.9747 0.0432
vn 0.2152 0.9766 -0.0000
vn 0.2308 0.9682 0.0967
vn 0.2319 0.9594 0.1605
vn 0.9209 0.3550 -0.1609
vn 0.8835 0.3304 -0.3322
vn 0.5421 0.8343 -0.1000
vn 0.5482 0.8080 -0.2158
vn 0.6616 0.2846 -0.6937
vn 0.8030 0.2993 -0.5154
vn 0.4453 0.7622 -0.4698
vn 0.5258 0.7761 -0.3482
vn 0.2319 0.9594 -0.1605
vn 0.2018 0.9558 -0.2139
vn 0.2308 0.9682 -0.0967
vn 0.2191 0.9747 -0.0432
vn 0.1528 -0.9570 -0.2466
vn 0.0936 -0.9650 -0.2451
vn 0.3295 -0.7669 -0.5507
vn 0.2063 -0.7949 -0.5706
vn -0.0000 -0.9736 -0.2284
vn 0.0427 -0.9717 -0.2325
vn 0.0000 -0.8277 -0.5612
vn 0.0975 -0.8206 -0.5631
vn 0.0000 0.0000 -1.0000
vn 0.1656 0.0000 -0.9862
vn 0.1533 -0.3411 -0.9274
vn 0.0000 -0.3474 -0.9377
vn 0.3334 0.0000 -0.9428
vn 0.3119 -0.3176 -0.8955
vn 0.5087 0.0000 -0.8609
vn 0.4839 -0.2906 -0.8255
vn -0.0427 -0.9717 -0.2325
vn -0.0936 -0.9650 -0.2451
vn -0.0975 -0.8206 -0.5631
vn -0.2063 -0.7949 -0.5706
vn -0.2018 -0.9558 -0.2139
vn -0.1528 -0.9570 -0.2466
vn -0.4453 -0.7622 -0.4698
vn -0.3295 -0.7669 -0.5507
vn -0.6890 0.0000 -0.7248
vn -0.5087 0.0000 -0.8609
vn -0.4839 -0.2906 -0.8255
vn -0.6616 -0.2846 -0.6937
vn -0.3334 0.0000 -0.9428
vn -0.3119 -0.3176 -0.8955
vn -0.1656 0.0000 -0.9862
vn -0.1533 -0.3411 -0.9274
vn 0.4839 0.2906 -0.8255
vn 0.3119 0.3176 -0.8955
vn 0.3295 0.7669 -0.5507
vn 0.2063 0.7949 -0.5706
vn 0.0000 0.3474 -0.9377
vn 0.1533 0.3411 -0.9274
vn 0.0000 0.8277 -0.5612
vn 0.0975 0.8206 -0.5631
vn 0.0427 0.9717 -0.2325
vn 0.0000 0.9736 -0.2284
vn 0.0936 0.9650 -0.2451
vn 0.1528 0.9570 -0.2466
vn -0.1533 0.3411 -0.9274
vn -0.3119 0.3176 -0.8955
vn -0.0975 0.8206 -0.5631
vn -0.2063 0.7949 -0.5706
vn -0.6616 0.2846 -0.6937
vn -0.4839 0.2906 -0.8255
vn -0.4453 0.7622 -0.4698
vn -0.3295 0.7669 -0.5507
vn -0.1528 0.9570 -0.2466
vn -0.2018 0.9558 -0.2139
vn -0.0936 0.9650 -0.2451
vn -0.0427 0.9717 -0.2325
vn -0.2319 -0.9594 -0.1605
vn -0.2308 -0.9682 -0.0967
vn -0.5258 -0.7761 -0.3482
vn -0.5482 -0.8080 -0.2158
vn -0.2152 -0.9766 -0.0000
vn -0.2191 -0.9747 -0.0432
vn -0.5403 -0.8414 -0.0000
vn -0.5421 -0.8343 -0.1000
vn -1.0000 0.0000 -0.0000
vn -0.9846 0.0000 -0.1750
vn -0.9209 -0.3550 -0.1609
vn -0.9323 -0.3616 -0.0000
vn -0.9339 0.0000 -0.3575
vn -0.8835 -0.3304 -0.3322
vn -0.8384 -0.0000 -0.5451
vn -0.8030 -0.2993 -0.5154
vn -0.2191 -0.9747 0.0432
vn -0.2308 -0.9682 0.0967
vn -0.5421 -0.8343 0.1000
vn -0.5482 -0.8080 0.2158
vn -0.2319 -0.9594 0.1605
vn -0.5258 -0.7761 0.3482
vn -0.8384 0.0000 0.5451
vn -0.8030 -0.2993 0.5154
vn -0.9339 0.0000 0.3575
vn -0.8835 -0.3304 0.3322
vn -0.9846 0.0000 0.1750
vn -0.9209 -0.3550 0.1609
vn -0.8030 0.2993 -0.5154
vn -0.8835 0.3304 -0.3322
vn -0.5258 0.7761 -0.3482
vn -0.5482 0.8080 -0.2158
vn -0.9323 0.3616 -0.0000
vn -0.9209 0.3550 -0.1609
vn -0.5403 0.8414 0.0000
vn -0.5421 0.8343 -0.1000
vn -0.2191 0.9747 -0.0432
vn -0.2152 0.9766 0.0000
vn -0.2308 0.9682 -0.0967
vn -0.2319 0.9594 -0.1605
vn -0.9209 0.3550 0.1609
vn -0.8835 0.3304 0.3322
vn -0.5421 0.8343 0.1000
vn -0.5482 0.8080 0.2158
vn -0.8030 0.2993 0.5154
vn -0.5258 0.7761 0.3482
vn -0.2319 0.9594 0.1605
vn -0.2308 0.9682 0.0967
vn -0.2191 0.9747 0.0432
# 386 vertex normals

vt 0.3494 0.4427 0.2024
vt 0.3315 0.4396 0.2055
vt 0.3497 0.4242 0.1846
vt 0.3689 0.4351 0.1914
vt 0.3070 0.4362 0.2069
vt 0.3218 0.4162 0.1787
vt 0.3816 0.4064 0.1605
vt 0.4011 0.4244 0.1750
vt 0.3501 0.3882 0.1446
vt 0.2793 0.4337 0.2068
vt 0.2500 0.4328 0.2068
vt 0.2500 0.4085 0.1718
vt 0.2877 0.4105 0.1736
vt 0.2500 0.3664 0.1271
vt 0.3052 0.3726 0.1319
vt 0.4252 0.0000 0.0534
vt 0.5000 0.2197 0.0689
vt 0.3505 0.3006 0.0901
vt 0.2747 0.0863 0.0752
vt 0.5000 0.3259 0.0996
vt 0.4050 0.3502 0.1133
vt 0.2500 0.2690 0.0801
vt 0.5000 0.3780 0.1302
vt 0.5000 0.4095 0.1544
vt 0.4456 0.4140 0.1602
vt 0.4318 0.3873 0.1389
vt 0.5682 0.3873 0.1389
vt 0.5544 0.4140 0.1602
vt 0.5950 0.3502 0.1133
vt 0.6184 0.4064 0.1605
vt 0.5989 0.4244 0.1750
vt 0.6499 0.3882 0.1446
vt 0.6250 0.0000 0.0534
vt 0.7500 0.2690 0.0801
vt 0.6495 0.3006 0.0901
vt 0.7500 0.3664 0.1271
vt 0.6948 0.3726 0.1319
vt 0.7500 0.4328 0.2068
vt 0.7207 0.4337 0.2068
vt 0.7123 0.4105 0.1736
vt 0.7500 0.4085 0.1718
vt 0.6930 0.4362 0.2069
vt 0.6782 0.4162 0.1787
vt 0.6685 0.4396 0.2055
vt 0.6506 0.4427 0.2024
vt 0.6311 0.4351 0.1914
vt 0.6503 0.4242 0.1846
vt 0.2207 0.4337 0.2068
vt 0.2123 0.4105 0.1736
vt 0.1930 0.4362 0.2069
vt 0.1782 0.4162 0.1787
vt 0.1948 0.3726 0.1319
vt 0.1499 0.3882 0.1446
vt 0.1685 0.4396 0.2055
vt 0.1506 0.4427 0.2024
vt 0.1311 0.4351 0.1914
vt 0.1503 0.4242 0.1846
vt 0.0989 0.4244 0.1750
vt 0.1184 0.4064 0.1605
vt -0.0000 0.4095 0.1544
vt -0.0000 0.3780 0.1302
vt 0.0682 0.3873 0.1389
vt 0.0544 0.4140 0.1602
vt -0.0000 0.3259 0.0996
vt 0.0950 0.3502 0.1133
vt -0.0000 0.2197 0.0689
vt 0.1250 0.0000 0.0534
vt 0.1495 0.3006 0.0901
vt 0.9252 0.0000 0.0534
vt 1.0000 0.2197 0.0689
vt 0.8505 0.3006 0.0901
vt 0.7747 0.0863 0.0752
vt 1.0000 0.3259 0.0996
vt 0.9050 0.3502 0.1133
vt 0.8052 0.3726 0.1319
vt 0.8501 0.3882 0.1446
vt 1.0000 0.3780 0.1302
vt 1.0000 0.4095 0.1544
vt 0.9456 0.4140 0.1602
vt 0.9318 0.3873 0.1389
vt 0.9011 0.4244 0.1750
vt 0.8816 0.4064 0.1605
vt 0.8494 0.4427 0.2024
vt 0.8315 0.4396 0.2055
vt 0.8497 0.4242 0.1846
vt 0.8689 0.4351 0.1914
vt 0.8070 0.4362 0.2069
vt 0.8218 0.4162 0.1787
vt 0.7793 0.4337 0.2068
vt 0.7877 0.4105 0.1736
vt 0.3494 0.5573 0.2024
vt 0.3689 0.5649 0.1914
vt 0.3497 0.5758 0.1846
vt 0.3315 0.5604 0.2055
vt 0.4011 0.5756 0.1750
vt 0.3816 0.5936 0.1605
vt 0.3218 0.5838 0.1787
vt 0.3070 0.5638 0.2069
vt 0.3501 0.6118 0.1446
vt 0.4456 0.5860 0.1602
vt 0.5000 0.5905 0.1544
vt 0.5000 0.6220 0.1302
vt 0.4318 0.6127 0.1389
vt 0.5000 0.6741 0.0996
vt 0.4050 0.6498 0.1133
vt 0.4252 1.0000 0.0534
vt 0.2747 0.9137 0.0752
vt 0.3505 0.6994 0.0901
vt 0.5000 0.7803 0.0689
vt 0.2500 0.7310 0.0801
vt 0.2500 0.6336 0.1271
vt 0.3052 0.6274 0.1319
vt 0.2500 0.5915 0.1718
vt 0.2500 0.5672 0.2068
vt 0.2793 0.5663 0.2068
vt 0.2877 0.5895 0.1736
vt 0.5544 0.5860 0.1602
vt 0.5682 0.6127 0.1389
vt 0.5989 0.5756 0.1750
vt 0.6184 0.5936 0.1605
vt 0.5950 0.6498 0.1133
vt 0.6499 0.6118 0.1446
vt 0.6311 0.5649 0.1914
vt 0.6506 0.5573 0.2024
vt 0.6685 0.5604 0.2055
vt 0.6503 0.5758 0.1846
vt 0.6930 0.5638 0.2069
vt 0.6782 0.5838 0.1787
vt 0.7500 0.5672 0.2068
vt 0.7500 0.5915 0.1718
vt 0.7123 0.5895 0.1736
vt 0.7207 0.5663 0.2068
vt 0.7500 0.6336 0.1271
vt 0.6948 0.6274 0.1319
vt 0.7500 0.7310 0.0801
vt 0.6250 1.0000 0.0534
vt 0.6495 0.6994 0.0901
vt 0.2123 0.5895 0.1736
vt 0.2207 0.5663 0.2068
vt 0.1948 0.6274 0.1319
vt 0.1782 0.5838 0.1787
vt 0.1930 0.5638 0.2069
vt 0.1499 0.6118 0.1446
vt 0.1250 1.0000 0.0534
vt -0.0000 0.7803 0.0689
vt 0.1495 0.6994 0.0901
vt -0.0000 0.6741 0.0996
vt 0.0950 0.6498 0.1133
vt -0.0000 0.5905 0.1544
vt 0.0544 0.5860 0.1602
vt 0.0682 0.6127 0.1389
vt -0.0000 0.6220 0.1302
vt 0.0989 0.5756 0.1750
vt 0.1184 0.5936 0.1605
vt 0.1311 0.5649 0.1914
vt 0.1506 0.5573 0.2024
vt 0.1685 0.5604 0.2055
vt 0.1503 0.5758 0.1846
vt 0.9252 1.0000 0.0534
vt 0.7747 0.9137 0.0752
vt 0.8505 0.6994 0.0901
vt 1.0000 0.7803 0.0689
vt 0.8052 0.6274 0.1319
vt 0.9050 0.6498 0.1133
vt 1.0000 0.6741 0.0996
vt 0.8501 0.6118 0.1446
vt 0.7793 0.5663 0.2068
vt 0.7877 0.5895 0.1736
vt 0.8070 0.5638 0.2069
vt 0.8218 0.5838 0.1787
vt 0.8494 0.5573 0.2024
vt 0.8689 0.5649 0.1914
vt 0.8497 0.5758 0.1846
vt 0.8315 0.5604 0.2055
vt 0.9011 0.5756 0.1750
vt 0.8816 0.5936 0.1605
vt 0.9456 0.5860 0.1602
vt 1.0000 0.5905 0.1544
vt 1.0000 0.6220 0.1302
vt 0.9318 0.6127 0.1389
vt 0.3769 0.4490 0.1981
vt 0.3493 0.4535 0.2104
vt 0.4102 0.4423 0.1843
vt 0.3789 0.4647 0.2024
vt 0.3492 0.4676 0.2157
vt 0.4138 0.4606 0.1888
vt 0.5000 0.4333 0.1683
vt 0.4520 0.4360 0.1727
vt 0.5000 0.4551 0.1746
vt 0.4548 0.4567 0.1784
vt 0.5000 0.5000 0.1756
vt 0.4557 0.5000 0.1793
vt 0.4557 0.4780 0.1797
vt 0.5000 0.4771 0.1761
vt 0.4149 0.5000 0.1894
vt 0.4149 0.4798 0.1898
vt 0.3795 0.5000 0.2031
vt 0.3491 0.5000 0.2167
vt 0.3491 0.4833 0.2170
vt 0.3795 0.4818 0.2034
vt 0.5480 0.4360 0.1727
vt 0.5898 0.4423 0.1843
vt 0.5452 0.4567 0.1784
vt 0.5862 0.4606 0.1888
vt 0.6507 0.4535 0.2104
vt 0.6231 0.4490 0.1981
vt 0.6508 0.4676 0.2157
vt 0.6211 0.4647 0.2024
vt 0.6509 0.5000 0.2167
vt 0.6205 0.5000 0.2031
vt 0.6205 0.4818 0.2034
vt 0.6509 0.4833 0.2170
vt 0.5851 0.5000 0.1894
vt 0.5851 0.4798 0.1898
vt 0.5443 0.5000 0.1793
vt 0.5443 0.4780 0.1797
vt 0.3795 0.5182 0.2034
vt 0.3491 0.5167 0.2170
vt 0.4149 0.5202 0.1898
vt 0.3789 0.5353 0.2024
vt 0.3492 0.5324 0.2157
vt 0.4138 0.5394 0.1888
vt 0.5000 0.5229 0.1761
vt 0.4557 0.5220 0.1797
vt 0.5000 0.5449 0.1746
vt 0.4548 0.5433 0.1784
vt 0.4520 0.5640 0.1727
vt 0.5000 0.5667 0.1683
vt 0.4102 0.5577 0.1843
vt 0.3493 0.5465 0.2104
vt 0.3769 0.5510 0.1981
vt 0.5443 0.5220 0.1797
vt 0.5851 0.5202 0.1898
vt 0.5452 0.5433 0.1784
vt 0.5862 0.5394 0.1888
vt 0.6509 0.5167 0.2170
vt 0.6205 0.5182 0.2034
vt 0.6508 0.5324 0.2157
vt 0.6211 0.5353 0.2024
vt 0.6231 0.5510 0.1981
vt 0.6507 0.5465 0.2104
vt 0.5898 0.5577 0.1843
vt 0.5480 0.5640 0.1727
vt 0.6753 0.4539 0.2190
vt 0.6993 0.4526 0.2241
vt 0.6771 0.4683 0.2257
vt 0.7018 0.4680 0.2323
vt 0.7500 0.4508 0.2274
vt 0.7244 0.4513 0.2266
vt 0.7500 0.4670 0.2372
vt 0.7260 0.4673 0.2360
vt 0.7500 0.5000 0.2396
vt 0.7265 0.5000 0.2384
vt 0.7265 0.4834 0.2387
vt 0.7500 0.4832 0.2400
vt 0.7026 0.5000 0.2343
vt 0.7026 0.4837 0.2347
vt 0.6777 0.5000 0.2272
vt 0.6777 0.4838 0.2275
vt 0.7756 0.4513 0.2266
vt 0.8007 0.4526 0.2241
vt 0.7740 0.4673 0.2360
vt 0.7982 0.4680 0.2323
vt 0.8493 0.4535 0.2104
vt 0.8247 0.4539 0.2190
vt 0.8492 0.4676 0.2157
vt 0.8229 0.4683 0.2257
vt 0.8491 0.5000 0.2167
vt 0.8223 0.5000 0.2272
vt 0.8223 0.4838 0.2275
vt 0.8491 0.4833 0.2170
vt 0.7974 0.5000 0.2343
vt 0.7974 0.4837 0.2347
vt 0.7735 0.5000 0.2384
vt 0.7735 0.4834 0.2387
vt 0.6777 0.5162 0.2275
vt 0.7026 0.5163 0.2347
vt 0.6771 0.5317 0.2257
vt 0.7018 0.5320 0.2323
vt 0.7500 0.5168 0.2400
vt 0.7265 0.5166 0.2387
vt 0.7500 0.5330 0.2372
vt 0.7260 0.5327 0.2360
vt 0.7244 0.5487 0.2266
vt 0.7500 0.5492 0.2274
vt 0.6993 0.5474 0.2241
vt 0.6753 0.5461 0.2190
vt 0.7735 0.5166 0.2387
vt 0.7974 0.5163 0.2347
vt 0.7740 0.5327 0.2360
vt 0.7982 0.5320 0.2323
vt 0.8491 0.5167 0.2170
vt 0.8223 0.5162 0.2275
vt 0.8492 0.5324 0.2157
vt 0.8229 0.5317 0.2257
vt 0.8247 0.5461 0.2190
vt 0.8493 0.5465 0.2104
vt 0.8007 0.5474 0.2241
vt 0.7756 0.5487 0.2266
vt 0.8769 0.4490 0.1981
vt 0.9102 0.4423 0.1843
vt 0.8789 0.4647 0.2024
vt 0.9138 0.4606 0.1888
vt 1.0000 0.4333 0.1683
vt 0.9520 0.4360 0.1727
vt 1.0000 0.4551 0.1746
vt 0.9548 0.4567 0.1784
vt 1.0000 0.5000 0.1756
vt 0.9557 0.5000 0.1793
vt 0.9557 0.4780 0.1797
vt 1.0000 0.4771 0.1761
vt 0.9149 0.5000 0.1894
vt 0.9149 0.4798 0.1898
vt 0.8795 0.5000 0.2031
vt 0.8795 0.4818 0.2034
vt 0.0480 0.4360 0.1727
vt -0.0000 0.4333 0.1683
vt 0.0898 0.4423 0.1843
vt 0.0452 0.4567 0.1784
vt -0.0000 0.4551 0.1746
vt 0.0862 0.4606 0.1888
vt 0.1507 0.4535 0.2104
vt 0.1231 0.4490 0.1981
vt 0.1508 0.4676 0.2157
vt 0.1211 0.4647 0.2024
vt 0.1509 0.5000 0.2167
vt 0.1205 0.5000 0.2031
vt 0.1205 0.4818 0.2034
vt 0.1509 0.4833 0.2170
vt 0.0851 0.5000 0.1894
vt 0.0851 0.4798 0.1898
vt 0.0443 0.5000 0.1793
vt -0.0000 0.5000 0.1756
vt -0.0000 0.4771 0.1761
vt 0.0443 0.4780 0.1797
vt 0.8795 0.5182 0.2034
vt 0.9149 0.5202 0.1898
vt 0.8789 0.5353 0.2024
vt 0.9138 0.5394 0.1888
vt 1.0000 0.5229 0.1761
vt 0.9557 0.5220 0.1797
vt 1.0000 0.5449 0.1746
vt 0.9548 0.5433 0.1784
vt 0.9520 0.5640 0.1727
vt 1.0000 0.5667 0.1683
vt 0.9102 0.5577 0.1843
vt 0.8769 0.5510 0.1981
vt 0.0443 0.5220 0.1797
vt -0.0000 0.5229 0.1761
vt 0.0851 0.5202 0.1898
vt 0.0452 0.5433 0.1784
vt -0.0000 0.5449 0.1746
vt 0.0862 0.5394 0.1888
vt 0.1509 0.5167 0.2170
vt 0.1205 0.5182 0.2034
vt 0.1508 0.5324 0.2157
vt 0.1211 0.5353 0.2024
vt 0.1231 0.5510 0.1981
vt 0.1507 0.5465 0.2104
vt 0.0898 0.5577 0.1843
vt -0.0000 0.5667 0.1683
vt 0.0480 0.5640 0.1727
vt 0.1753 0.4539 0.2190
vt 0.1993 0.4526 0.2241
vt 0.1771 0.4683 0.2257
vt 0.2018 0.4680 0.2323
vt 0.2500 0.4508 0.2274
vt 0.2244 0.4513 0.2266
vt 0.2500 0.4670 0.2372
vt 0.2260 0.4673 0.2360
vt 0.2500 0.5000 0.2396
vt 0.2265 0.5000 0.2384
vt 0.2265 0.4834 0.2387
vt 0.2500 0.4832 0.2400
vt 0.2026 0.5000 0.2343
vt 0.2026 0.4837 0.2347
vt 0.1777 0.5000 0.2272
vt 0.1777 0.4838 0.2275
vt 0.2756 0.4513 0.2266
vt 0.3007 0.4526 0.2241
vt 0.2740 0.4673 0.2360
vt 0.2982 0.4680 0.2323
vt 0.3247 0.4539 0.2190
vt 0.3229 0.4683 0.2257
vt 0.3223 0.5000 0.2272
vt 0.3223 0.4838 0.2275
vt 0.2974 0.5000 0.2343
vt 0.2974 0.4837 0.2347
vt 0.2735 0.5000 0.2384
vt 0.2735 0.4834 0.2387
vt 0.1777 0.5162 0.2275
vt 0.2026 0.5163 0.2347
vt 0.1771 0.5317 0.2257
vt 0.2018 0.5320 0.2323
vt 0.2500 0.5168 0.2400
vt 0.2265 0.5166 0.2387
vt 0.2500 0.5330 0.2372
vt 0.2260 0.5327 0.2360
vt 0.2244 0.5487 0.2266
vt 0.2500 0.5492 0.2274
vt 0.1993 0.5474 0.2241
vt 0.1753 0.5461 0.2190
vt 0.2735 0.5166 0.2387
vt 0.2974 0.5163 0.2347
vt 0.2740 0.5327 0.2360
vt 0.2982 0.5320 0.2323
vt 0.3223 0.5162 0.2275
vt 0.3229 0.5317 0.2257
vt 0.3247 0.5461 0.2190
vt 0.3007 0.5474 0.2241
vt 0.2756 0.5487 0.2266
# 411 texture coords

o Box001
g Box001
usemtl wire_028089177
s 1
f 1263/1681/1262 1264/1682/1263 1265/1683/1264 1266/1684/1265 
f 1264/1682/1263 1267/1685/1266 1268/1686/1267 1265/1683/1264 
f 1266/1684/1265 1265/1683/1264 1269/1687/1268 1270/1688/1269 
f 1265/1683/1264 1268/1686/1267 1271/1689/1270 1269/1687/1268 
f 1272/1690/1271 1273/1691/1272 1274/1692/1273 1275/1693/1274 
f 1275/1693/1274 1274/1692/1273 1276/1694/1275 1277/1695/1276 
f 1267/1685/1266 1272/1690/1271 1275/1693/1274 1268/1686/1267 
f 1268/1686/1267 1275/1693/1274 1277/1695/1276 1271/1689/1270 
f 1278/1696/1277 1279/1697/1278 1280/1698/1279 1281/1699/1280 
f 1279/1697/1278 1282/1700/1281 1283/1701/1282 1280/1698/1279 
f 1281/1702/1280 1280/1698/1279 1277/1695/1276 1276/1694/1275 
f 1280/1698/1279 1283/1701/1282 1271/1689/1270 1277/1695/1276 
f 1284/1703/1283 1285/1704/1284 1286/1705/1285 1287/1706/1286 
f 1287/1706/1286 1286/1705/1285 1270/1688/1269 1269/1687/1268 
f 1282/1700/1281 1284/1703/1283 1287/1706/1286 1283/1701/1282 
f 1283/1701/1282 1287/1706/1286 1269/1687/1268 1271/1689/1270 
f 1285/1704/1284 1284/1703/1283 1288/1707/1287 1289/1708/1288 
f 1284/1703/1283 1282/1700/1281 1290/1709/1289 1288/1707/1287 
f 1289/1708/1288 1288/1707/1287 1291/1710/1290 1292/1711/1291 
f 1288/1707/1287 1290/1709/1289 1293/1712/1292 1291/1710/1290 
f 1279/1697/1278 1278/1713/1277 1294/1714/1293 1295/1715/1294 
f 1295/1715/1294 1294/1714/1293 1296/1716/1295 1297/1717/1296 
f 1282/1700/1281 1279/1697/1278 1295/1715/1294 1290/1709/1289 
f 1290/1709/1289 1295/1715/1294 1297/1717/1296 1293/1712/1292 
f 1298/1718/1297 1299/1719/1298 1300/1720/1299 1301/1721/1300 
f 1299/1719/1298 1302/1722/1301 1303/1723/1302 1300/1720/1299 
f 1301/1721/1300 1300/1720/1299 1297/1717/1296 1296/1716/1295 
f 1300/1720/1299 1303/1723/1302 1293/1712/1292 1297/1717/1296 
f 1304/1724/1303 1305/1725/1304 1306/1726/1305 1307/1727/1306 
f 1307/1727/1306 1306/1726/1305 1292/1711/1291 1291/1710/1290 
f 1302/1722/1301 1304/1724/1303 1307/1727/1306 1303/1723/1302 
f 1303/1723/1302 1307/1727/1306 1291/1710/1290 1293/1712/1292 
f 1273/1691/1272 1308/1728/1307 1309/1729/1308 1274/1692/1273 
f 1308/1728/1307 1310/1730/1309 1311/1731/1310 1309/1729/1308 
f 1274/1692/1273 1309/1729/1308 1312/1732/1311 1276/1694/1275 
f 1309/1729/1308 1311/1731/1310 1313/1733/1312 1312/1732/1311 
f 1314/1734/1313 1315/1735/1314 1316/1736/1315 1317/1737/1316 
f 1317/1737/1316 1316/1736/1315 1318/1738/1317 1319/1739/1318 
f 1310/1730/1309 1314/1734/1313 1317/1737/1316 1311/1731/1310 
f 1311/1731/1310 1317/1737/1316 1319/1739/1318 1313/1733/1312 
f 1320/1740/1319 1321/1741/1320 1322/1742/1321 1323/1743/1322 
f 1321/1741/1320 1324/1744/1323 1325/1745/1324 1322/1742/1321 
f 1323/1743/1322 1322/1742/1321 1319/1739/1318 1318/1738/1317 
f 1322/1742/1321 1325/1745/1324 1313/1733/1312 1319/1739/1318 
f 1326/1746/1325 1278/1747/1277 1281/1702/1280 1327/1748/1326 
f 1327/1748/1326 1281/1702/1280 1276/1694/1275 1312/1732/1311 
f 1324/1744/1323 1326/1746/1325 1327/1748/1326 1325/1745/1324 
f 1325/1745/1324 1327/1748/1326 1312/1732/1311 1313/1733/1312 
f 1278/1749/1277 1326/1750/1325 1328/1751/1327 1294/1752/1293 
f 1326/1750/1325 1324/1753/1323 1329/1754/1328 1328/1751/1327 
f 1294/1714/1293 1328/1751/1327 1330/1755/1329 1296/1716/1295 
f 1328/1751/1327 1329/1754/1328 1331/1756/1330 1330/1755/1329 
f 1321/1757/1320 1320/1758/1319 1332/1759/1331 1333/1760/1332 
f 1333/1760/1332 1332/1759/1331 1334/1761/1333 1335/1762/1334 
f 1324/1753/1323 1321/1757/1320 1333/1760/1332 1329/1754/1328 
f 1329/1754/1328 1333/1760/1332 1335/1762/1334 1331/1756/1330 
f 1336/1763/1335 1337/1764/1336 1338/1765/1337 1339/1766/1338 
f 1337/1764/1336 1340/1767/1339 1341/1768/1340 1338/1765/1337 
f 1339/1766/1338 1338/1765/1337 1335/1762/1334 1334/1761/1333 
f 1338/1765/1337 1341/1768/1340 1331/1756/1330 1335/1762/1334 
f 1342/1769/1341 1298/1718/1297 1301/1721/1300 1343/1770/1342 
f 1343/1770/1342 1301/1721/1300 1296/1716/1295 1330/1755/1329 
f 1340/1767/1339 1342/1769/1341 1343/1770/1342 1341/1768/1340 
f 1341/1768/1340 1343/1770/1342 1330/1755/1329 1331/1756/1330 
f 1344/1771/1343 1345/1772/1344 1346/1773/1345 1347/1774/1346 
f 1345/1772/1344 1348/1775/1347 1349/1776/1348 1346/1773/1345 
f 1347/1774/1346 1346/1773/1345 1350/1777/1349 1351/1778/1350 
f 1346/1773/1345 1349/1776/1348 1352/1779/1351 1350/1777/1349 
f 1353/1780/1352 1354/1781/1353 1355/1782/1354 1356/1783/1355 
f 1356/1783/1355 1355/1782/1354 1357/1784/1356 1358/1785/1357 
f 1348/1775/1347 1353/1780/1352 1356/1783/1355 1349/1776/1348 
f 1349/1776/1348 1356/1783/1355 1358/1785/1357 1352/1779/1351 
f 1359/1786/1358 1360/1787/1359 1361/1788/1360 1362/1789/1361 
f 1360/1790/1359 1363/1791/1362 1364/1792/1363 1361/1788/1360 
f 1362/1789/1361 1361/1788/1360 1358/1785/1357 1357/1784/1356 
f 1361/1788/1360 1364/1792/1363 1352/1779/1351 1358/1785/1357 
f 1365/1793/1364 1366/1794/1365 1367/1795/1366 1368/1796/1367 
f 1368/1796/1367 1367/1795/1366 1351/1778/1350 1350/1777/1349 
f 1363/1791/1362 1365/1793/1364 1368/1796/1367 1364/1792/1363 
f 1364/1792/1363 1368/1796/1367 1350/1777/1349 1352/1779/1351 
f 1354/1781/1353 1369/1797/1368 1370/1798/1369 1355/1782/1354 
f 1369/1797/1368 1371/1799/1370 1372/1800/1371 1370/1798/1369 
f 1355/1782/1354 1370/1798/1369 1373/1801/1372 1357/1784/1356 
f 1370/1798/1369 1372/1800/1371 1374/1802/1373 1373/1801/1372 
f 1375/1803/1374 1376/1804/1375 1377/1805/1376 1378/1806/1377 
f 1378/1806/1377 1377/1805/1376 1379/1807/1378 1380/1808/1379 
f 1371/1799/1370 1375/1803/1374 1378/1806/1377 1372/1800/1371 
f 1372/1800/1371 1378/1806/1377 1380/1808/1379 1374/1802/1373 
f 1381/1809/1380 1382/1810/1381 1383/1811/1382 1384/1812/1383 
f 1382/1810/1381 1385/1813/1384 1386/1814/1385 1383/1811/1382 
f 1384/1812/1383 1383/1811/1382 1380/1808/1379 1379/1807/1378 
f 1383/1811/1382 1386/1814/1385 1374/1802/1373 1380/1808/1379 
f 1387/1815/1386 1359/1816/1358 1362/1789/1361 1388/1817/1387 
f 1388/1817/1387 1362/1789/1361 1357/1784/1356 1373/1801/1372 
f 1385/1813/1384 1387/1815/1386 1388/1817/1387 1386/1814/1385 
f 1386/1814/1385 1388/1817/1387 1373/1801/1372 1374/1802/1373 
f 1366/1794/1365 1365/1793/1364 1389/1818/1388 1390/1819/1389 
f 1365/1793/1364 1363/1791/1362 1391/1820/1390 1389/1818/1388 
f 1390/1819/1389 1389/1818/1388 1392/1821/1391 1393/1822/1392 
f 1389/1818/1388 1391/1820/1390 1394/1823/1393 1392/1821/1391 
f 1360/1790/1359 1359/1824/1358 1395/1825/1394 1396/1826/1395 
f 1396/1826/1395 1395/1825/1394 1397/1827/1396 1398/1828/1397 
f 1363/1791/1362 1360/1790/1359 1396/1826/1395 1391/1820/1390 
f 1391/1820/1390 1396/1826/1395 1398/1828/1397 1394/1823/1393 
f 1399/1829/1398 1400/1830/1399 1401/1831/1400 1402/1832/1401 
f 1400/1830/1399 1403/1833/1402 1404/1834/1403 1401/1831/1400 
f 1402/1832/1401 1401/1831/1400 1398/1828/1397 1397/1827/1396 
f 1401/1831/1400 1404/1834/1403 1394/1823/1393 1398/1828/1397 
f 1405/1835/1404 1406/1836/1405 1407/1837/1406 1408/1838/1407 
f 1408/1838/1407 1407/1837/1406 1393/1822/1392 1392/1821/1391 
f 1403/1833/1402 1405/1835/1404 1408/1838/1407 1404/1834/1403 
f 1404/1834/1403 1408/1838/1407 1392/1821/1391 1394/1823/1393 
f 1359/1839/1358 1387/1840/1386 1409/1841/1408 1395/1842/1394 
f 1387/1815/1386 1385/1813/1384 1410/1843/1409 1409/1841/1408 
f 1395/1842/1394 1409/1841/1408 1411/1844/1410 1397/1845/1396 
f 1409/1841/1408 1410/1843/1409 1412/1846/1411 1411/1844/1410 
f 1382/1810/1381 1381/1809/1380 1413/1847/1412 1414/1848/1413 
f 1414/1848/1413 1413/1847/1412 1415/1849/1414 1416/1850/1415 
f 1385/1813/1384 1382/1810/1381 1414/1848/1413 1410/1843/1409 
f 1410/1843/1409 1414/1848/1413 1416/1850/1415 1412/1846/1411 
f 1417/1851/1416 1418/1852/1417 1419/1853/1418 1420/1854/1419 
f 1418/1852/1417 1421/1855/1420 1422/1856/1421 1419/1853/1418 
f 1420/1854/1419 1419/1853/1418 1416/1850/1415 1415/1849/1414 
f 1419/1853/1418 1422/1856/1421 1412/1846/1411 1416/1850/1415 
f 1423/1857/1422 1399/1858/1398 1402/1859/1401 1424/1860/1423 
f 1424/1860/1423 1402/1859/1401 1397/1845/1396 1411/1844/1410 
f 1421/1855/1420 1423/1857/1422 1424/1860/1423 1422/1856/1421 
f 1422/1856/1421 1424/1860/1423 1411/1844/1410 1412/1846/1411 
f 1263/1681/1262 1266/1684/1265 1425/1861/1424 1426/1862/1425 
f 1266/1684/1265 1270/1688/1269 1427/1863/1426 1425/1861/1424 
f 1426/1862/1425 1425/1861/1424 1428/1864/1427 1429/1865/1428 
f 1425/1861/1424 1427/1863/1426 1430/1866/1429 1428/1864/1427 
f 1286/1705/1285 1285/1704/1284 1431/1867/1430 1432/1868/1431 
f 1432/1868/1431 1431/1867/1430 1433/1869/1432 1434/1870/1433 
f 1270/1688/1269 1286/1705/1285 1432/1868/1431 1427/1863/1426 
f 1427/1863/1426 1432/1868/1431 1434/1870/1433 1430/1866/1429 
f 1435/1871/1434 1436/1872/1435 1437/1873/1436 1438/1874/1437 
f 1436/1872/1435 1439/1875/1438 1440/1876/1439 1437/1873/1436 
f 1438/1874/1437 1437/1873/1436 1434/1870/1433 1433/1869/1432 
f 1437/1873/1436 1440/1876/1439 1430/1866/1429 1434/1870/1433 
f 1441/1877/1440 1442/1878/1441 1443/1879/1442 1444/1880/1443 
f 1444/1880/1443 1443/1879/1442 1429/1865/1428 1428/1864/1427 
f 1439/1875/1438 1441/1877/1440 1444/1880/1443 1440/1876/1439 
f 1440/1876/1439 1444/1880/1443 1428/1864/1427 1430/1866/1429 
f 1285/1704/1284 1289/1708/1288 1445/1881/1444 1431/1867/1430 
f 1289/1708/1288 1292/1711/1291 1446/1882/1445 1445/1881/1444 
f 1431/1867/1430 1445/1881/1444 1447/1883/1446 1433/1869/1432 
f 1445/1881/1444 1446/1882/1445 1448/1884/1447 1447/1883/1446 
f 1306/1726/1305 1305/1725/1304 1449/1885/1448 1450/1886/1449 
f 1450/1886/1449 1449/1885/1448 1451/1887/1450 1452/1888/1451 
f 1292/1711/1291 1306/1726/1305 1450/1886/1449 1446/1882/1445 
f 1446/1882/1445 1450/1886/1449 1452/1888/1451 1448/1884/1447 
f 1453/1889/1452 1454/1890/1453 1455/1891/1454 1456/1892/1455 
f 1454/1890/1453 1457/1893/1456 1458/1894/1457 1455/1891/1454 
f 1456/1892/1455 1455/1891/1454 1452/1888/1451 1451/1887/1450 
f 1455/1891/1454 1458/1894/1457 1448/1884/1447 1452/1888/1451 
f 1459/1895/1458 1435/1871/1434 1438/1874/1437 1460/1896/1459 
f 1460/1896/1459 1438/1874/1437 1433/1869/1432 1447/1883/1446 
f 1457/1893/1456 1459/1895/1458 1460/1896/1459 1458/1894/1457 
f 1458/1894/1457 1460/1896/1459 1447/1883/1446 1448/1884/1447 
f 1442/1878/1441 1441/1877/1440 1461/1897/1460 1462/1898/1461 
f 1441/1877/1440 1439/1875/1438 1463/1899/1462 1461/1897/1460 
f 1462/1898/1461 1461/1897/1460 1464/1900/1463 1465/1901/1464 
f 1461/1897/1460 1463/1899/1462 1466/1902/1465 1464/1900/1463 
f 1436/1872/1435 1435/1871/1434 1467/1903/1466 1468/1904/1467 
f 1468/1904/1467 1467/1903/1466 1469/1905/1468 1470/1906/1469 
f 1439/1875/1438 1436/1872/1435 1468/1904/1467 1463/1899/1462 
f 1463/1899/1462 1468/1904/1467 1470/1906/1469 1466/1902/1465 
f 1354/1781/1353 1353/1780/1352 1471/1907/1470 1472/1908/1471 
f 1353/1780/1352 1348/1775/1347 1473/1909/1472 1471/1907/1470 
f 1472/1908/1471 1471/1907/1470 1470/1906/1469 1469/1905/1468 
f 1471/1907/1470 1473/1909/1472 1466/1902/1465 1470/1906/1469 
f 1345/1772/1344 1344/1771/1343 1474/1910/1473 1475/1911/1474 
f 1475/1911/1474 1474/1910/1473 1465/1901/1464 1464/1900/1463 
f 1348/1775/1347 1345/1772/1344 1475/1911/1474 1473/1909/1472 
f 1473/1909/1472 1475/1911/1474 1464/1900/1463 1466/1902/1465 
f 1435/1871/1434 1459/1895/1458 1476/1912/1475 1467/1903/1466 
f 1459/1895/1458 1457/1893/1456 1477/1913/1476 1476/1912/1475 
f 1467/1903/1466 1476/1912/1475 1478/1914/1477 1469/1905/1468 
f 1476/1912/1475 1477/1913/1476 1479/1915/1478 1478/1914/1477 
f 1454/1890/1453 1453/1889/1452 1480/1916/1479 1481/1917/1480 
f 1481/1917/1480 1480/1916/1479 1482/1918/1481 1483/1919/1482 
f 1457/1893/1456 1454/1890/1453 1481/1917/1480 1477/1913/1476 
f 1477/1913/1476 1481/1917/1480 1483/1919/1482 1479/1915/1478 
f 1376/1804/1375 1375/1803/1374 1484/1920/1483 1485/1921/1484 
f 1375/1803/1374 1371/1799/1370 1486/1922/1485 1484/1920/1483 
f 1485/1921/1484 1484/1920/1483 1483/1919/1482 1482/1918/1481 
f 1484/1920/1483 1486/1922/1485 1479/1915/1478 1483/1919/1482 
f 1369/1797/1368 1354/1781/1353 1472/1908/1471 1487/1923/1486 
f 1487/1923/1486 1472/1908/1471 1469/1905/1468 1478/1914/1477 
f 1371/1799/1370 1369/1797/1368 1487/1923/1486 1486/1922/1485 
f 1486/1922/1485 1487/1923/1486 1478/1914/1477 1479/1915/1478 
f 1305/1725/1304 1304/1724/1303 1488/1924/1487 1449/1885/1448 
f 1304/1724/1303 1302/1722/1301 1489/1925/1488 1488/1924/1487 
f 1449/1885/1448 1488/1924/1487 1490/1926/1489 1451/1887/1450 
f 1488/1924/1487 1489/1925/1488 1491/1927/1490 1490/1926/1489 
f 1299/1719/1298 1298/1718/1297 1492/1928/1491 1493/1929/1492 
f 1493/1929/1492 1492/1928/1491 1494/1930/1493 1495/1931/1494 
f 1302/1722/1301 1299/1719/1298 1493/1929/1492 1489/1925/1488 
f 1489/1925/1488 1493/1929/1492 1495/1931/1494 1491/1927/1490 
f 1496/1932/1495 1497/1933/1496 1498/1934/1497 1499/1935/1498 
f 1497/1933/1496 1500/1936/1499 1501/1937/1500 1498/1934/1497 
f 1499/1935/1498 1498/1934/1497 1495/1931/1494 1494/1930/1493 
f 1498/1934/1497 1501/1937/1500 1491/1927/1490 1495/1931/1494 
f 1502/1938/1501 1453/1889/1452 1456/1892/1455 1503/1939/1502 
f 1503/1939/1502 1456/1892/1455 1451/1887/1450 1490/1926/1489 
f 1500/1936/1499 1502/1938/1501 1503/1939/1502 1501/1937/1500 
f 1501/1937/1500 1503/1939/1502 1490/1926/1489 1491/1927/1490 
f 1298/1718/1297 1342/1769/1341 1504/1940/1503 1492/1928/1491 
f 1342/1769/1341 1340/1767/1339 1505/1941/1504 1504/1940/1503 
f 1492/1928/1491 1504/1940/1503 1506/1942/1505 1494/1930/1493 
f 1504/1940/1503 1505/1941/1504 1507/1943/1506 1506/1942/1505 
f 1337/1764/1336 1336/1763/1335 1508/1944/1507 1509/1945/1508 
f 1509/1945/1508 1508/1944/1507 1510/1946/1509 1511/1947/1510 
f 1340/1767/1339 1337/1764/1336 1509/1945/1508 1505/1941/1504 
f 1505/1941/1504 1509/1945/1508 1511/1947/1510 1507/1943/1506 
f 1512/1948/1511 1513/1949/1512 1514/1950/1513 1515/1951/1514 
f 1513/1949/1512 1516/1952/1515 1517/1953/1516 1514/1950/1513 
f 1515/1951/1514 1514/1950/1513 1511/1947/1510 1510/1946/1509 
f 1514/1950/1513 1517/1953/1516 1507/1943/1506 1511/1947/1510 
f 1518/1954/1517 1496/1932/1495 1499/1935/1498 1519/1955/1518 
f 1519/1955/1518 1499/1935/1498 1494/1930/1493 1506/1942/1505 
f 1516/1952/1515 1518/1954/1517 1519/1955/1518 1517/1953/1516 
f 1517/1953/1516 1519/1955/1518 1506/1942/1505 1507/1943/1506 
f 1453/1889/1452 1502/1938/1501 1520/1956/1519 1480/1916/1479 
f 1502/1938/1501 1500/1936/1499 1521/1957/1520 1520/1956/1519 
f 1480/1916/1479 1520/1956/1519 1522/1958/1521 1482/1918/1481 
f 1520/1956/1519 1521/1957/1520 1523/1959/1522 1522/1958/1521 
f 1497/1933/1496 1496/1932/1495 1524/1960/1523 1525/1961/1524 
f 1525/1961/1524 1524/1960/1523 1526/1962/1525 1527/1963/1526 
f 1500/1936/1499 1497/1933/1496 1525/1961/1524 1521/1957/1520 
f 1521/1957/1520 1525/1961/1524 1527/1963/1526 1523/1959/1522 
f 1381/1809/1380 1384/1812/1383 1528/1964/1527 1529/1965/1528 
f 1384/1812/1383 1379/1807/1378 1530/1966/1529 1528/1964/1527 
f 1529/1965/1528 1528/1964/1527 1527/1963/1526 1526/1962/1525 
f 1528/1964/1527 1530/1966/1529 1523/1959/1522 1527/1963/1526 
f 1377/1805/1376 1376/1804/1375 1485/1921/1484 1531/1967/1530 
f 1531/1967/1530 1485/1921/1484 1482/1918/1481 1522/1958/1521 
f 1379/1807/1378 1377/1805/1376 1531/1967/1530 1530/1966/1529 
f 1530/1966/1529 1531/1967/1530 1522/1958/1521 1523/1959/1522 
f 1496/1932/1495 1518/1954/1517 1532/1968/1531 1524/1960/1523 
f 1518/1954/1517 1516/1952/1515 1533/1969/1532 1532/1968/1531 
f 1524/1960/1523 1532/1968/1531 1534/1970/1533 1526/1962/1525 
f 1532/1968/1531 1533/1969/1532 1535/1971/1534 1534/1970/1533 
f 1513/1949/1512 1512/1948/1511 1536/1972/1535 1537/1973/1536 
f 1537/1973/1536 1536/1972/1535 1538/1974/1537 1539/1975/1538 
f 1516/1952/1515 1513/1949/1512 1537/1973/1536 1533/1969/1532 
f 1533/1969/1532 1537/1973/1536 1539/1975/1538 1535/1971/1534 
f 1417/1851/1416 1420/1854/1419 1540/1976/1539 1541/1977/1540 
f 1420/1854/1419 1415/1849/1414 1542/1978/1541 1540/1976/1539 
f 1541/1977/1540 1540/1976/1539 1539/1975/1538 1538/1974/1537 
f 1540/1976/1539 1542/1978/1541 1535/1971/1534 1539/1975/1538 
f 1413/1847/1412 1381/1809/1380 1529/1965/1528 1543/1979/1542 
f 1543/1979/1542 1529/1965/1528 1526/1962/1525 1534/1970/1533 
f 1415/1849/1414 1413/1847/1412 1543/1979/1542 1542/1978/1541 
f 1542/1978/1541 1543/1979/1542 1534/1970/1533 1535/1971/1534 
f 1336/1763/1335 1339/1766/1338 1544/1980/1543 1508/1944/1507 
f 1339/1766/1338 1334/1761/1333 1545/1981/1544 1544/1980/1543 
f 1508/1944/1507 1544/1980/1543 1546/1982/1545 1510/1946/1509 
f 1544/1980/1543 1545/1981/1544 1547/1983/1546 1546/1982/1545 
f 1332/1759/1331 1320/1758/1319 1548/1984/1547 1549/1985/1548 
f 1549/1985/1548 1548/1984/1547 1550/1986/1549 1551/1987/1550 
f 1334/1761/1333 1332/1759/1331 1549/1985/1548 1545/1981/1544 
f 1545/1981/1544 1549/1985/1548 1551/1987/1550 1547/1983/1546 
f 1552/1988/1551 1553/1989/1552 1554/1990/1553 1555/1991/1554 
f 1553/1989/1552 1556/1992/1555 1557/1993/1556 1554/1990/1553 
f 1555/1991/1554 1554/1990/1553 1551/1987/1550 1550/1986/1549 
f 1554/1990/1553 1557/1993/1556 1547/1983/1546 1551/1987/1550 
f 1558/1994/1557 1512/1948/1511 1515/1951/1514 1559/1995/1558 
f 1559/1995/1558 1515/1951/1514 1510/1946/1509 1546/1982/1545 
f 1556/1992/1555 1558/1994/1557 1559/1995/1558 1557/1993/1556 
f 1557/1993/1556 1559/1995/1558 1546/1982/1545 1547/1983/1546 
f 1320/1740/1319 1323/1743/1322 1560/1996/1559 1548/1997/1547 
f 1323/1743/1322 1318/1738/1317 1561/1998/1560 1560/1996/1559 
f 1548/1997/1547 1560/1996/1559 1562/1999/1561 1550/2000/1549 
f 1560/1996/1559 1561/1998/1560 1563/2001/1562 1562/1999/1561 
f 1316/1736/1315 1315/1735/1314 1564/2002/1563 1565/2003/1564 
f 1565/2003/1564 1564/2002/1563 1566/2004/1565 1567/2005/1566 
f 1318/1738/1317 1316/1736/1315 1565/2003/1564 1561/1998/1560 
f 1561/1998/1560 1565/2003/1564 1567/2005/1566 1563/2001/1562 
f 1568/2006/1567 1569/2007/1568 1570/2008/1569 1571/2009/1570 
f 1569/2007/1568 1572/2010/1571 1573/2011/1572 1570/2008/1569 
f 1571/2009/1570 1570/2008/1569 1567/2005/1566 1566/2004/1565 
f 1570/2008/1569 1573/2011/1572 1563/2001/1562 1567/2005/1566 
f 1574/2012/1573 1552/2013/1551 1555/2014/1554 1575/2015/1574 
f 1575/2015/1574 1555/2014/1554 1550/2000/1549 1562/1999/1561 
f 1572/2010/1571 1574/2012/1573 1575/2015/1574 1573/2011/1572 
f 1573/2011/1572 1575/2015/1574 1562/1999/1561 1563/2001/1562 
f 1512/1948/1511 1558/1994/1557 1576/2016/1575 1536/1972/1535 
f 1558/1994/1557 1556/1992/1555 1577/2017/1576 1576/2016/1575 
f 1536/1972/1535 1576/2016/1575 1578/2018/1577 1538/1974/1537 
f 1576/2016/1575 1577/2017/1576 1579/2019/1578 1578/2018/1577 
f 1553/1989/1552 1552/1988/1551 1580/2020/1579 1581/2021/1580 
f 1581/2021/1580 1580/2020/1579 1582/2022/1581 1583/2023/1582 
f 1556/1992/1555 1553/1989/1552 1581/2021/1580 1577/2017/1576 
f 1577/2017/1576 1581/2021/1580 1583/2023/1582 1579/2019/1578 
f 1399/1858/1398 1423/1857/1422 1584/2024/1583 1585/2025/1584 
f 1423/1857/1422 1421/1855/1420 1586/2026/1585 1584/2024/1583 
f 1585/2025/1584 1584/2024/1583 1583/2023/1582 1582/2022/1581 
f 1584/2024/1583 1586/2026/1585 1579/2019/1578 1583/2023/1582 
f 1418/1852/1417 1417/1851/1416 1541/1977/1540 1587/2027/1586 
f 1587/2027/1586 1541/1977/1540 1538/1974/1537 1578/2018/1577 
f 1421/1855/1420 1418/1852/1417 1587/2027/1586 1586/2026/1585 
f 1586/2026/1585 1587/2027/1586 1578/2018/1577 1579/2019/1578 
f 1552/2013/1551 1574/2012/1573 1588/2028/1587 1580/2029/1579 
f 1574/2012/1573 1572/2010/1571 1589/2030/1588 1588/2028/1587 
f 1580/2029/1579 1588/2028/1587 1590/2031/1589 1582/2032/1581 
f 1588/2028/1587 1589/2030/1588 1591/2033/1590 1590/2031/1589 
f 1569/2007/1568 1568/2006/1567 1592/2034/1591 1593/2035/1592 
f 1593/2035/1592 1592/2034/1591 1594/2036/1593 1595/2037/1594 
f 1572/2010/1571 1569/2007/1568 1593/2035/1592 1589/2030/1588 
f 1589/2030/1588 1593/2035/1592 1595/2037/1594 1591/2033/1590 
f 1406/1836/1405 1405/1835/1404 1596/2038/1595 1597/2039/1596 
f 1405/1835/1404 1403/1833/1402 1598/2040/1597 1596/2038/1595 
f 1597/2039/1596 1596/2038/1595 1595/2037/1594 1594/2036/1593 
f 1596/2038/1595 1598/2040/1597 1591/2033/1590 1595/2037/1594 
f 1400/1830/1399 1399/1829/1398 1585/2041/1584 1599/2042/1598 
f 1599/2042/1598 1585/2041/1584 1582/2032/1581 1590/2031/1589 
f 1403/1833/1402 1400/1830/1399 1599/2042/1598 1598/2040/1597 
f 1598/2040/1597 1599/2042/1598 1590/2031/1589 1591/2033/1590 
f 1315/1735/1314 1314/1734/1313 1600/2043/1599 1564/2002/1563 
f 1314/1734/1313 1310/1730/1309 1601/2044/1600 1600/2043/1599 
f 1564/2002/1563 1600/2043/1599 1602/2045/1601 1566/2004/1565 
f 1600/2043/1599 1601/2044/1600 1603/2046/1602 1602/2045/1601 
f 1308/1728/1307 1273/1691/1272 1604/2047/1603 1605/2048/1604 
f 1605/2048/1604 1604/2047/1603 1606/2049/1605 1607/2050/1606 
f 1310/1730/1309 1308/1728/1307 1605/2048/1604 1601/2044/1600 
f 1601/2044/1600 1605/2048/1604 1607/2050/1606 1603/2046/1602 
f 1608/2051/1607 1609/2052/1608 1610/2053/1609 1611/2054/1610 
f 1609/2052/1608 1612/2055/1611 1613/2056/1612 1610/2053/1609 
f 1611/2054/1610 1610/2053/1609 1607/2050/1606 1606/2049/1605 
f 1610/2053/1609 1613/2056/1612 1603/2046/1602 1607/2050/1606 
f 1614/2057/1613 1568/2006/1567 1571/2009/1570 1615/2058/1614 
f 1615/2058/1614 1571/2009/1570 1566/2004/1565 1602/2045/1601 
f 1612/2055/1611 1614/2057/1613 1615/2058/1614 1613/2056/1612 
f 1613/2056/1612 1615/2058/1614 1602/2045/1601 1603/2046/1602 
f 1273/1691/1272 1272/1690/1271 1616/2059/1615 1604/2047/1603 
f 1272/1690/1271 1267/1685/1266 1617/2060/1616 1616/2059/1615 
f 1604/2047/1603 1616/2059/1615 1618/2061/1617 1606/2049/1605 
f 1616/2059/1615 1617/2060/1616 1619/2062/1618 1618/2061/1617 
f 1264/1682/1263 1263/1681/1262 1426/1862/1425 1620/2063/1619 
f 1620/2063/1619 1426/1862/1425 1429/1865/1428 1621/2064/1620 
f 1267/1685/1266 1264/1682/1263 1620/2063/1619 1617/2060/1616 
f 1617/2060/1616 1620/2063/1619 1621/2064/1620 1619/2062/1618 
f 1442/1878/1441 1622/2065/1621 1623/2066/1622 1443/1879/1442 
f 1622/2065/1621 1624/2067/1623 1625/2068/1624 1623/2066/1622 
f 1443/1879/1442 1623/2066/1622 1621/2064/1620 1429/1865/1428 
f 1623/2066/1622 1625/2068/1624 1619/2062/1618 1621/2064/1620 
f 1626/2069/1625 1608/2051/1607 1611/2054/1610 1627/2070/1626 
f 1627/2070/1626 1611/2054/1610 1606/2049/1605 1618/2061/1617 
f 1624/2067/1623 1626/2069/1625 1627/2070/1626 1625/2068/1624 
f 1625/2068/1624 1627/2070/1626 1618/2061/1617 1619/2062/1618 
f 1568/2006/1567 1614/2057/1613 1628/2071/1627 1592/2034/1591 
f 1614/2057/1613 1612/2055/1611 1629/2072/1628 1628/2071/1627 
f 1592/2034/1591 1628/2071/1627 1630/2073/1629 1594/2036/1593 
f 1628/2071/1627 1629/2072/1628 1631/2074/1630 1630/2073/1629 
f 1609/2052/1608 1608/2051/1607 1632/2075/1631 1633/2076/1632 
f 1633/2076/1632 1632/2075/1631 1634/2077/1633 1635/2078/1634 
f 1612/2055/1611 1609/2052/1608 1633/2076/1632 1629/2072/1628 
f 1629/2072/1628 1633/2076/1632 1635/2078/1634 1631/2074/1630 
f 1366/1794/1365 1390/1819/1389 1636/2079/1635 1637/2080/1636 
f 1390/1819/1389 1393/1822/1392 1638/2081/1637 1636/2079/1635 
f 1637/2080/1636 1636/2079/1635 1635/2078/1634 1634/2077/1633 
f 1636/2079/1635 1638/2081/1637 1631/2074/1630 1635/2078/1634 
f 1407/1837/1406 1406/1836/1405 1597/2039/1596 1639/2082/1638 
f 1639/2082/1638 1597/2039/1596 1594/2036/1593 1630/2073/1629 
f 1393/1822/1392 1407/1837/1406 1639/2082/1638 1638/2081/1637 
f 1638/2081/1637 1639/2082/1638 1630/2073/1629 1631/2074/1630 
f 1608/2051/1607 1626/2069/1625 1640/2083/1639 1632/2075/1631 
f 1626/2069/1625 1624/2067/1623 1641/2084/1640 1640/2083/1639 
f 1632/2075/1631 1640/2083/1639 1642/2085/1641 1634/2077/1633 
f 1640/2083/1639 1641/2084/1640 1643/2086/1642 1642/2085/1641 
f 1622/2065/1621 1442/1878/1441 1462/1898/1461 1644/2087/1643 
f 1644/2087/1643 1462/1898/1461 1465/1901/1464 1645/2088/1644 
f 1624/2067/1623 1622/2065/1621 1644/2087/1643 1641/2084/1640 
f 1641/2084/1640 1644/2087/1643 1645/2088/1644 1643/2086/1642 
f 1344/1771/1343 1347/1774/1346 1646/2089/1645 1474/1910/1473 
f 1347/1774/1346 1351/1778/1350 1647/2090/1646 1646/2089/1645 
f 1474/1910/1473 1646/2089/1645 1645/2088/1644 1465/1901/1464 
f 1646/2089/1645 1647/2090/1646 1643/2086/1642 1645/2088/1644 
f 1367/1795/1366 1366/1794/1365 1637/2080/1636 1648/2091/1647 
f 1648/2091/1647 1637/2080/1636 1634/2077/1633 1642/2085/1641 
f 1351/1778/1350 1367/1795/1366 1648/2091/1647 1647/2090/1646 
f 1647/2090/1646 1648/2091/1647 1642/2085/1641 1643/2086/1642 
# 384 polygons

#
# object Box002
#

v  79.9098 20.3502 -28.8932
v  77.2537 20.1071 -28.8655
v  79.3086 19.6501 -30.8935
v  82.2164 20.1071 -30.1135
v  73.4254 19.8770 -29.5168
v  75.4056 19.3683 -32.0111
v  82.0116 19.3683 -33.6834
v  85.1480 19.8770 -32.4782
v  77.9299 19.0599 -35.3239
v  69.1010 19.7278 -30.9575
v  64.6703 19.6735 -33.0514
v  66.3010 19.1592 -36.0245
v  70.9370 19.2086 -33.7557
v  68.4209 18.8650 -39.8895
v  73.2774 18.9045 -37.4189
v  73.4762 18.7093 -49.1062
v  78.5522 18.7340 -46.3220
v  75.8925 18.7636 -41.6924
v  70.8670 18.7340 -44.3492
v  83.3110 18.8650 -43.7119
v  80.6590 18.9045 -39.3023
v  87.4353 19.1592 -41.4498
v  90.6078 19.6735 -39.7097
v  88.0433 19.7278 -35.7752
v  84.8236 19.2086 -37.2920
v  89.5377 19.2086 -45.8868
v  92.5474 19.7278 -43.9870
v  85.6042 18.9045 -48.3183
v  91.0695 19.3683 -50.1977
v  93.7715 19.8770 -48.2005
v  87.4924 19.0599 -52.7580
v  76.0853 18.7340 -53.8632
v  81.0268 18.7636 -51.0532
v  78.5314 18.8650 -58.3229
v  83.2251 18.9045 -55.5554
v  82.2821 19.6735 -65.1610
v  86.4292 19.7278 -62.5501
v  85.0562 19.2086 -59.4979
v  80.6513 19.1592 -62.1879
v  89.9684 19.8770 -59.6777
v  88.9292 19.3683 -56.6672
v  92.5751 20.1071 -56.7994
v  93.9793 20.3502 -54.5446
v  94.1900 20.1071 -51.9437
v  91.9694 19.6501 -53.9766
v  60.5231 19.7278 -35.6623
v  61.8961 19.2086 -38.7145
v  56.9840 19.8770 -38.5347
v  58.0231 19.3683 -41.5452
v  63.7272 18.9045 -42.6570
v  59.4600 19.0599 -45.4544
v  54.3772 20.1071 -41.4130
v  52.9730 20.3502 -43.6678
v  52.7623 20.1071 -46.2687
v  54.9830 19.6501 -44.2358
v  53.1808 19.8770 -50.0119
v  55.8828 19.3683 -48.0147
v  56.3445 19.6735 -58.5027
v  59.5170 19.1592 -56.7626
v  57.4146 19.2086 -52.3256
v  54.4050 19.7278 -54.2254
v  63.6413 18.8650 -54.5005
v  61.3481 18.9045 -49.8941
v  68.4001 18.7340 -51.8904
v  65.9256 18.7636 -47.1592
v  71.0599 18.7636 -56.5200
v  66.2933 18.9045 -58.9101
v  73.6749 18.9045 -60.7935
v  69.0224 19.0599 -62.8885
v  58.9091 19.7278 -62.4372
v  62.1287 19.2086 -60.9204
v  61.8043 19.8770 -65.7342
v  64.9407 19.3683 -64.5290
v  67.0425 20.3502 -69.3192
v  69.6986 20.1071 -69.3469
v  67.6438 19.6501 -67.3189
v  64.7359 20.1071 -68.0989
v  73.5269 19.8770 -68.6956
v  71.5467 19.3683 -66.2013
v  77.8513 19.7278 -67.2549
v  76.0154 19.2086 -64.4567
v  79.9098 27.2671 -28.8932
v  82.2164 27.5101 -30.1135
v  79.3086 27.9671 -30.8935
v  77.2537 27.5101 -28.8655
v  85.1480 27.7403 -32.4782
v  82.0116 28.2489 -33.6834
v  75.4056 28.2489 -32.0111
v  73.4254 27.7403 -29.5168
v  77.9299 28.5573 -35.3239
v  88.0433 27.8894 -35.7752
v  90.6078 27.9438 -39.7097
v  87.4353 28.4581 -41.4498
v  84.8236 28.4087 -37.2920
v  83.3110 28.7523 -43.7119
v  80.6590 28.7128 -39.3023
v  73.4762 28.9079 -49.1062
v  70.8670 28.8832 -44.3492
v  75.8925 28.8536 -41.6924
v  78.5522 28.8832 -46.3220
v  68.4209 28.7523 -39.8895
v  73.2774 28.7128 -37.4189
v  66.3010 28.4581 -36.0245
v  64.6703 27.9438 -33.0514
v  69.1010 27.8894 -30.9575
v  70.9370 28.4087 -33.7557
v  92.5474 27.8894 -43.9870
v  89.5377 28.4087 -45.8868
v  93.7715 27.7403 -48.2005
v  91.0695 28.2489 -50.1977
v  85.6042 28.7128 -48.3183
v  87.4924 28.5573 -52.7580
v  94.1900 27.5101 -51.9437
v  93.9793 27.2671 -54.5446
v  92.5751 27.5101 -56.7994
v  91.9694 27.9671 -53.9766
v  89.9684 27.7403 -59.6777
v  88.9292 28.2489 -56.6672
v  82.2821 27.9438 -65.1610
v  80.6513 28.4581 -62.1879
v  85.0562 28.4087 -59.4979
v  86.4292 27.8894 -62.5501
v  78.5314 28.7523 -58.3229
v  83.2251 28.7128 -55.5554
v  76.0853 28.8832 -53.8632
v  81.0268 28.8536 -51.0532
v  61.8961 28.4087 -38.7145
v  60.5231 27.8894 -35.6623
v  63.7272 28.7128 -42.6570
v  58.0231 28.2489 -41.5452
v  56.9840 27.7403 -38.5347
v  59.4600 28.5573 -45.4544
v  68.4001 28.8832 -51.8904
v  65.9256 28.8536 -47.1592
v  63.6413 28.7523 -54.5005
v  61.3481 28.7128 -49.8941
v  56.3445 27.9438 -58.5027
v  54.4050 27.8894 -54.2254
v  57.4146 28.4087 -52.3256
v  59.5170 28.4581 -56.7626
v  53.1808 27.7403 -50.0119
v  55.8828 28.2489 -48.0147
v  52.7623 27.5101 -46.2687
v  52.9730 27.2671 -43.6678
v  54.3772 27.5101 -41.4130
v  54.9830 27.9671 -44.2358
v  71.0599 28.8536 -56.5200
v  73.6749 28.7128 -60.7935
v  66.2933 28.7128 -58.9101
v  69.0224 28.5573 -62.8885
v  77.8513 27.8894 -67.2549
v  76.0154 28.4087 -64.4567
v  73.5269 27.7403 -68.6956
v  71.5467 28.2489 -66.2013
v  67.0425 27.2671 -69.3192
v  64.7359 27.5101 -68.0989
v  67.6438 27.9671 -67.3189
v  69.6986 27.5101 -69.3469
v  61.8043 27.7403 -65.7342
v  64.9407 28.2489 -64.5290
v  58.9091 27.8894 -62.4372
v  62.1287 28.4087 -60.9204
v  83.6999 20.7926 -29.3817
v  80.1758 20.8824 -27.9852
v  86.9645 20.6332 -31.6892
v  84.2784 21.6694 -28.8508
v  80.3662 21.7165 -27.3290
v  87.8320 21.5802 -31.2534
v  92.5114 20.4649 -38.6656
v  89.9751 20.5142 -34.8651
v  93.4631 21.4640 -38.1436
v  90.9410 21.5010 -34.4100
v  93.7804 23.8086 -37.9696
v  91.2630 23.8086 -34.2583
v  91.2630 22.6214 -34.2583
v  93.7804 22.6017 -37.9696
v  88.1211 23.8086 -31.1082
v  88.1211 22.6609 -31.1082
v  84.4713 23.8086 -28.6739
v  80.4297 23.8086 -27.1103
v  80.4297 22.7202 -27.1103
v  84.4713 22.7004 -28.6739
v  94.3531 20.5142 -42.8471
v  95.4132 20.6332 -47.0928
v  95.2560 21.5010 -42.2771
v  96.2469 21.5802 -46.5955
v  94.8880 20.8824 -54.8084
v  95.6045 20.7926 -51.0860
v  95.5437 21.7165 -55.0005
v  96.3631 21.6694 -50.8835
v  95.7623 23.8086 -55.0645
v  96.6159 23.8086 -50.8159
v  96.6159 22.7004 -50.8159
v  95.7623 22.7202 -55.0645
v  96.5248 23.8086 -46.4297
v  96.5248 22.6609 -46.4297
v  95.5570 23.8086 -42.0872
v  95.5570 22.6214 -42.0872
v  84.4713 24.9168 -28.6739
v  80.4297 24.8971 -27.1103
v  88.1211 24.9563 -31.1082
v  84.2784 25.9479 -28.8508
v  80.3662 25.9007 -27.3290
v  87.8320 26.0371 -31.2534
v  93.7804 25.0156 -37.9696
v  91.2630 24.9958 -34.2583
v  93.4631 26.1532 -38.1436
v  90.9410 26.1162 -34.4100
v  89.9751 27.1030 -34.8651
v  92.5114 27.1524 -38.6656
v  86.9645 26.9841 -31.6892
v  80.1758 26.7349 -27.9852
v  83.6999 26.8247 -29.3817
v  95.5570 24.9958 -42.0872
v  96.5248 24.9563 -46.4297
v  95.2560 26.1162 -42.2771
v  96.2469 26.0371 -46.5955
v  95.7623 24.8971 -55.0645
v  96.6159 24.9168 -50.8159
v  95.5437 25.9007 -55.0005
v  96.3631 25.9479 -50.8835
v  95.6045 26.8247 -51.0860
v  94.8880 26.7349 -54.8084
v  95.4132 26.9841 -47.0928
v  94.3531 27.1030 -42.8471
v  93.2246 20.7926 -58.2418
v  90.6634 20.6332 -61.4211
v  93.7282 21.6694 -58.8060
v  91.0556 21.5802 -62.2536
v  83.2605 20.4649 -66.9449
v  87.2530 20.5142 -64.3814
v  83.7497 21.4640 -67.8368
v  87.6649 21.5010 -65.2971
v  83.9128 23.8086 -68.1341
v  87.8022 23.8086 -65.6023
v  87.8022 22.6214 -65.6023
v  83.9128 22.6017 -68.1341
v  91.1863 23.8086 -62.5311
v  91.1863 22.6609 -62.5311
v  93.8961 23.8086 -58.9940
v  93.8961 22.7004 -58.9940
v  78.9529 20.5142 -68.9339
v  74.6236 20.6332 -70.2188
v  79.5037 21.5010 -69.7734
v  75.1148 21.5802 -70.9969
v  66.7766 20.8824 -70.2272
v  70.5659 20.7926 -70.6699
v  66.5861 21.7165 -70.8834
v  70.7710 21.6694 -71.3978
v  66.5226 23.8086 -71.1021
v  70.8394 23.8086 -71.6404
v  70.8394 22.7004 -71.6404
v  66.5226 22.7202 -71.1021
v  75.2785 23.8086 -71.2563
v  75.2785 22.6609 -71.2563
v  79.6873 23.8086 -70.0532
v  79.6873 22.6214 -70.0532
v  93.8961 24.9168 -58.9940
v  91.1863 24.9563 -62.5311
v  93.7282 25.9479 -58.8060
v  91.0556 26.0371 -62.2536
v  83.9128 25.0156 -68.1341
v  87.8022 24.9958 -65.6023
v  83.7497 26.1532 -67.8368
v  87.6649 26.1162 -65.2971
v  87.2530 27.1030 -64.3814
v  83.2605 27.1524 -66.9449
v  90.6634 26.9841 -61.4211
v  93.2246 26.8247 -58.2418
v  79.6873 24.9958 -70.0532
v  75.2785 24.9563 -71.2563
v  79.5037 26.1162 -69.7734
v  75.1148 26.0371 -70.9969
v  66.5226 24.8971 -71.1021
v  70.8394 24.9168 -71.6404
v  66.5861 25.9007 -70.8834
v  70.7710 25.9479 -71.3978
v  70.5659 26.8247 -70.6699
v  66.7766 26.7349 -70.2272
v  74.6236 26.9841 -70.2188
v  78.9529 27.1030 -68.9339
v  63.2524 20.7926 -68.8307
v  59.9878 20.6332 -66.5232
v  62.6739 21.6694 -69.3616
v  59.1204 21.5802 -66.9590
v  54.4410 20.4649 -59.5468
v  56.9772 20.5142 -63.3473
v  53.4892 21.4640 -60.0688
v  56.0113 21.5010 -63.8024
v  53.1720 23.8086 -60.2428
v  55.6894 23.8086 -63.9541
v  55.6894 22.6214 -63.9541
v  53.1720 22.6017 -60.2428
v  58.8312 23.8086 -67.1042
v  58.8312 22.6609 -67.1042
v  62.4811 23.8086 -69.5385
v  62.4811 22.7004 -69.5385
v  52.5992 20.5142 -55.3653
v  51.5391 20.6332 -51.1196
v  51.6963 21.5010 -55.9353
v  50.7054 21.5802 -51.6169
v  52.0644 20.8824 -43.4040
v  51.3478 20.7926 -47.1264
v  51.4086 21.7165 -43.2119
v  50.5893 21.6694 -47.3289
v  51.1900 23.8086 -43.1479
v  50.3364 23.8086 -47.3965
v  50.3364 22.7004 -47.3965
v  51.1900 22.7202 -43.1479
v  50.4275 23.8086 -51.7827
v  50.4275 22.6609 -51.7827
v  51.3953 23.8086 -56.1253
v  51.3953 22.6214 -56.1253
v  62.4811 24.9168 -69.5385
v  58.8312 24.9563 -67.1042
v  62.6739 25.9479 -69.3616
v  59.1204 26.0371 -66.9590
v  53.1720 25.0156 -60.2428
v  55.6894 24.9958 -63.9541
v  53.4892 26.1532 -60.0688
v  56.0113 26.1162 -63.8024
v  56.9772 27.1030 -63.3473
v  54.4410 27.1524 -59.5468
v  59.9878 26.9841 -66.5232
v  63.2524 26.8247 -68.8307
v  51.3953 24.9958 -56.1253
v  50.4275 24.9563 -51.7827
v  51.6963 26.1162 -55.9353
v  50.7054 26.0371 -51.6169
v  51.1900 24.8971 -43.1479
v  50.3364 24.9168 -47.3965
v  51.4086 25.9007 -43.2119
v  50.5893 25.9479 -47.3289
v  51.3478 26.8247 -47.1264
v  52.0644 26.7349 -43.4040
v  51.5391 26.9841 -51.1196
v  52.5992 27.1030 -55.3653
v  53.7277 20.7926 -39.9706
v  56.2890 20.6332 -36.7913
v  53.2241 21.6694 -39.4064
v  55.8968 21.5802 -35.9588
v  63.6918 20.4649 -31.2675
v  59.6994 20.5142 -33.8310
v  63.2026 21.4640 -30.3756
v  59.2875 21.5010 -32.9153
v  63.0396 23.8086 -30.0783
v  59.1502 23.8086 -32.6101
v  59.1502 22.6214 -32.6101
v  63.0396 22.6017 -30.0783
v  55.7660 23.8086 -35.6813
v  55.7660 22.6609 -35.6813
v  53.0563 23.8086 -39.2184
v  53.0563 22.7004 -39.2184
v  67.9994 20.5142 -29.2785
v  72.3288 20.6332 -27.9936
v  67.4486 21.5010 -28.4390
v  71.8375 21.5802 -27.2155
v  76.3864 20.7926 -27.5425
v  76.1813 21.6694 -26.8147
v  76.1130 23.8086 -26.5720
v  76.1130 22.7004 -26.5720
v  71.6738 23.8086 -26.9561
v  71.6738 22.6609 -26.9561
v  67.2650 23.8086 -28.1592
v  67.2650 22.6214 -28.1592
v  53.0563 24.9168 -39.2184
v  55.7660 24.9563 -35.6813
v  53.2241 25.9479 -39.4064
v  55.8968 26.0371 -35.9588
v  63.0396 25.0156 -30.0783
v  59.1502 24.9958 -32.6101
v  63.2026 26.1532 -30.3756
v  59.2875 26.1162 -32.9153
v  59.6994 27.1030 -33.8310
v  63.6918 27.1524 -31.2675
v  56.2890 26.9841 -36.7913
v  53.7277 26.8247 -39.9706
v  67.2650 24.9958 -28.1592
v  71.6738 24.9563 -26.9561
v  67.4486 26.1162 -28.4390
v  71.8375 26.0371 -27.2155
v  76.1130 24.9168 -26.5720
v  76.1813 25.9479 -26.8147
v  76.3864 26.8247 -27.5425
v  72.3288 26.9841 -27.9936
v  67.9994 27.1030 -29.2785
# 386 vertices

vn 0.0504 -0.9865 0.1557
vn 0.0240 -0.9904 0.1362
vn 0.0232 -0.9971 0.0722
vn 0.0608 -0.9900 0.1270
vn -0.0053 -0.9941 0.1081
vn 0.0041 -0.9987 0.0501
vn 0.0264 -0.9987 0.0446
vn 0.0689 -0.9936 0.0897
vn 0.0087 -0.9996 0.0270
vn -0.0249 -0.9958 0.0885
vn -0.0418 -0.9962 0.0763
vn -0.0169 -0.9994 0.0308
vn -0.0076 -0.9992 0.0380
vn -0.0071 -0.9999 0.0130
vn -0.0008 -0.9998 0.0179
vn 0.0000 -1.0000 -0.0000
vn 0.0045 -1.0000 0.0025
vn 0.0025 -1.0000 0.0077
vn -0.0023 -1.0000 0.0043
vn 0.0139 -0.9999 0.0076
vn 0.0115 -0.9998 0.0148
vn 0.0328 -0.9993 0.0180
vn 0.0812 -0.9957 0.0446
vn 0.0740 -0.9952 0.0636
vn 0.0292 -0.9992 0.0287
vn 0.0399 -0.9992 0.0092
vn 0.0934 -0.9952 0.0282
vn 0.0186 -0.9998 0.0017
vn 0.0518 -0.9987 -0.0017
vn 0.1126 -0.9936 0.0099
vn 0.0274 -0.9996 -0.0071
vn 0.0023 -1.0000 -0.0043
vn 0.0079 -1.0000 -0.0020
vn 0.0071 -0.9999 -0.0130
vn 0.0147 -0.9998 -0.0103
vn 0.0418 -0.9962 -0.0763
vn 0.0613 -0.9958 -0.0686
vn 0.0280 -0.9992 -0.0268
vn 0.0169 -0.9994 -0.0308
vn 0.0883 -0.9941 -0.0625
vn 0.0445 -0.9987 -0.0235
vn 0.1278 -0.9904 -0.0529
vn 0.1583 -0.9865 -0.0412
vn 0.1398 -0.9900 -0.0170
vn 0.0733 -0.9971 -0.0192
vn -0.0613 -0.9958 0.0686
vn -0.0280 -0.9992 0.0268
vn -0.0883 -0.9941 0.0625
vn -0.0445 -0.9987 0.0235
vn -0.0147 -0.9998 0.0103
vn -0.0274 -0.9996 0.0071
vn -0.1278 -0.9904 0.0529
vn -0.1583 -0.9865 0.0412
vn -0.1398 -0.9900 0.0170
vn -0.0733 -0.9971 0.0192
vn -0.1126 -0.9936 -0.0099
vn -0.0518 -0.9987 0.0017
vn -0.0812 -0.9957 -0.0446
vn -0.0328 -0.9993 -0.0180
vn -0.0399 -0.9992 -0.0092
vn -0.0934 -0.9952 -0.0282
vn -0.0139 -0.9999 -0.0076
vn -0.0186 -0.9998 -0.0017
vn -0.0045 -1.0000 -0.0025
vn -0.0079 -1.0000 0.0020
vn -0.0025 -1.0000 -0.0077
vn -0.0115 -0.9998 -0.0148
vn 0.0008 -0.9998 -0.0179
vn -0.0087 -0.9996 -0.0270
vn -0.0740 -0.9952 -0.0636
vn -0.0292 -0.9992 -0.0287
vn -0.0689 -0.9936 -0.0897
vn -0.0264 -0.9987 -0.0446
vn -0.0504 -0.9865 -0.1557
vn -0.0240 -0.9904 -0.1362
vn -0.0232 -0.9971 -0.0722
vn -0.0608 -0.9900 -0.1270
vn 0.0053 -0.9941 -0.1081
vn -0.0041 -0.9987 -0.0501
vn 0.0249 -0.9958 -0.0885
vn 0.0076 -0.9992 -0.0380
vn 0.0504 0.9865 0.1557
vn 0.0608 0.9900 0.1270
vn 0.0232 0.9971 0.0722
vn 0.0240 0.9904 0.1362
vn 0.0689 0.9936 0.0897
vn 0.0264 0.9987 0.0446
vn 0.0041 0.9987 0.0501
vn -0.0053 0.9941 0.1081
vn 0.0087 0.9996 0.0270
vn 0.0740 0.9952 0.0636
vn 0.0812 0.9957 0.0446
vn 0.0328 0.9993 0.0180
vn 0.0292 0.9992 0.0287
vn 0.0139 0.9999 0.0076
vn 0.0115 0.9998 0.0148
vn 0.0000 1.0000 -0.0000
vn -0.0023 1.0000 0.0043
vn 0.0025 1.0000 0.0077
vn 0.0045 1.0000 0.0025
vn -0.0071 0.9999 0.0130
vn -0.0008 0.9998 0.0179
vn -0.0169 0.9994 0.0308
vn -0.0418 0.9962 0.0763
vn -0.0249 0.9958 0.0885
vn -0.0076 0.9992 0.0380
vn 0.0934 0.9952 0.0282
vn 0.0399 0.9992 0.0092
vn 0.1126 0.9936 0.0099
vn 0.0518 0.9987 -0.0017
vn 0.0186 0.9998 0.0017
vn 0.0274 0.9996 -0.0071
vn 0.1398 0.9900 -0.0170
vn 0.1583 0.9865 -0.0412
vn 0.1278 0.9904 -0.0529
vn 0.0733 0.9971 -0.0192
vn 0.0883 0.9941 -0.0625
vn 0.0445 0.9987 -0.0235
vn 0.0418 0.9962 -0.0763
vn 0.0169 0.9994 -0.0308
vn 0.0280 0.9992 -0.0268
vn 0.0613 0.9958 -0.0686
vn 0.0071 0.9999 -0.0130
vn 0.0147 0.9998 -0.0103
vn 0.0023 1.0000 -0.0043
vn 0.0079 1.0000 -0.0020
vn -0.0280 0.9992 0.0268
vn -0.0613 0.9958 0.0686
vn -0.0147 0.9998 0.0103
vn -0.0445 0.9987 0.0235
vn -0.0883 0.9941 0.0625
vn -0.0274 0.9996 0.0071
vn -0.0045 1.0000 -0.0025
vn -0.0079 1.0000 0.0020
vn -0.0139 0.9999 -0.0076
vn -0.0186 0.9998 -0.0017
vn -0.0812 0.9957 -0.0446
vn -0.0934 0.9952 -0.0282
vn -0.0399 0.9992 -0.0092
vn -0.0328 0.9993 -0.0180
vn -0.1126 0.9936 -0.0099
vn -0.0518 0.9987 0.0017
vn -0.1398 0.9900 0.0170
vn -0.1583 0.9865 0.0412
vn -0.1278 0.9904 0.0529
vn -0.0733 0.9971 0.0192
vn -0.0025 1.0000 -0.0077
vn 0.0008 0.9998 -0.0179
vn -0.0115 0.9998 -0.0148
vn -0.0087 0.9996 -0.0270
vn 0.0249 0.9958 -0.0885
vn 0.0076 0.9992 -0.0380
vn 0.0053 0.9941 -0.1081
vn -0.0041 0.9987 -0.0501
vn -0.0504 0.9865 -0.1557
vn -0.0608 0.9900 -0.1270
vn -0.0232 0.9971 -0.0722
vn -0.0240 0.9904 -0.1362
vn -0.0689 0.9936 -0.0897
vn -0.0264 0.9987 -0.0446
vn -0.0740 0.9952 -0.0636
vn -0.0292 0.9992 -0.0287
vn 0.1427 -0.9570 0.2525
vn 0.0905 -0.9558 0.2798
vn 0.1699 -0.9650 0.1999
vn 0.3244 -0.7669 0.5538
vn 0.1977 -0.7622 0.6164
vn 0.4011 -0.7949 0.4552
vn 0.2002 -0.9736 0.1098
vn 0.1833 -0.9717 0.1493
vn 0.4920 -0.8277 0.2699
vn 0.4468 -0.8206 0.3563
vn 0.8768 0.0000 0.4809
vn 0.7850 0.0000 0.6195
vn 0.7395 -0.3411 0.5804
vn 0.8222 -0.3474 0.4509
vn 0.6663 -0.0000 0.7457
vn 0.6351 -0.3176 0.7041
vn 0.5102 -0.0000 0.8601
vn 0.3041 0.0000 0.9526
vn 0.2901 -0.2846 0.9137
vn 0.4910 -0.2906 0.8212
vn 0.2244 -0.9717 0.0743
vn 0.2599 -0.9650 0.0358
vn 0.5406 -0.8206 0.1853
vn 0.5995 -0.7949 0.0936
vn 0.2845 -0.9558 -0.0741
vn 0.2896 -0.9570 -0.0154
vn 0.6260 -0.7622 -0.1645
vn 0.6413 -0.7669 -0.0241
vn 0.9668 0.0000 -0.2555
vn 0.9995 0.0000 -0.0320
vn 0.9565 -0.2906 -0.0273
vn 0.9264 -0.2846 -0.2465
vn 0.9869 0.0000 0.1611
vn 0.9351 -0.3176 0.1572
vn 0.9443 0.0000 0.3291
vn 0.8869 -0.3411 0.3116
vn 0.4910 0.2906 0.8212
vn 0.2901 0.2846 0.9137
vn 0.6351 0.3176 0.7041
vn 0.3244 0.7669 0.5538
vn 0.1977 0.7622 0.6164
vn 0.4011 0.7949 0.4552
vn 0.8222 0.3474 0.4509
vn 0.7395 0.3411 0.5804
vn 0.4920 0.8277 0.2699
vn 0.4468 0.8206 0.3563
vn 0.1833 0.9717 0.1493
vn 0.2002 0.9736 0.1098
vn 0.1699 0.9650 0.1999
vn 0.0905 0.9558 0.2798
vn 0.1427 0.9570 0.2525
vn 0.8869 0.3411 0.3116
vn 0.9351 0.3176 0.1572
vn 0.5406 0.8206 0.1853
vn 0.5995 0.7949 0.0936
vn 0.9264 0.2846 -0.2465
vn 0.9565 0.2906 -0.0273
vn 0.6260 0.7622 -0.1645
vn 0.6413 0.7669 -0.0241
vn 0.2896 0.9570 -0.0154
vn 0.2845 0.9558 -0.0741
vn 0.2599 0.9650 0.0358
vn 0.2244 0.9717 0.0743
vn 0.2522 -0.9594 -0.1261
vn 0.1958 -0.9682 -0.1559
vn 0.5581 -0.7761 -0.2936
vn 0.4529 -0.8080 -0.3768
vn 0.1035 -0.9766 -0.1887
vn 0.1433 -0.9747 -0.1713
vn 0.2599 -0.8414 -0.4738
vn 0.3484 -0.8343 -0.4272
vn 0.4809 0.0000 -0.8768
vn 0.6269 0.0000 -0.7791
vn 0.5839 -0.3550 -0.7300
vn 0.4484 -0.3616 -0.8174
vn 0.7626 0.0000 -0.6469
vn 0.7161 -0.3304 -0.6149
vn 0.8811 -0.0000 -0.4730
vn 0.8380 -0.2993 -0.4562
vn 0.0674 -0.9747 -0.2129
vn 0.0262 -0.9682 -0.2489
vn 0.1730 -0.8343 -0.5234
vn 0.0744 -0.8080 -0.5844
vn -0.0905 -0.9558 -0.2798
vn -0.0292 -0.9594 -0.2805
vn -0.1977 -0.7622 -0.6164
vn -0.0524 -0.7761 -0.6285
vn -0.3041 0.0000 -0.9526
vn -0.0747 -0.0000 -0.9972
vn -0.0657 -0.2993 -0.9519
vn -0.2901 -0.2846 -0.9137
vn 0.1357 0.0000 -0.9908
vn 0.1336 -0.3304 -0.9343
vn 0.3200 0.0000 -0.9474
vn 0.3018 -0.3550 -0.8848
vn 0.8380 0.2993 -0.4562
vn 0.7161 0.3304 -0.6149
vn 0.5581 0.7761 -0.2936
vn 0.4529 0.8080 -0.3768
vn 0.4484 0.3616 -0.8174
vn 0.5839 0.3550 -0.7300
vn 0.2599 0.8414 -0.4738
vn 0.3484 0.8343 -0.4272
vn 0.1433 0.9747 -0.1713
vn 0.1035 0.9766 -0.1887
vn 0.1958 0.9682 -0.1559
vn 0.2522 0.9594 -0.1261
vn 0.3018 0.3550 -0.8848
vn 0.1336 0.3304 -0.9343
vn 0.1730 0.8343 -0.5234
vn 0.0744 0.8080 -0.5844
vn -0.2901 0.2846 -0.9137
vn -0.0657 0.2993 -0.9519
vn -0.1977 0.7622 -0.6164
vn -0.0524 0.7761 -0.6285
vn -0.0292 0.9594 -0.2805
vn -0.0905 0.9558 -0.2798
vn 0.0262 0.9682 -0.2489
vn 0.0674 0.9747 -0.2129
vn -0.1427 -0.9570 -0.2525
vn -0.1699 -0.9650 -0.1999
vn -0.3244 -0.7669 -0.5538
vn -0.4011 -0.7949 -0.4552
vn -0.2002 -0.9736 -0.1098
vn -0.1833 -0.9717 -0.1493
vn -0.4920 -0.8277 -0.2699
vn -0.4468 -0.8206 -0.3563
vn -0.8768 0.0000 -0.4809
vn -0.7850 0.0000 -0.6195
vn -0.7395 -0.3411 -0.5804
vn -0.8222 -0.3474 -0.4509
vn -0.6663 0.0000 -0.7457
vn -0.6351 -0.3176 -0.7041
vn -0.5102 0.0000 -0.8601
vn -0.4910 -0.2906 -0.8212
vn -0.2244 -0.9717 -0.0743
vn -0.2599 -0.9650 -0.0358
vn -0.5406 -0.8206 -0.1853
vn -0.5995 -0.7949 -0.0936
vn -0.2845 -0.9558 0.0741
vn -0.2896 -0.9570 0.0154
vn -0.6260 -0.7622 0.1645
vn -0.6413 -0.7669 0.0241
vn -0.9668 0.0000 0.2555
vn -0.9995 0.0000 0.0320
vn -0.9565 -0.2906 0.0273
vn -0.9264 -0.2846 0.2465
vn -0.9869 0.0000 -0.1611
vn -0.9351 -0.3176 -0.1572
vn -0.9443 0.0000 -0.3291
vn -0.8869 -0.3411 -0.3116
vn -0.4910 0.2906 -0.8212
vn -0.6351 0.3176 -0.7041
vn -0.3244 0.7669 -0.5538
vn -0.4011 0.7949 -0.4552
vn -0.8222 0.3474 -0.4509
vn -0.7395 0.3411 -0.5804
vn -0.4920 0.8277 -0.2699
vn -0.4468 0.8206 -0.3563
vn -0.1833 0.9717 -0.1493
vn -0.2002 0.9736 -0.1098
vn -0.1699 0.9650 -0.1999
vn -0.1427 0.9570 -0.2525
vn -0.8869 0.3411 -0.3116
vn -0.9351 0.3176 -0.1572
vn -0.5406 0.8206 -0.1853
vn -0.5995 0.7949 -0.0936
vn -0.9264 0.2846 0.2465
vn -0.9565 0.2906 0.0273
vn -0.6260 0.7622 0.1645
vn -0.6413 0.7669 0.0241
vn -0.2896 0.9570 0.0154
vn -0.2845 0.9558 0.0741
vn -0.2599 0.9650 -0.0358
vn -0.2244 0.9717 -0.0743
vn -0.2522 -0.9594 0.1261
vn -0.1958 -0.9682 0.1559
vn -0.5581 -0.7761 0.2936
vn -0.4529 -0.8080 0.3768
vn -0.1035 -0.9766 0.1887
vn -0.1433 -0.9747 0.1713
vn -0.2599 -0.8414 0.4738
vn -0.3484 -0.8343 0.4272
vn -0.4809 0.0000 0.8768
vn -0.6269 0.0000 0.7791
vn -0.5839 -0.3550 0.7300
vn -0.4484 -0.3616 0.8174
vn -0.7626 0.0000 0.6469
vn -0.7161 -0.3304 0.6149
vn -0.8811 -0.0000 0.4730
vn -0.8380 -0.2993 0.4562
vn -0.0674 -0.9747 0.2129
vn -0.0262 -0.9682 0.2489
vn -0.1730 -0.8343 0.5234
vn -0.0744 -0.8080 0.5844
vn 0.0292 -0.9594 0.2805
vn 0.0524 -0.7761 0.6285
vn 0.0747 0.0000 0.9972
vn 0.0657 -0.2993 0.9519
vn -0.1357 0.0000 0.9908
vn -0.1336 -0.3304 0.9343
vn -0.3200 0.0000 0.9474
vn -0.3018 -0.3550 0.8848
vn -0.8380 0.2993 0.4562
vn -0.7161 0.3304 0.6149
vn -0.5581 0.7761 0.2936
vn -0.4529 0.8080 0.3768
vn -0.4484 0.3616 0.8174
vn -0.5839 0.3550 0.7300
vn -0.2599 0.8414 0.4738
vn -0.3484 0.8343 0.4272
vn -0.1433 0.9747 0.1713
vn -0.1035 0.9766 0.1887
vn -0.1958 0.9682 0.1559
vn -0.2522 0.9594 0.1261
vn -0.3018 0.3550 0.8848
vn -0.1336 0.3304 0.9343
vn -0.1730 0.8343 0.5234
vn -0.0744 0.8080 0.5844
vn 0.0657 0.2993 0.9519
vn 0.0524 0.7761 0.6285
vn 0.0292 0.9594 0.2805
vn -0.0262 0.9682 0.2489
vn -0.0674 0.9747 0.2129
# 386 vertex normals

vt 0.3494 0.4427 0.2024
vt 0.3315 0.4396 0.2055
vt 0.3497 0.4242 0.1846
vt 0.3689 0.4351 0.1914
vt 0.3070 0.4362 0.2069
vt 0.3218 0.4162 0.1787
vt 0.3816 0.4064 0.1605
vt 0.4011 0.4244 0.1750
vt 0.3501 0.3882 0.1446
vt 0.2793 0.4337 0.2068
vt 0.2500 0.4328 0.2068
vt 0.2500 0.4085 0.1718
vt 0.2877 0.4105 0.1736
vt 0.2500 0.3664 0.1271
vt 0.3052 0.3726 0.1319
vt 0.4252 0.0000 0.0534
vt 0.5000 0.2197 0.0689
vt 0.3505 0.3006 0.0901
vt 0.2747 0.0863 0.0752
vt 0.5000 0.3259 0.0996
vt 0.4050 0.3502 0.1133
vt 0.2500 0.2690 0.0801
vt 0.5000 0.3780 0.1302
vt 0.5000 0.4095 0.1544
vt 0.4456 0.4140 0.1602
vt 0.4318 0.3873 0.1389
vt 0.5682 0.3873 0.1389
vt 0.5544 0.4140 0.1602
vt 0.5950 0.3502 0.1133
vt 0.6184 0.4064 0.1605
vt 0.5989 0.4244 0.1750
vt 0.6499 0.3882 0.1446
vt 0.6250 0.0000 0.0534
vt 0.7500 0.2690 0.0801
vt 0.6495 0.3006 0.0901
vt 0.7500 0.3664 0.1271
vt 0.6948 0.3726 0.1319
vt 0.7500 0.4328 0.2068
vt 0.7207 0.4337 0.2068
vt 0.7123 0.4105 0.1736
vt 0.7500 0.4085 0.1718
vt 0.6930 0.4362 0.2069
vt 0.6782 0.4162 0.1787
vt 0.6685 0.4396 0.2055
vt 0.6506 0.4427 0.2024
vt 0.6311 0.4351 0.1914
vt 0.6503 0.4242 0.1846
vt 0.2207 0.4337 0.2068
vt 0.2123 0.4105 0.1736
vt 0.1930 0.4362 0.2069
vt 0.1782 0.4162 0.1787
vt 0.1948 0.3726 0.1319
vt 0.1499 0.3882 0.1446
vt 0.1685 0.4396 0.2055
vt 0.1506 0.4427 0.2024
vt 0.1311 0.4351 0.1914
vt 0.1503 0.4242 0.1846
vt 0.0989 0.4244 0.1750
vt 0.1184 0.4064 0.1605
vt -0.0000 0.4095 0.1544
vt -0.0000 0.3780 0.1302
vt 0.0682 0.3873 0.1389
vt 0.0544 0.4140 0.1602
vt -0.0000 0.3259 0.0996
vt 0.0950 0.3502 0.1133
vt -0.0000 0.2197 0.0689
vt 0.1250 0.0000 0.0534
vt 0.1495 0.3006 0.0901
vt 0.9252 0.0000 0.0534
vt 1.0000 0.2197 0.0689
vt 0.8505 0.3006 0.0901
vt 0.7747 0.0863 0.0752
vt 1.0000 0.3259 0.0996
vt 0.9050 0.3502 0.1133
vt 0.8052 0.3726 0.1319
vt 0.8501 0.3882 0.1446
vt 1.0000 0.3780 0.1302
vt 1.0000 0.4095 0.1544
vt 0.9456 0.4140 0.1602
vt 0.9318 0.3873 0.1389
vt 0.9011 0.4244 0.1750
vt 0.8816 0.4064 0.1605
vt 0.8494 0.4427 0.2024
vt 0.8315 0.4396 0.2055
vt 0.8497 0.4242 0.1846
vt 0.8689 0.4351 0.1914
vt 0.8070 0.4362 0.2069
vt 0.8218 0.4162 0.1787
vt 0.7793 0.4337 0.2068
vt 0.7877 0.4105 0.1736
vt 0.3494 0.5573 0.2024
vt 0.3689 0.5649 0.1914
vt 0.3497 0.5758 0.1846
vt 0.3315 0.5604 0.2055
vt 0.4011 0.5756 0.1750
vt 0.3816 0.5936 0.1605
vt 0.3218 0.5838 0.1787
vt 0.3070 0.5638 0.2069
vt 0.3501 0.6118 0.1446
vt 0.4456 0.5860 0.1602
vt 0.5000 0.5905 0.1544
vt 0.5000 0.6220 0.1302
vt 0.4318 0.6127 0.1389
vt 0.5000 0.6741 0.0996
vt 0.4050 0.6498 0.1133
vt 0.4252 1.0000 0.0534
vt 0.2747 0.9137 0.0752
vt 0.3505 0.6994 0.0901
vt 0.5000 0.7803 0.0689
vt 0.2500 0.7310 0.0801
vt 0.2500 0.6336 0.1271
vt 0.3052 0.6274 0.1319
vt 0.2500 0.5915 0.1718
vt 0.2500 0.5672 0.2068
vt 0.2793 0.5663 0.2068
vt 0.2877 0.5895 0.1736
vt 0.5544 0.5860 0.1602
vt 0.5682 0.6127 0.1389
vt 0.5989 0.5756 0.1750
vt 0.6184 0.5936 0.1605
vt 0.5950 0.6498 0.1133
vt 0.6499 0.6118 0.1446
vt 0.6311 0.5649 0.1914
vt 0.6506 0.5573 0.2024
vt 0.6685 0.5604 0.2055
vt 0.6503 0.5758 0.1846
vt 0.6930 0.5638 0.2069
vt 0.6782 0.5838 0.1787
vt 0.7500 0.5672 0.2068
vt 0.7500 0.5915 0.1718
vt 0.7123 0.5895 0.1736
vt 0.7207 0.5663 0.2068
vt 0.7500 0.6336 0.1271
vt 0.6948 0.6274 0.1319
vt 0.7500 0.7310 0.0801
vt 0.6250 1.0000 0.0534
vt 0.6495 0.6994 0.0901
vt 0.2123 0.5895 0.1736
vt 0.2207 0.5663 0.2068
vt 0.1948 0.6274 0.1319
vt 0.1782 0.5838 0.1787
vt 0.1930 0.5638 0.2069
vt 0.1499 0.6118 0.1446
vt 0.1250 1.0000 0.0534
vt -0.0000 0.7803 0.0689
vt 0.1495 0.6994 0.0901
vt -0.0000 0.6741 0.0996
vt 0.0950 0.6498 0.1133
vt -0.0000 0.5905 0.1544
vt 0.0544 0.5860 0.1602
vt 0.0682 0.6127 0.1389
vt -0.0000 0.6220 0.1302
vt 0.0989 0.5756 0.1750
vt 0.1184 0.5936 0.1605
vt 0.1311 0.5649 0.1914
vt 0.1506 0.5573 0.2024
vt 0.1685 0.5604 0.2055
vt 0.1503 0.5758 0.1846
vt 0.9252 1.0000 0.0534
vt 0.7747 0.9137 0.0752
vt 0.8505 0.6994 0.0901
vt 1.0000 0.7803 0.0689
vt 0.8052 0.6274 0.1319
vt 0.9050 0.6498 0.1133
vt 1.0000 0.6741 0.0996
vt 0.8501 0.6118 0.1446
vt 0.7793 0.5663 0.2068
vt 0.7877 0.5895 0.1736
vt 0.8070 0.5638 0.2069
vt 0.8218 0.5838 0.1787
vt 0.8494 0.5573 0.2024
vt 0.8689 0.5649 0.1914
vt 0.8497 0.5758 0.1846
vt 0.8315 0.5604 0.2055
vt 0.9011 0.5756 0.1750
vt 0.8816 0.5936 0.1605
vt 0.9456 0.5860 0.1602
vt 1.0000 0.5905 0.1544
vt 1.0000 0.6220 0.1302
vt 0.9318 0.6127 0.1389
vt 0.3769 0.4490 0.1981
vt 0.3493 0.4535 0.2104
vt 0.4102 0.4423 0.1843
vt 0.3789 0.4647 0.2024
vt 0.3492 0.4676 0.2157
vt 0.4138 0.4606 0.1888
vt 0.5000 0.4333 0.1683
vt 0.4520 0.4360 0.1727
vt 0.5000 0.4551 0.1746
vt 0.4548 0.4567 0.1784
vt 0.5000 0.5000 0.1756
vt 0.4557 0.5000 0.1793
vt 0.4557 0.4780 0.1797
vt 0.5000 0.4771 0.1761
vt 0.4149 0.5000 0.1894
vt 0.4149 0.4798 0.1898
vt 0.3795 0.5000 0.2031
vt 0.3491 0.5000 0.2167
vt 0.3491 0.4833 0.2170
vt 0.3795 0.4818 0.2034
vt 0.5480 0.4360 0.1727
vt 0.5898 0.4423 0.1843
vt 0.5452 0.4567 0.1784
vt 0.5862 0.4606 0.1888
vt 0.6507 0.4535 0.2104
vt 0.6231 0.4490 0.1981
vt 0.6508 0.4676 0.2157
vt 0.6211 0.4647 0.2024
vt 0.6509 0.5000 0.2167
vt 0.6205 0.5000 0.2031
vt 0.6205 0.4818 0.2034
vt 0.6509 0.4833 0.2170
vt 0.5851 0.5000 0.1894
vt 0.5851 0.4798 0.1898
vt 0.5443 0.5000 0.1793
vt 0.5443 0.4780 0.1797
vt 0.3795 0.5182 0.2034
vt 0.3491 0.5167 0.2170
vt 0.4149 0.5202 0.1898
vt 0.3789 0.5353 0.2024
vt 0.3492 0.5324 0.2157
vt 0.4138 0.5394 0.1888
vt 0.5000 0.5229 0.1761
vt 0.4557 0.5220 0.1797
vt 0.5000 0.5449 0.1746
vt 0.4548 0.5433 0.1784
vt 0.4520 0.5640 0.1727
vt 0.5000 0.5667 0.1683
vt 0.4102 0.5577 0.1843
vt 0.3493 0.5465 0.2104
vt 0.3769 0.5510 0.1981
vt 0.5443 0.5220 0.1797
vt 0.5851 0.5202 0.1898
vt 0.5452 0.5433 0.1784
vt 0.5862 0.5394 0.1888
vt 0.6509 0.5167 0.2170
vt 0.6205 0.5182 0.2034
vt 0.6508 0.5324 0.2157
vt 0.6211 0.5353 0.2024
vt 0.6231 0.5510 0.1981
vt 0.6507 0.5465 0.2104
vt 0.5898 0.5577 0.1843
vt 0.5480 0.5640 0.1727
vt 0.6753 0.4539 0.2190
vt 0.6993 0.4526 0.2241
vt 0.6771 0.4683 0.2257
vt 0.7018 0.4680 0.2323
vt 0.7500 0.4508 0.2274
vt 0.7244 0.4513 0.2266
vt 0.7500 0.4670 0.2372
vt 0.7260 0.4673 0.2360
vt 0.7500 0.5000 0.2396
vt 0.7265 0.5000 0.2384
vt 0.7265 0.4834 0.2387
vt 0.7500 0.4832 0.2400
vt 0.7026 0.5000 0.2343
vt 0.7026 0.4837 0.2347
vt 0.6777 0.5000 0.2272
vt 0.6777 0.4838 0.2275
vt 0.7756 0.4513 0.2266
vt 0.8007 0.4526 0.2241
vt 0.7740 0.4673 0.2360
vt 0.7982 0.4680 0.2323
vt 0.8493 0.4535 0.2104
vt 0.8247 0.4539 0.2190
vt 0.8492 0.4676 0.2157
vt 0.8229 0.4683 0.2257
vt 0.8491 0.5000 0.2167
vt 0.8223 0.5000 0.2272
vt 0.8223 0.4838 0.2275
vt 0.8491 0.4833 0.2170
vt 0.7974 0.5000 0.2343
vt 0.7974 0.4837 0.2347
vt 0.7735 0.5000 0.2384
vt 0.7735 0.4834 0.2387
vt 0.6777 0.5162 0.2275
vt 0.7026 0.5163 0.2347
vt 0.6771 0.5317 0.2257
vt 0.7018 0.5320 0.2323
vt 0.7500 0.5168 0.2400
vt 0.7265 0.5166 0.2387
vt 0.7500 0.5330 0.2372
vt 0.7260 0.5327 0.2360
vt 0.7244 0.5487 0.2266
vt 0.7500 0.5492 0.2274
vt 0.6993 0.5474 0.2241
vt 0.6753 0.5461 0.2190
vt 0.7735 0.5166 0.2387
vt 0.7974 0.5163 0.2347
vt 0.7740 0.5327 0.2360
vt 0.7982 0.5320 0.2323
vt 0.8491 0.5167 0.2170
vt 0.8223 0.5162 0.2275
vt 0.8492 0.5324 0.2157
vt 0.8229 0.5317 0.2257
vt 0.8247 0.5461 0.2190
vt 0.8493 0.5465 0.2104
vt 0.8007 0.5474 0.2241
vt 0.7756 0.5487 0.2266
vt 0.8769 0.4490 0.1981
vt 0.9102 0.4423 0.1843
vt 0.8789 0.4647 0.2024
vt 0.9138 0.4606 0.1888
vt 1.0000 0.4333 0.1683
vt 0.9520 0.4360 0.1727
vt 1.0000 0.4551 0.1746
vt 0.9548 0.4567 0.1784
vt 1.0000 0.5000 0.1756
vt 0.9557 0.5000 0.1793
vt 0.9557 0.4780 0.1797
vt 1.0000 0.4771 0.1761
vt 0.9149 0.5000 0.1894
vt 0.9149 0.4798 0.1898
vt 0.8795 0.5000 0.2031
vt 0.8795 0.4818 0.2034
vt 0.0480 0.4360 0.1727
vt -0.0000 0.4333 0.1683
vt 0.0898 0.4423 0.1843
vt 0.0452 0.4567 0.1784
vt -0.0000 0.4551 0.1746
vt 0.0862 0.4606 0.1888
vt 0.1507 0.4535 0.2104
vt 0.1231 0.4490 0.1981
vt 0.1508 0.4676 0.2157
vt 0.1211 0.4647 0.2024
vt 0.1509 0.5000 0.2167
vt 0.1205 0.5000 0.2031
vt 0.1205 0.4818 0.2034
vt 0.1509 0.4833 0.2170
vt 0.0851 0.5000 0.1894
vt 0.0851 0.4798 0.1898
vt 0.0443 0.5000 0.1793
vt -0.0000 0.5000 0.1756
vt -0.0000 0.4771 0.1761
vt 0.0443 0.4780 0.1797
vt 0.8795 0.5182 0.2034
vt 0.9149 0.5202 0.1898
vt 0.8789 0.5353 0.2024
vt 0.9138 0.5394 0.1888
vt 1.0000 0.5229 0.1761
vt 0.9557 0.5220 0.1797
vt 1.0000 0.5449 0.1746
vt 0.9548 0.5433 0.1784
vt 0.9520 0.5640 0.1727
vt 1.0000 0.5667 0.1683
vt 0.9102 0.5577 0.1843
vt 0.8769 0.5510 0.1981
vt 0.0443 0.5220 0.1797
vt -0.0000 0.5229 0.1761
vt 0.0851 0.5202 0.1898
vt 0.0452 0.5433 0.1784
vt -0.0000 0.5449 0.1746
vt 0.0862 0.5394 0.1888
vt 0.1509 0.5167 0.2170
vt 0.1205 0.5182 0.2034
vt 0.1508 0.5324 0.2157
vt 0.1211 0.5353 0.2024
vt 0.1231 0.5510 0.1981
vt 0.1507 0.5465 0.2104
vt 0.0898 0.5577 0.1843
vt -0.0000 0.5667 0.1683
vt 0.0480 0.5640 0.1727
vt 0.1753 0.4539 0.2190
vt 0.1993 0.4526 0.2241
vt 0.1771 0.4683 0.2257
vt 0.2018 0.4680 0.2323
vt 0.2500 0.4508 0.2274
vt 0.2244 0.4513 0.2266
vt 0.2500 0.4670 0.2372
vt 0.2260 0.4673 0.2360
vt 0.2500 0.5000 0.2396
vt 0.2265 0.5000 0.2384
vt 0.2265 0.4834 0.2387
vt 0.2500 0.4832 0.2400
vt 0.2026 0.5000 0.2343
vt 0.2026 0.4837 0.2347
vt 0.1777 0.5000 0.2272
vt 0.1777 0.4838 0.2275
vt 0.2756 0.4513 0.2266
vt 0.3007 0.4526 0.2241
vt 0.2740 0.4673 0.2360
vt 0.2982 0.4680 0.2323
vt 0.3247 0.4539 0.2190
vt 0.3229 0.4683 0.2257
vt 0.3223 0.5000 0.2272
vt 0.3223 0.4838 0.2275
vt 0.2974 0.5000 0.2343
vt 0.2974 0.4837 0.2347
vt 0.2735 0.5000 0.2384
vt 0.2735 0.4834 0.2387
vt 0.1777 0.5162 0.2275
vt 0.2026 0.5163 0.2347
vt 0.1771 0.5317 0.2257
vt 0.2018 0.5320 0.2323
vt 0.2500 0.5168 0.2400
vt 0.2265 0.5166 0.2387
vt 0.2500 0.5330 0.2372
vt 0.2260 0.5327 0.2360
vt 0.2244 0.5487 0.2266
vt 0.2500 0.5492 0.2274
vt 0.1993 0.5474 0.2241
vt 0.1753 0.5461 0.2190
vt 0.2735 0.5166 0.2387
vt 0.2974 0.5163 0.2347
vt 0.2740 0.5327 0.2360
vt 0.2982 0.5320 0.2323
vt 0.3223 0.5162 0.2275
vt 0.3229 0.5317 0.2257
vt 0.3247 0.5461 0.2190
vt 0.3007 0.5474 0.2241
vt 0.2756 0.5487 0.2266
# 411 texture coords

o Box002
g Box002
usemtl wire_028089177
s 1
f 1649/2092/1648 1650/2093/1649 1651/2094/1650 1652/2095/1651 
f 1650/2093/1649 1653/2096/1652 1654/2097/1653 1651/2094/1650 
f 1652/2095/1651 1651/2094/1650 1655/2098/1654 1656/2099/1655 
f 1651/2094/1650 1654/2097/1653 1657/2100/1656 1655/2098/1654 
f 1658/2101/1657 1659/2102/1658 1660/2103/1659 1661/2104/1660 
f 1661/2104/1660 1660/2103/1659 1662/2105/1661 1663/2106/1662 
f 1653/2096/1652 1658/2101/1657 1661/2104/1660 1654/2097/1653 
f 1654/2097/1653 1661/2104/1660 1663/2106/1662 1657/2100/1656 
f 1664/2107/1663 1665/2108/1664 1666/2109/1665 1667/2110/1666 
f 1665/2108/1664 1668/2111/1667 1669/2112/1668 1666/2109/1665 
f 1667/2113/1666 1666/2109/1665 1663/2106/1662 1662/2105/1661 
f 1666/2109/1665 1669/2112/1668 1657/2100/1656 1663/2106/1662 
f 1670/2114/1669 1671/2115/1670 1672/2116/1671 1673/2117/1672 
f 1673/2117/1672 1672/2116/1671 1656/2099/1655 1655/2098/1654 
f 1668/2111/1667 1670/2114/1669 1673/2117/1672 1669/2112/1668 
f 1669/2112/1668 1673/2117/1672 1655/2098/1654 1657/2100/1656 
f 1671/2115/1670 1670/2114/1669 1674/2118/1673 1675/2119/1674 
f 1670/2114/1669 1668/2111/1667 1676/2120/1675 1674/2118/1673 
f 1675/2119/1674 1674/2118/1673 1677/2121/1676 1678/2122/1677 
f 1674/2118/1673 1676/2120/1675 1679/2123/1678 1677/2121/1676 
f 1665/2108/1664 1664/2124/1663 1680/2125/1679 1681/2126/1680 
f 1681/2126/1680 1680/2125/1679 1682/2127/1681 1683/2128/1682 
f 1668/2111/1667 1665/2108/1664 1681/2126/1680 1676/2120/1675 
f 1676/2120/1675 1681/2126/1680 1683/2128/1682 1679/2123/1678 
f 1684/2129/1683 1685/2130/1684 1686/2131/1685 1687/2132/1686 
f 1685/2130/1684 1688/2133/1687 1689/2134/1688 1686/2131/1685 
f 1687/2132/1686 1686/2131/1685 1683/2128/1682 1682/2127/1681 
f 1686/2131/1685 1689/2134/1688 1679/2123/1678 1683/2128/1682 
f 1690/2135/1689 1691/2136/1690 1692/2137/1691 1693/2138/1692 
f 1693/2138/1692 1692/2137/1691 1678/2122/1677 1677/2121/1676 
f 1688/2133/1687 1690/2135/1689 1693/2138/1692 1689/2134/1688 
f 1689/2134/1688 1693/2138/1692 1677/2121/1676 1679/2123/1678 
f 1659/2102/1658 1694/2139/1693 1695/2140/1694 1660/2103/1659 
f 1694/2139/1693 1696/2141/1695 1697/2142/1696 1695/2140/1694 
f 1660/2103/1659 1695/2140/1694 1698/2143/1697 1662/2105/1661 
f 1695/2140/1694 1697/2142/1696 1699/2144/1698 1698/2143/1697 
f 1700/2145/1699 1701/2146/1700 1702/2147/1701 1703/2148/1702 
f 1703/2148/1702 1702/2147/1701 1704/2149/1703 1705/2150/1704 
f 1696/2141/1695 1700/2145/1699 1703/2148/1702 1697/2142/1696 
f 1697/2142/1696 1703/2148/1702 1705/2150/1704 1699/2144/1698 
f 1706/2151/1705 1707/2152/1706 1708/2153/1707 1709/2154/1708 
f 1707/2152/1706 1710/2155/1709 1711/2156/1710 1708/2153/1707 
f 1709/2154/1708 1708/2153/1707 1705/2150/1704 1704/2149/1703 
f 1708/2153/1707 1711/2156/1710 1699/2144/1698 1705/2150/1704 
f 1712/2157/1711 1664/2158/1663 1667/2113/1666 1713/2159/1712 
f 1713/2159/1712 1667/2113/1666 1662/2105/1661 1698/2143/1697 
f 1710/2155/1709 1712/2157/1711 1713/2159/1712 1711/2156/1710 
f 1711/2156/1710 1713/2159/1712 1698/2143/1697 1699/2144/1698 
f 1664/2160/1663 1712/2161/1711 1714/2162/1713 1680/2163/1679 
f 1712/2161/1711 1710/2164/1709 1715/2165/1714 1714/2162/1713 
f 1680/2125/1679 1714/2162/1713 1716/2166/1715 1682/2127/1681 
f 1714/2162/1713 1715/2165/1714 1717/2167/1716 1716/2166/1715 
f 1707/2168/1706 1706/2169/1705 1718/2170/1717 1719/2171/1718 
f 1719/2171/1718 1718/2170/1717 1720/2172/1719 1721/2173/1720 
f 1710/2164/1709 1707/2168/1706 1719/2171/1718 1715/2165/1714 
f 1715/2165/1714 1719/2171/1718 1721/2173/1720 1717/2167/1716 
f 1722/2174/1721 1723/2175/1722 1724/2176/1723 1725/2177/1724 
f 1723/2175/1722 1726/2178/1725 1727/2179/1726 1724/2176/1723 
f 1725/2177/1724 1724/2176/1723 1721/2173/1720 1720/2172/1719 
f 1724/2176/1723 1727/2179/1726 1717/2167/1716 1721/2173/1720 
f 1728/2180/1727 1684/2129/1683 1687/2132/1686 1729/2181/1728 
f 1729/2181/1728 1687/2132/1686 1682/2127/1681 1716/2166/1715 
f 1726/2178/1725 1728/2180/1727 1729/2181/1728 1727/2179/1726 
f 1727/2179/1726 1729/2181/1728 1716/2166/1715 1717/2167/1716 
f 1730/2182/1729 1731/2183/1730 1732/2184/1731 1733/2185/1732 
f 1731/2183/1730 1734/2186/1733 1735/2187/1734 1732/2184/1731 
f 1733/2185/1732 1732/2184/1731 1736/2188/1735 1737/2189/1736 
f 1732/2184/1731 1735/2187/1734 1738/2190/1737 1736/2188/1735 
f 1739/2191/1738 1740/2192/1739 1741/2193/1740 1742/2194/1741 
f 1742/2194/1741 1741/2193/1740 1743/2195/1742 1744/2196/1743 
f 1734/2186/1733 1739/2191/1738 1742/2194/1741 1735/2187/1734 
f 1735/2187/1734 1742/2194/1741 1744/2196/1743 1738/2190/1737 
f 1745/2197/1744 1746/2198/1745 1747/2199/1746 1748/2200/1747 
f 1746/2201/1745 1749/2202/1748 1750/2203/1749 1747/2199/1746 
f 1748/2200/1747 1747/2199/1746 1744/2196/1743 1743/2195/1742 
f 1747/2199/1746 1750/2203/1749 1738/2190/1737 1744/2196/1743 
f 1751/2204/1750 1752/2205/1751 1753/2206/1752 1754/2207/1753 
f 1754/2207/1753 1753/2206/1752 1737/2189/1736 1736/2188/1735 
f 1749/2202/1748 1751/2204/1750 1754/2207/1753 1750/2203/1749 
f 1750/2203/1749 1754/2207/1753 1736/2188/1735 1738/2190/1737 
f 1740/2192/1739 1755/2208/1754 1756/2209/1755 1741/2193/1740 
f 1755/2208/1754 1757/2210/1756 1758/2211/1757 1756/2209/1755 
f 1741/2193/1740 1756/2209/1755 1759/2212/1758 1743/2195/1742 
f 1756/2209/1755 1758/2211/1757 1760/2213/1759 1759/2212/1758 
f 1761/2214/1760 1762/2215/1761 1763/2216/1762 1764/2217/1763 
f 1764/2217/1763 1763/2216/1762 1765/2218/1764 1766/2219/1765 
f 1757/2210/1756 1761/2214/1760 1764/2217/1763 1758/2211/1757 
f 1758/2211/1757 1764/2217/1763 1766/2219/1765 1760/2213/1759 
f 1767/2220/1766 1768/2221/1767 1769/2222/1768 1770/2223/1769 
f 1768/2221/1767 1771/2224/1770 1772/2225/1771 1769/2222/1768 
f 1770/2223/1769 1769/2222/1768 1766/2219/1765 1765/2218/1764 
f 1769/2222/1768 1772/2225/1771 1760/2213/1759 1766/2219/1765 
f 1773/2226/1772 1745/2227/1744 1748/2200/1747 1774/2228/1773 
f 1774/2228/1773 1748/2200/1747 1743/2195/1742 1759/2212/1758 
f 1771/2224/1770 1773/2226/1772 1774/2228/1773 1772/2225/1771 
f 1772/2225/1771 1774/2228/1773 1759/2212/1758 1760/2213/1759 
f 1752/2205/1751 1751/2204/1750 1775/2229/1774 1776/2230/1775 
f 1751/2204/1750 1749/2202/1748 1777/2231/1776 1775/2229/1774 
f 1776/2230/1775 1775/2229/1774 1778/2232/1777 1779/2233/1778 
f 1775/2229/1774 1777/2231/1776 1780/2234/1779 1778/2232/1777 
f 1746/2201/1745 1745/2235/1744 1781/2236/1780 1782/2237/1781 
f 1782/2237/1781 1781/2236/1780 1783/2238/1782 1784/2239/1783 
f 1749/2202/1748 1746/2201/1745 1782/2237/1781 1777/2231/1776 
f 1777/2231/1776 1782/2237/1781 1784/2239/1783 1780/2234/1779 
f 1785/2240/1784 1786/2241/1785 1787/2242/1786 1788/2243/1787 
f 1786/2241/1785 1789/2244/1788 1790/2245/1789 1787/2242/1786 
f 1788/2243/1787 1787/2242/1786 1784/2239/1783 1783/2238/1782 
f 1787/2242/1786 1790/2245/1789 1780/2234/1779 1784/2239/1783 
f 1791/2246/1790 1792/2247/1791 1793/2248/1792 1794/2249/1793 
f 1794/2249/1793 1793/2248/1792 1779/2233/1778 1778/2232/1777 
f 1789/2244/1788 1791/2246/1790 1794/2249/1793 1790/2245/1789 
f 1790/2245/1789 1794/2249/1793 1778/2232/1777 1780/2234/1779 
f 1745/2250/1744 1773/2251/1772 1795/2252/1794 1781/2253/1780 
f 1773/2226/1772 1771/2224/1770 1796/2254/1795 1795/2252/1794 
f 1781/2253/1780 1795/2252/1794 1797/2255/1796 1783/2256/1782 
f 1795/2252/1794 1796/2254/1795 1798/2257/1797 1797/2255/1796 
f 1768/2221/1767 1767/2220/1766 1799/2258/1798 1800/2259/1799 
f 1800/2259/1799 1799/2258/1798 1801/2260/1800 1802/2261/1801 
f 1771/2224/1770 1768/2221/1767 1800/2259/1799 1796/2254/1795 
f 1796/2254/1795 1800/2259/1799 1802/2261/1801 1798/2257/1797 
f 1803/2262/1802 1804/2263/1803 1805/2264/1804 1806/2265/1805 
f 1804/2263/1803 1807/2266/1806 1808/2267/1807 1805/2264/1804 
f 1806/2265/1805 1805/2264/1804 1802/2261/1801 1801/2260/1800 
f 1805/2264/1804 1808/2267/1807 1798/2257/1797 1802/2261/1801 
f 1809/2268/1808 1785/2269/1784 1788/2270/1787 1810/2271/1809 
f 1810/2271/1809 1788/2270/1787 1783/2256/1782 1797/2255/1796 
f 1807/2266/1806 1809/2268/1808 1810/2271/1809 1808/2267/1807 
f 1808/2267/1807 1810/2271/1809 1797/2255/1796 1798/2257/1797 
f 1649/2092/1648 1652/2095/1651 1811/2272/1810 1812/2273/1811 
f 1652/2095/1651 1656/2099/1655 1813/2274/1812 1811/2272/1810 
f 1812/2273/1811 1811/2272/1810 1814/2275/1813 1815/2276/1814 
f 1811/2272/1810 1813/2274/1812 1816/2277/1815 1814/2275/1813 
f 1672/2116/1671 1671/2115/1670 1817/2278/1816 1818/2279/1817 
f 1818/2279/1817 1817/2278/1816 1819/2280/1818 1820/2281/1819 
f 1656/2099/1655 1672/2116/1671 1818/2279/1817 1813/2274/1812 
f 1813/2274/1812 1818/2279/1817 1820/2281/1819 1816/2277/1815 
f 1821/2282/1820 1822/2283/1821 1823/2284/1822 1824/2285/1823 
f 1822/2283/1821 1825/2286/1824 1826/2287/1825 1823/2284/1822 
f 1824/2285/1823 1823/2284/1822 1820/2281/1819 1819/2280/1818 
f 1823/2284/1822 1826/2287/1825 1816/2277/1815 1820/2281/1819 
f 1827/2288/1826 1828/2289/1827 1829/2290/1828 1830/2291/1829 
f 1830/2291/1829 1829/2290/1828 1815/2276/1814 1814/2275/1813 
f 1825/2286/1824 1827/2288/1826 1830/2291/1829 1826/2287/1825 
f 1826/2287/1825 1830/2291/1829 1814/2275/1813 1816/2277/1815 
f 1671/2115/1670 1675/2119/1674 1831/2292/1830 1817/2278/1816 
f 1675/2119/1674 1678/2122/1677 1832/2293/1831 1831/2292/1830 
f 1817/2278/1816 1831/2292/1830 1833/2294/1832 1819/2280/1818 
f 1831/2292/1830 1832/2293/1831 1834/2295/1833 1833/2294/1832 
f 1692/2137/1691 1691/2136/1690 1835/2296/1834 1836/2297/1835 
f 1836/2297/1835 1835/2296/1834 1837/2298/1836 1838/2299/1837 
f 1678/2122/1677 1692/2137/1691 1836/2297/1835 1832/2293/1831 
f 1832/2293/1831 1836/2297/1835 1838/2299/1837 1834/2295/1833 
f 1839/2300/1838 1840/2301/1839 1841/2302/1840 1842/2303/1841 
f 1840/2301/1839 1843/2304/1842 1844/2305/1843 1841/2302/1840 
f 1842/2303/1841 1841/2302/1840 1838/2299/1837 1837/2298/1836 
f 1841/2302/1840 1844/2305/1843 1834/2295/1833 1838/2299/1837 
f 1845/2306/1844 1821/2282/1820 1824/2285/1823 1846/2307/1845 
f 1846/2307/1845 1824/2285/1823 1819/2280/1818 1833/2294/1832 
f 1843/2304/1842 1845/2306/1844 1846/2307/1845 1844/2305/1843 
f 1844/2305/1843 1846/2307/1845 1833/2294/1832 1834/2295/1833 
f 1828/2289/1827 1827/2288/1826 1847/2308/1846 1848/2309/1847 
f 1827/2288/1826 1825/2286/1824 1849/2310/1848 1847/2308/1846 
f 1848/2309/1847 1847/2308/1846 1850/2311/1849 1851/2312/1850 
f 1847/2308/1846 1849/2310/1848 1852/2313/1851 1850/2311/1849 
f 1822/2283/1821 1821/2282/1820 1853/2314/1852 1854/2315/1853 
f 1854/2315/1853 1853/2314/1852 1855/2316/1854 1856/2317/1855 
f 1825/2286/1824 1822/2283/1821 1854/2315/1853 1849/2310/1848 
f 1849/2310/1848 1854/2315/1853 1856/2317/1855 1852/2313/1851 
f 1740/2192/1739 1739/2191/1738 1857/2318/1856 1858/2319/1857 
f 1739/2191/1738 1734/2186/1733 1859/2320/1858 1857/2318/1856 
f 1858/2319/1857 1857/2318/1856 1856/2317/1855 1855/2316/1854 
f 1857/2318/1856 1859/2320/1858 1852/2313/1851 1856/2317/1855 
f 1731/2183/1730 1730/2182/1729 1860/2321/1859 1861/2322/1860 
f 1861/2322/1860 1860/2321/1859 1851/2312/1850 1850/2311/1849 
f 1734/2186/1733 1731/2183/1730 1861/2322/1860 1859/2320/1858 
f 1859/2320/1858 1861/2322/1860 1850/2311/1849 1852/2313/1851 
f 1821/2282/1820 1845/2306/1844 1862/2323/1861 1853/2314/1852 
f 1845/2306/1844 1843/2304/1842 1863/2324/1862 1862/2323/1861 
f 1853/2314/1852 1862/2323/1861 1864/2325/1863 1855/2316/1854 
f 1862/2323/1861 1863/2324/1862 1865/2326/1864 1864/2325/1863 
f 1840/2301/1839 1839/2300/1838 1866/2327/1865 1867/2328/1866 
f 1867/2328/1866 1866/2327/1865 1868/2329/1867 1869/2330/1868 
f 1843/2304/1842 1840/2301/1839 1867/2328/1866 1863/2324/1862 
f 1863/2324/1862 1867/2328/1866 1869/2330/1868 1865/2326/1864 
f 1762/2215/1761 1761/2214/1760 1870/2331/1869 1871/2332/1870 
f 1761/2214/1760 1757/2210/1756 1872/2333/1871 1870/2331/1869 
f 1871/2332/1870 1870/2331/1869 1869/2330/1868 1868/2329/1867 
f 1870/2331/1869 1872/2333/1871 1865/2326/1864 1869/2330/1868 
f 1755/2208/1754 1740/2192/1739 1858/2319/1857 1873/2334/1872 
f 1873/2334/1872 1858/2319/1857 1855/2316/1854 1864/2325/1863 
f 1757/2210/1756 1755/2208/1754 1873/2334/1872 1872/2333/1871 
f 1872/2333/1871 1873/2334/1872 1864/2325/1863 1865/2326/1864 
f 1691/2136/1690 1690/2135/1689 1874/2335/1873 1835/2296/1834 
f 1690/2135/1689 1688/2133/1687 1875/2336/1874 1874/2335/1873 
f 1835/2296/1834 1874/2335/1873 1876/2337/1875 1837/2298/1836 
f 1874/2335/1873 1875/2336/1874 1877/2338/1876 1876/2337/1875 
f 1685/2130/1684 1684/2129/1683 1878/2339/1877 1879/2340/1878 
f 1879/2340/1878 1878/2339/1877 1880/2341/1879 1881/2342/1880 
f 1688/2133/1687 1685/2130/1684 1879/2340/1878 1875/2336/1874 
f 1875/2336/1874 1879/2340/1878 1881/2342/1880 1877/2338/1876 
f 1882/2343/1881 1883/2344/1882 1884/2345/1883 1885/2346/1884 
f 1883/2344/1882 1886/2347/1885 1887/2348/1886 1884/2345/1883 
f 1885/2346/1884 1884/2345/1883 1881/2342/1880 1880/2341/1879 
f 1884/2345/1883 1887/2348/1886 1877/2338/1876 1881/2342/1880 
f 1888/2349/1887 1839/2300/1838 1842/2303/1841 1889/2350/1888 
f 1889/2350/1888 1842/2303/1841 1837/2298/1836 1876/2337/1875 
f 1886/2347/1885 1888/2349/1887 1889/2350/1888 1887/2348/1886 
f 1887/2348/1886 1889/2350/1888 1876/2337/1875 1877/2338/1876 
f 1684/2129/1683 1728/2180/1727 1890/2351/1889 1878/2339/1877 
f 1728/2180/1727 1726/2178/1725 1891/2352/1890 1890/2351/1889 
f 1878/2339/1877 1890/2351/1889 1892/2353/1891 1880/2341/1879 
f 1890/2351/1889 1891/2352/1890 1893/2354/1892 1892/2353/1891 
f 1723/2175/1722 1722/2174/1721 1894/2355/1893 1895/2356/1894 
f 1895/2356/1894 1894/2355/1893 1896/2357/1895 1897/2358/1896 
f 1726/2178/1725 1723/2175/1722 1895/2356/1894 1891/2352/1890 
f 1891/2352/1890 1895/2356/1894 1897/2358/1896 1893/2354/1892 
f 1898/2359/1897 1899/2360/1898 1900/2361/1899 1901/2362/1900 
f 1899/2360/1898 1902/2363/1901 1903/2364/1902 1900/2361/1899 
f 1901/2362/1900 1900/2361/1899 1897/2358/1896 1896/2357/1895 
f 1900/2361/1899 1903/2364/1902 1893/2354/1892 1897/2358/1896 
f 1904/2365/1903 1882/2343/1881 1885/2346/1884 1905/2366/1904 
f 1905/2366/1904 1885/2346/1884 1880/2341/1879 1892/2353/1891 
f 1902/2363/1901 1904/2365/1903 1905/2366/1904 1903/2364/1902 
f 1903/2364/1902 1905/2366/1904 1892/2353/1891 1893/2354/1892 
f 1839/2300/1838 1888/2349/1887 1906/2367/1905 1866/2327/1865 
f 1888/2349/1887 1886/2347/1885 1907/2368/1906 1906/2367/1905 
f 1866/2327/1865 1906/2367/1905 1908/2369/1907 1868/2329/1867 
f 1906/2367/1905 1907/2368/1906 1909/2370/1908 1908/2369/1907 
f 1883/2344/1882 1882/2343/1881 1910/2371/1909 1911/2372/1910 
f 1911/2372/1910 1910/2371/1909 1912/2373/1911 1913/2374/1912 
f 1886/2347/1885 1883/2344/1882 1911/2372/1910 1907/2368/1906 
f 1907/2368/1906 1911/2372/1910 1913/2374/1912 1909/2370/1908 
f 1767/2220/1766 1770/2223/1769 1914/2375/1913 1915/2376/1914 
f 1770/2223/1769 1765/2218/1764 1916/2377/1915 1914/2375/1913 
f 1915/2376/1914 1914/2375/1913 1913/2374/1912 1912/2373/1911 
f 1914/2375/1913 1916/2377/1915 1909/2370/1908 1913/2374/1912 
f 1763/2216/1762 1762/2215/1761 1871/2332/1870 1917/2378/1916 
f 1917/2378/1916 1871/2332/1870 1868/2329/1867 1908/2369/1907 
f 1765/2218/1764 1763/2216/1762 1917/2378/1916 1916/2377/1915 
f 1916/2377/1915 1917/2378/1916 1908/2369/1907 1909/2370/1908 
f 1882/2343/1881 1904/2365/1903 1918/2379/1917 1910/2371/1909 
f 1904/2365/1903 1902/2363/1901 1919/2380/1918 1918/2379/1917 
f 1910/2371/1909 1918/2379/1917 1920/2381/1919 1912/2373/1911 
f 1918/2379/1917 1919/2380/1918 1921/2382/1920 1920/2381/1919 
f 1899/2360/1898 1898/2359/1897 1922/2383/1921 1923/2384/1922 
f 1923/2384/1922 1922/2383/1921 1924/2385/1923 1925/2386/1924 
f 1902/2363/1901 1899/2360/1898 1923/2384/1922 1919/2380/1918 
f 1919/2380/1918 1923/2384/1922 1925/2386/1924 1921/2382/1920 
f 1803/2262/1802 1806/2265/1805 1926/2387/1925 1927/2388/1926 
f 1806/2265/1805 1801/2260/1800 1928/2389/1927 1926/2387/1925 
f 1927/2388/1926 1926/2387/1925 1925/2386/1924 1924/2385/1923 
f 1926/2387/1925 1928/2389/1927 1921/2382/1920 1925/2386/1924 
f 1799/2258/1798 1767/2220/1766 1915/2376/1914 1929/2390/1928 
f 1929/2390/1928 1915/2376/1914 1912/2373/1911 1920/2381/1919 
f 1801/2260/1800 1799/2258/1798 1929/2390/1928 1928/2389/1927 
f 1928/2389/1927 1929/2390/1928 1920/2381/1919 1921/2382/1920 
f 1722/2174/1721 1725/2177/1724 1930/2391/1929 1894/2355/1893 
f 1725/2177/1724 1720/2172/1719 1931/2392/1930 1930/2391/1929 
f 1894/2355/1893 1930/2391/1929 1932/2393/1931 1896/2357/1895 
f 1930/2391/1929 1931/2392/1930 1933/2394/1932 1932/2393/1931 
f 1718/2170/1717 1706/2169/1705 1934/2395/1933 1935/2396/1934 
f 1935/2396/1934 1934/2395/1933 1936/2397/1935 1937/2398/1936 
f 1720/2172/1719 1718/2170/1717 1935/2396/1934 1931/2392/1930 
f 1931/2392/1930 1935/2396/1934 1937/2398/1936 1933/2394/1932 
f 1938/2399/1937 1939/2400/1938 1940/2401/1939 1941/2402/1940 
f 1939/2400/1938 1942/2403/1941 1943/2404/1942 1940/2401/1939 
f 1941/2402/1940 1940/2401/1939 1937/2398/1936 1936/2397/1935 
f 1940/2401/1939 1943/2404/1942 1933/2394/1932 1937/2398/1936 
f 1944/2405/1943 1898/2359/1897 1901/2362/1900 1945/2406/1944 
f 1945/2406/1944 1901/2362/1900 1896/2357/1895 1932/2393/1931 
f 1942/2403/1941 1944/2405/1943 1945/2406/1944 1943/2404/1942 
f 1943/2404/1942 1945/2406/1944 1932/2393/1931 1933/2394/1932 
f 1706/2151/1705 1709/2154/1708 1946/2407/1945 1934/2408/1933 
f 1709/2154/1708 1704/2149/1703 1947/2409/1946 1946/2407/1945 
f 1934/2408/1933 1946/2407/1945 1948/2410/1947 1936/2411/1935 
f 1946/2407/1945 1947/2409/1946 1949/2412/1948 1948/2410/1947 
f 1702/2147/1701 1701/2146/1700 1950/2413/1949 1951/2414/1950 
f 1951/2414/1950 1950/2413/1949 1952/2415/1951 1953/2416/1952 
f 1704/2149/1703 1702/2147/1701 1951/2414/1950 1947/2409/1946 
f 1947/2409/1946 1951/2414/1950 1953/2416/1952 1949/2412/1948 
f 1954/2417/1953 1955/2418/1954 1956/2419/1955 1957/2420/1956 
f 1955/2418/1954 1958/2421/1957 1959/2422/1958 1956/2419/1955 
f 1957/2420/1956 1956/2419/1955 1953/2416/1952 1952/2415/1951 
f 1956/2419/1955 1959/2422/1958 1949/2412/1948 1953/2416/1952 
f 1960/2423/1959 1938/2424/1937 1941/2425/1940 1961/2426/1960 
f 1961/2426/1960 1941/2425/1940 1936/2411/1935 1948/2410/1947 
f 1958/2421/1957 1960/2423/1959 1961/2426/1960 1959/2422/1958 
f 1959/2422/1958 1961/2426/1960 1948/2410/1947 1949/2412/1948 
f 1898/2359/1897 1944/2405/1943 1962/2427/1961 1922/2383/1921 
f 1944/2405/1943 1942/2403/1941 1963/2428/1962 1962/2427/1961 
f 1922/2383/1921 1962/2427/1961 1964/2429/1963 1924/2385/1923 
f 1962/2427/1961 1963/2428/1962 1965/2430/1964 1964/2429/1963 
f 1939/2400/1938 1938/2399/1937 1966/2431/1965 1967/2432/1966 
f 1967/2432/1966 1966/2431/1965 1968/2433/1967 1969/2434/1968 
f 1942/2403/1941 1939/2400/1938 1967/2432/1966 1963/2428/1962 
f 1963/2428/1962 1967/2432/1966 1969/2434/1968 1965/2430/1964 
f 1785/2269/1784 1809/2268/1808 1970/2435/1969 1971/2436/1970 
f 1809/2268/1808 1807/2266/1806 1972/2437/1971 1970/2435/1969 
f 1971/2436/1970 1970/2435/1969 1969/2434/1968 1968/2433/1967 
f 1970/2435/1969 1972/2437/1971 1965/2430/1964 1969/2434/1968 
f 1804/2263/1803 1803/2262/1802 1927/2388/1926 1973/2438/1972 
f 1973/2438/1972 1927/2388/1926 1924/2385/1923 1964/2429/1963 
f 1807/2266/1806 1804/2263/1803 1973/2438/1972 1972/2437/1971 
f 1972/2437/1971 1973/2438/1972 1964/2429/1963 1965/2430/1964 
f 1938/2424/1937 1960/2423/1959 1974/2439/1973 1966/2440/1965 
f 1960/2423/1959 1958/2421/1957 1975/2441/1974 1974/2439/1973 
f 1966/2440/1965 1974/2439/1973 1976/2442/1975 1968/2443/1967 
f 1974/2439/1973 1975/2441/1974 1977/2444/1976 1976/2442/1975 
f 1955/2418/1954 1954/2417/1953 1978/2445/1977 1979/2446/1978 
f 1979/2446/1978 1978/2445/1977 1980/2447/1979 1981/2448/1980 
f 1958/2421/1957 1955/2418/1954 1979/2446/1978 1975/2441/1974 
f 1975/2441/1974 1979/2446/1978 1981/2448/1980 1977/2444/1976 
f 1792/2247/1791 1791/2246/1790 1982/2449/1981 1983/2450/1982 
f 1791/2246/1790 1789/2244/1788 1984/2451/1983 1982/2449/1981 
f 1983/2450/1982 1982/2449/1981 1981/2448/1980 1980/2447/1979 
f 1982/2449/1981 1984/2451/1983 1977/2444/1976 1981/2448/1980 
f 1786/2241/1785 1785/2240/1784 1971/2452/1970 1985/2453/1984 
f 1985/2453/1984 1971/2452/1970 1968/2443/1967 1976/2442/1975 
f 1789/2244/1788 1786/2241/1785 1985/2453/1984 1984/2451/1983 
f 1984/2451/1983 1985/2453/1984 1976/2442/1975 1977/2444/1976 
f 1701/2146/1700 1700/2145/1699 1986/2454/1985 1950/2413/1949 
f 1700/2145/1699 1696/2141/1695 1987/2455/1986 1986/2454/1985 
f 1950/2413/1949 1986/2454/1985 1988/2456/1987 1952/2415/1951 
f 1986/2454/1985 1987/2455/1986 1989/2457/1988 1988/2456/1987 
f 1694/2139/1693 1659/2102/1658 1990/2458/1989 1991/2459/1990 
f 1991/2459/1990 1990/2458/1989 1992/2460/1991 1993/2461/1992 
f 1696/2141/1695 1694/2139/1693 1991/2459/1990 1987/2455/1986 
f 1987/2455/1986 1991/2459/1990 1993/2461/1992 1989/2457/1988 
f 1994/2462/1993 1995/2463/1994 1996/2464/1995 1997/2465/1996 
f 1995/2463/1994 1998/2466/1997 1999/2467/1998 1996/2464/1995 
f 1997/2465/1996 1996/2464/1995 1993/2461/1992 1992/2460/1991 
f 1996/2464/1995 1999/2467/1998 1989/2457/1988 1993/2461/1992 
f 2000/2468/1999 1954/2417/1953 1957/2420/1956 2001/2469/2000 
f 2001/2469/2000 1957/2420/1956 1952/2415/1951 1988/2456/1987 
f 1998/2466/1997 2000/2468/1999 2001/2469/2000 1999/2467/1998 
f 1999/2467/1998 2001/2469/2000 1988/2456/1987 1989/2457/1988 
f 1659/2102/1658 1658/2101/1657 2002/2470/2001 1990/2458/1989 
f 1658/2101/1657 1653/2096/1652 2003/2471/2002 2002/2470/2001 
f 1990/2458/1989 2002/2470/2001 2004/2472/2003 1992/2460/1991 
f 2002/2470/2001 2003/2471/2002 2005/2473/2004 2004/2472/2003 
f 1650/2093/1649 1649/2092/1648 1812/2273/1811 2006/2474/2005 
f 2006/2474/2005 1812/2273/1811 1815/2276/1814 2007/2475/2006 
f 1653/2096/1652 1650/2093/1649 2006/2474/2005 2003/2471/2002 
f 2003/2471/2002 2006/2474/2005 2007/2475/2006 2005/2473/2004 
f 1828/2289/1827 2008/2476/2007 2009/2477/2008 1829/2290/1828 
f 2008/2476/2007 2010/2478/2009 2011/2479/2010 2009/2477/2008 
f 1829/2290/1828 2009/2477/2008 2007/2475/2006 1815/2276/1814 
f 2009/2477/2008 2011/2479/2010 2005/2473/2004 2007/2475/2006 
f 2012/2480/2011 1994/2462/1993 1997/2465/1996 2013/2481/2012 
f 2013/2481/2012 1997/2465/1996 1992/2460/1991 2004/2472/2003 
f 2010/2478/2009 2012/2480/2011 2013/2481/2012 2011/2479/2010 
f 2011/2479/2010 2013/2481/2012 2004/2472/2003 2005/2473/2004 
f 1954/2417/1953 2000/2468/1999 2014/2482/2013 1978/2445/1977 
f 2000/2468/1999 1998/2466/1997 2015/2483/2014 2014/2482/2013 
f 1978/2445/1977 2014/2482/2013 2016/2484/2015 1980/2447/1979 
f 2014/2482/2013 2015/2483/2014 2017/2485/2016 2016/2484/2015 
f 1995/2463/1994 1994/2462/1993 2018/2486/2017 2019/2487/2018 
f 2019/2487/2018 2018/2486/2017 2020/2488/2019 2021/2489/2020 
f 1998/2466/1997 1995/2463/1994 2019/2487/2018 2015/2483/2014 
f 2015/2483/2014 2019/2487/2018 2021/2489/2020 2017/2485/2016 
f 1752/2205/1751 1776/2230/1775 2022/2490/2021 2023/2491/2022 
f 1776/2230/1775 1779/2233/1778 2024/2492/2023 2022/2490/2021 
f 2023/2491/2022 2022/2490/2021 2021/2489/2020 2020/2488/2019 
f 2022/2490/2021 2024/2492/2023 2017/2485/2016 2021/2489/2020 
f 1793/2248/1792 1792/2247/1791 1983/2450/1982 2025/2493/2024 
f 2025/2493/2024 1983/2450/1982 1980/2447/1979 2016/2484/2015 
f 1779/2233/1778 1793/2248/1792 2025/2493/2024 2024/2492/2023 
f 2024/2492/2023 2025/2493/2024 2016/2484/2015 2017/2485/2016 
f 1994/2462/1993 2012/2480/2011 2026/2494/2025 2018/2486/2017 
f 2012/2480/2011 2010/2478/2009 2027/2495/2026 2026/2494/2025 
f 2018/2486/2017 2026/2494/2025 2028/2496/2027 2020/2488/2019 
f 2026/2494/2025 2027/2495/2026 2029/2497/2028 2028/2496/2027 
f 2008/2476/2007 1828/2289/1827 1848/2309/1847 2030/2498/2029 
f 2030/2498/2029 1848/2309/1847 1851/2312/1850 2031/2499/2030 
f 2010/2478/2009 2008/2476/2007 2030/2498/2029 2027/2495/2026 
f 2027/2495/2026 2030/2498/2029 2031/2499/2030 2029/2497/2028 
f 1730/2182/1729 1733/2185/1732 2032/2500/2031 1860/2321/1859 
f 1733/2185/1732 1737/2189/1736 2033/2501/2032 2032/2500/2031 
f 1860/2321/1859 2032/2500/2031 2031/2499/2030 1851/2312/1850 
f 2032/2500/2031 2033/2501/2032 2029/2497/2028 2031/2499/2030 
f 1753/2206/1752 1752/2205/1751 2023/2491/2022 2034/2502/2033 
f 2034/2502/2033 2023/2491/2022 2020/2488/2019 2028/2496/2027 
f 1737/2189/1736 1753/2206/1752 2034/2502/2033 2033/2501/2032 
f 2033/2501/2032 2034/2502/2033 2028/2496/2027 2029/2497/2028 
# 384 polygons

#
# object Cylinder002
#

v  104.8193 0.5839 -71.3104
v  99.4600 0.4587 -73.6595
v  100.4511 3.6807 -74.4077
v  105.8821 4.1818 -72.0393
v  93.7721 0.3372 -75.0438
v  94.6769 3.1948 -75.7803
v  95.5188 6.5134 -76.7474
v  101.3742 7.4853 -75.3987
v  106.8689 8.4875 -73.0186
v  87.9245 0.2233 -75.4062
v  88.7309 2.7390 -76.0998
v  82.0960 0.1202 -74.7510
v  82.7951 2.3268 -75.3726
v  83.4322 4.7774 -76.1880
v  89.4764 5.6019 -77.0076
v  76.4654 0.0313 -73.0829
v  77.0513 1.9714 -73.6047
v  71.1994 -0.0408 -70.4674
v  71.6699 1.6826 -70.8653
v  72.0671 3.4889 -71.4077
v  77.5711 4.0665 -74.2969
v  66.4649 -0.0939 -66.9700
v  66.8211 1.4703 -67.2233
v  62.3965 -0.1265 -62.7096
v  62.6431 1.3398 -62.8021
v  62.7943 2.8033 -62.9833
v  67.0942 3.0643 -67.5935
v  59.1291 -0.1374 -57.8048
v  59.2742 1.2963 -57.7252
v  56.7491 -0.1265 -52.4132
v  56.8036 1.3398 -52.1555
v  56.7321 2.8033 -51.9307
v  59.3093 2.7163 -57.7059
v  55.3429 -0.0939 -46.6926
v  55.3208 1.4703 -46.2561
v  54.9383 -0.0408 -40.8203
v  54.8556 1.6826 -40.2097
v  54.6117 3.4889 -39.5832
v  55.1554 3.0643 -45.8268
v  55.5630 0.0313 -34.9738
v  55.4379 1.9714 -34.1993
v  57.1826 0.1202 -29.3290
v  57.0342 2.3268 -28.4055
v  56.6890 4.7774 -27.4300
v  55.1335 4.0665 -33.3889
v  59.7628 0.2233 -24.0619
v  59.6112 2.7390 -23.0090
v  63.2112 0.3372 -19.3255
v  63.0764 3.1948 -18.1666
v  62.7134 6.5134 -16.9369
v  59.2464 5.6019 -21.8924
v  67.4357 0.4587 -15.2729
v  67.3374 3.6807 -14.0350
v  72.2971 0.5839 -12.0162
v  72.2537 4.1818 -10.7281
v  71.9581 8.4875 -9.3696
v  66.9978 7.4853 -12.7240
v  77.6563 0.7092 -9.6670
v  77.6847 4.6828 -8.3597
v  83.3442 0.8307 -8.2827
v  83.4589 5.1688 -6.9871
v  83.3083 10.4616 -5.6408
v  77.4529 9.4897 -6.9895
v  89.1918 0.9446 -7.9204
v  89.4049 5.6245 -6.6675
v  95.0203 1.0477 -8.5755
v  95.3407 6.0367 -7.3948
v  95.3948 12.1976 -6.2003
v  89.3506 11.3731 -5.3806
v  100.6509 1.1365 -10.2436
v  101.0845 6.3922 -9.1626
v  105.9169 1.2087 -12.8591
v  106.4659 6.6810 -11.9020
v  106.7599 13.4861 -10.9805
v  101.2559 12.9085 -8.0913
v  110.6515 1.2618 -16.3565
v  111.3147 6.8932 -15.5441
v  114.7198 1.2944 -20.6169
v  115.4927 7.0237 -19.9652
v  116.0328 14.1717 -19.4050
v  111.7328 13.9107 -14.7947
v  117.9872 1.3053 -25.5217
v  118.8616 7.0672 -25.0421
v  120.3672 1.2944 -30.9133
v  121.3322 7.0237 -30.6118
v  122.0950 14.1717 -30.4575
v  119.5177 14.2587 -24.6823
v  121.7734 1.2618 -36.6339
v  122.8150 6.8932 -36.5112
v  122.1780 1.2087 -42.5062
v  123.2802 6.6810 -42.5576
v  124.2153 13.4861 -42.8050
v  123.6716 13.9107 -36.5614
v  121.5533 1.1365 -48.3527
v  122.6980 6.3922 -48.5680
v  119.9337 1.0477 -53.9975
v  121.1017 6.0367 -54.3618
v  122.1380 12.1976 -54.9583
v  123.6935 12.9085 -48.9993
v  117.3536 0.9446 -59.2646
v  118.5246 5.6245 -59.7583
v  113.9051 0.8307 -64.0010
v  115.0594 5.1688 -64.6007
v  116.1137 10.4616 -65.4513
v  119.5807 11.3731 -60.4958
v  109.6806 0.7092 -68.0536
v  110.7984 4.6828 -68.7323
v  111.8293 9.4897 -69.6642
v  89.1632 27.7882 -77.8871
v  88.9050 28.2867 -79.1290
v  93.7820 31.8866 -78.2573
v  93.8972 31.2837 -77.0416
v  88.3837 29.1044 -79.8259
v  93.3139 32.7436 -78.9447
v  97.8663 36.4959 -77.0679
v  98.2852 35.5984 -76.4007
v  98.2685 34.8881 -75.2400
v  79.1780 21.5453 -76.6083
v  78.6183 21.8569 -77.8126
v  83.7980 24.9107 -78.9741
v  84.2059 24.5103 -77.7362
v  77.9847 22.6044 -78.4952
v  83.2209 25.6915 -79.6693
v  69.5168 16.9121 -71.5577
v  68.6657 17.0845 -72.6104
v  73.5234 19.2238 -75.6649
v  74.2323 18.9890 -74.5230
v  67.9235 17.7800 -73.2362
v  72.8342 19.9426 -76.3240
v  61.3451 14.4469 -63.3444
v  60.2477 14.5452 -64.1498
v  64.1975 15.5120 -68.7289
v  65.1794 15.3855 -67.7896
v  59.4136 15.2129 -64.6832
v  63.4065 16.1903 -69.3123
v  55.6487 14.4469 -52.9586
v  54.3797 14.5452 -53.4512
v  56.9452 14.2229 -59.0026
v  58.1392 14.1341 -58.3477
v  53.4816 15.2129 -53.8679
v  56.0751 14.8871 -59.4799
v  53.1145 16.9121 -41.6532
v  51.7694 17.0845 -41.8052
v  52.6411 15.5120 -47.6593
v  53.9609 15.3855 -47.3361
v  50.8428 17.7800 -42.0947
v  51.7240 16.1903 -48.0128
v  54.0480 21.5453 -30.7916
v  52.7316 21.8569 -30.6163
v  51.8044 19.2238 -36.0671
v  53.1484 18.9890 -36.0829
v  51.8155 22.6044 -30.7837
v  50.8782 19.9426 -36.2940
v  58.3364 27.7882 -21.6838
v  57.1503 28.2867 -21.2341
v  54.5361 24.9107 -25.6241
v  55.7992 24.5103 -25.9454
v  56.2825 29.1044 -21.2992
v  53.6397 25.6915 -25.7371
v  65.4625 34.8881 -15.4283
v  64.4926 35.5984 -14.7903
v  60.5066 31.8866 -17.5900
v  61.5938 31.2837 -18.1462
v  63.7049 36.4959 -14.7850
v  59.6754 32.7436 -17.6152
v  74.5672 41.9885 -12.7795
v  73.8728 42.9101 -12.0620
v  68.9958 39.3102 -12.9337
v  69.8334 38.4926 -13.6258
v  73.1874 43.8874 -12.0270
v  68.2573 40.2482 -12.9082
v  84.5527 48.2332 -14.0572
v  84.1596 49.3399 -13.3784
v  78.9799 46.2861 -12.2170
v  79.5246 45.2673 -12.9298
v  83.5865 50.3873 -13.3577
v  78.3502 47.3003 -12.1836
v  94.2146 52.8684 -19.1077
v  94.1121 54.1122 -18.5806
v  89.2544 51.9729 -15.5262
v  89.4987 50.7905 -16.1423
v  93.6477 55.2118 -18.6167
v  88.7369 53.0491 -15.5289
v  102.3873 55.3349 -27.3221
v  102.5301 56.6516 -27.0413
v  98.5803 55.6847 -22.4622
v  98.5525 54.3958 -22.8763
v  102.1575 57.7788 -27.1697
v  98.1646 56.8015 -22.5406
v  108.0845 55.3349 -37.7093
v  108.3981 56.6516 -37.7398
v  105.8327 56.9738 -32.1884
v  105.5937 55.6479 -32.3195
v  108.0896 57.7789 -37.9850
v  105.4961 58.1046 -32.3730
v  110.6190 52.8684 -49.0161
v  111.0085 54.1123 -49.3858
v  110.1367 55.6847 -43.5317
v  109.7726 54.3958 -43.3326
v  110.7284 55.2118 -49.7581
v  109.8471 56.8015 -43.8401
v  109.6851 48.2332 -59.8783
v  110.0462 49.3399 -60.5747
v  110.9734 51.9729 -55.1239
v  110.5851 50.7905 -54.5868
v  109.7557 50.3874 -61.0691
v  110.6929 53.0492 -55.5589
v  105.3957 41.9886 -68.9857
v  105.6275 42.9101 -69.9569
v  108.2417 46.2861 -65.5669
v  107.9334 45.2673 -64.7244
v  105.2887 43.8874 -70.5537
v  107.9314 47.3003 -66.1158
v  102.2712 39.3102 -73.6011
v  102.1377 38.4926 -72.5228
v  101.8958 40.2482 -74.2376
v  92.2709 33.7680 -78.1044
v  96.6622 37.3875 -76.2940
v  87.5153 30.2577 -78.9544
v  86.7482 31.1554 -77.0057
v  91.1969 34.4392 -76.2106
v  95.3048 37.8251 -74.5170
v  82.5353 26.9656 -78.8033
v  77.4845 23.9879 -77.6708
v  77.3646 25.2902 -75.8049
v  82.0895 28.0758 -76.8644
v  72.5164 21.4203 -75.5764
v  67.7795 19.3342 -72.5979
v  68.2859 20.9368 -71.0595
v  72.7171 22.8883 -73.8457
v  63.4225 17.8008 -68.8130
v  59.5710 16.8581 -64.3478
v  60.6070 18.6205 -63.3417
v  64.2100 19.5024 -67.5187
v  56.3506 16.5438 -59.3287
v  53.8490 16.8581 -53.9154
v  55.2542 18.6205 -53.5825
v  57.5945 18.3265 -58.6465
v  52.1536 17.8008 -48.2676
v  51.3036 19.3342 -42.5591
v  52.8731 20.9368 -42.9590
v  53.6683 19.5024 -48.2991
v  51.3378 21.4203 -36.9638
v  52.2419 23.9879 -31.6486
v  53.7509 25.2902 -32.7525
v  52.9051 22.8883 -37.7247
v  54.0015 26.9656 -26.7806
v  56.5507 30.2577 -22.4999
v  57.7816 31.1554 -24.1941
v  55.3969 28.0758 -28.1987
v  59.8235 33.7680 -18.9464
v  63.7103 37.3875 -16.2164
v  64.4792 37.8251 -18.3161
v  60.8432 34.4392 -20.8700
v  68.1015 41.0069 -14.4060
v  72.8571 44.5173 -13.5560
v  73.0358 44.4948 -15.8274
v  68.5871 41.2110 -16.6225
v  77.8371 47.8093 -13.7071
v  82.8879 50.7871 -14.8396
v  82.4194 50.3601 -17.0282
v  77.6945 47.5744 -15.9687
v  87.8561 53.3546 -16.9339
v  92.5929 55.4407 -19.9124
v  91.4981 54.7134 -21.7736
v  87.0669 52.7620 -18.9874
v  96.9499 56.9741 -23.6974
v  100.8014 57.9169 -28.1625
v  99.1770 57.0298 -29.4914
v  95.5740 56.1479 -25.3144
v  104.0218 58.2311 -33.1816
v  106.5235 57.9169 -38.5949
v  104.5298 57.0298 -39.2506
v  102.1895 57.3238 -34.1866
v  108.2188 56.9741 -44.2427
v  109.0688 55.4407 -49.9512
v  106.9109 54.7134 -49.8741
v  106.1157 56.1479 -44.5339
v  109.0347 53.3546 -55.5466
v  108.1306 50.7871 -60.8617
v  106.0331 50.3601 -60.0806
v  106.8789 52.7620 -55.1084
v  106.3709 47.8093 -65.7297
v  103.8218 44.5173 -70.0105
v  102.0024 44.4949 -68.6390
v  104.3871 47.5745 -64.6344
v  100.5490 41.0069 -73.5640
v  98.9408 41.2110 -71.9631
v  90.6356 34.2365 -73.7375
v  94.4261 37.3608 -72.1748
v  86.5306 31.2064 -74.4712
v  87.0856 30.1297 -71.7234
v  90.8742 32.9263 -71.0463
v  94.3725 35.8097 -69.6040
v  82.2319 28.3648 -74.3408
v  77.8720 25.7943 -73.3632
v  79.0945 25.1348 -70.7008
v  83.1183 27.5071 -71.6031
v  73.5835 23.5780 -71.5554
v  69.4947 21.7773 -68.9844
v  71.3630 21.4275 -66.6595
v  75.1366 23.0894 -69.0324
v  65.7337 20.4537 -65.7172
v  62.4091 19.6399 -61.8629
v  64.8236 19.4549 -60.0870
v  67.8919 20.2059 -63.6442
v  59.6293 19.3687 -57.5304
v  57.4699 19.6399 -52.8577
v  60.2651 19.4549 -51.7760
v  62.2581 19.2045 -56.0886
v  56.0065 20.4537 -47.9825
v  55.2727 21.7773 -43.0549
v  58.2373 21.4275 -42.7290
v  58.9145 20.2059 -47.2767
v  55.3022 23.5780 -38.2251
v  56.0826 25.7943 -33.6370
v  58.9848 25.1348 -34.0370
v  58.2646 23.0894 -38.2714
v  57.6015 28.3647 -29.4350
v  59.8020 31.2064 -25.7398
v  62.4175 30.1297 -26.7486
v  60.3866 27.5071 -30.1589
v  62.6270 34.2365 -22.6725
v  65.9821 37.3608 -20.3159
v  68.1212 35.8097 -21.7428
v  65.0247 32.9263 -23.9177
v  69.7726 40.4852 -18.7532
v  73.8776 43.5153 -18.0195
v  75.4081 41.4897 -19.6234
v  71.6195 38.6932 -20.3006
v  78.1764 46.3569 -18.1499
v  82.5362 48.9273 -19.1275
v  83.3992 46.4846 -20.6460
v  79.3754 44.1123 -19.7438
v  86.8247 51.1437 -20.9353
v  90.9135 52.9444 -23.5064
v  91.1307 50.1919 -24.6873
v  87.3571 48.5300 -22.3145
v  94.6745 54.2680 -26.7735
v  97.9991 55.0818 -30.6278
v  97.6701 52.1646 -31.2598
v  94.6017 51.4135 -27.7026
v  100.7790 55.3530 -34.9603
v  102.9384 55.0818 -39.6330
v  102.2286 52.1646 -39.5708
v  100.2356 52.4149 -35.2583
v  104.4018 54.2680 -44.5082
v  105.1355 52.9444 -49.4358
v  104.2564 50.1919 -48.6179
v  103.5792 51.4135 -44.0702
v  105.1060 51.1437 -54.2656
v  104.3256 48.9274 -58.8537
v  103.5089 46.4846 -57.3098
v  104.2291 48.5301 -53.0755
v  102.8067 46.3569 -63.0557
v  100.6063 43.5153 -66.7509
v  100.0762 41.4897 -64.5982
v  102.1071 44.1123 -61.1879
v  97.7812 40.4852 -69.8182
v  97.4689 38.6932 -67.4291
v  92.1999 30.2747 -68.4980
v  95.4903 32.9869 -67.1414
v  88.6363 27.6444 -69.1349
v  90.4267 24.8424 -66.8030
v  93.8153 27.3438 -66.1974
v  96.9444 29.9228 -64.9073
v  84.9047 25.1775 -69.0217
v  81.1200 22.9462 -68.1731
v  83.2791 20.3748 -65.8884
v  86.8781 22.4967 -66.6954
v  77.3973 21.0223 -66.6038
v  73.8478 19.4591 -64.3719
v  76.3637 17.0588 -62.2737
v  79.7390 18.5453 -64.3960
v  70.5830 18.3101 -61.5357
v  67.6970 17.6037 -58.1899
v  70.5146 15.2944 -56.3950
v  73.2591 15.9662 -59.5767
v  65.2838 17.3682 -54.4290
v  63.4093 17.6037 -50.3726
v  66.4373 15.2944 -48.9613
v  68.2199 15.0705 -52.8186
v  62.1389 18.3101 -46.1406
v  61.5020 19.4591 -41.8631
v  64.6236 17.0588 -40.8692
v  65.2293 15.9662 -44.9368
v  61.5276 21.0223 -37.6703
v  62.2051 22.9462 -33.6876
v  65.2922 20.3748 -33.0948
v  64.6480 18.5453 -36.8822
v  63.5236 25.1775 -30.0398
v  65.4338 27.6444 -26.8322
v  68.3625 24.8424 -26.5757
v  66.5460 22.4967 -29.6260
v  67.8861 30.2747 -24.1695
v  70.7986 32.9869 -22.1238
v  73.4641 29.9228 -22.0984
v  70.6945 27.3438 -24.0437
v  74.0891 35.6990 -20.7672
v  77.6526 38.3294 -20.1303
v  79.9818 35.0033 -20.2027
v  76.5931 32.5019 -20.8084
v  81.3842 40.7962 -20.2435
v  85.1689 43.0275 -21.0921
v  87.1294 39.4709 -21.1173
v  83.5303 37.3490 -20.3103
v  88.8917 44.9515 -22.6615
v  92.4411 46.5146 -24.8933
v  94.0448 42.7869 -24.7320
v  90.6695 41.3004 -22.6097
v  95.7059 47.6636 -27.7295
v  98.5920 48.3701 -31.0753
v  99.8938 44.5513 -30.6107
v  97.1494 43.8795 -27.4290
v  101.0051 48.6056 -34.8363
v  102.8796 48.3701 -38.8926
v  103.9711 44.5513 -38.0444
v  102.1886 44.7752 -34.1871
v  104.1500 47.6636 -43.1246
v  104.7869 46.5146 -47.4021
v  105.7849 42.7869 -46.1365
v  105.1792 43.8795 -42.0688
v  104.7613 44.9515 -51.5949
v  104.0839 43.0276 -55.5777
v  105.1163 39.4709 -53.9109
v  105.7605 41.3004 -50.1235
v  102.7653 40.7962 -59.2254
v  100.8552 38.3294 -62.4330
v  102.0460 35.0033 -60.4300
v  103.8625 37.3490 -57.3797
v  98.4028 35.6990 -65.0958
v  99.7139 32.5019 -62.9620
v  91.7005 22.8161 -64.8250
v  94.9235 25.1951 -64.2490
v  92.5947 21.4702 -62.0533
v  95.5222 23.6311 -61.5301
v  98.2254 25.8593 -60.4156
v  97.8995 27.6481 -63.0220
v  84.9024 18.5669 -63.9551
v  88.3254 20.5850 -64.7226
v  86.4198 17.6105 -61.2631
v  89.5290 19.4437 -61.9603
v  78.3251 15.4131 -60.5172
v  81.5354 16.8268 -62.5357
v  80.4454 14.7458 -58.1404
v  83.3614 16.0300 -59.9739
v  72.7620 13.7349 -54.9259
v  75.3723 14.3739 -57.9520
v  75.3923 13.2215 -53.0616
v  77.7633 13.8019 -55.8104
v  68.8841 13.7349 -47.8556
v  70.5795 13.5220 -51.5243
v  71.8699 13.2215 -46.6395
v  73.4099 13.0280 -49.9719
v  67.1590 15.4131 -40.1592
v  67.7351 14.3739 -44.0280
v  70.3030 14.7458 -39.6487
v  70.8262 13.8019 -43.1628
v  67.7949 18.5669 -32.7650
v  67.1822 16.8269 -36.3672
v  70.8806 17.6105 -32.9322
v  70.3240 16.0300 -36.2042
v  70.7151 22.8161 -26.5647
v  68.9875 20.5850 -29.4658
v  73.5330 21.4702 -27.3003
v  71.9638 19.4436 -29.9355
v  75.5673 27.6481 -22.3062
v  72.9331 25.1951 -24.1564
v  77.9404 25.8593 -23.4322
v  75.5477 23.6311 -25.1128
v  81.7663 32.4801 -20.5032
v  78.5433 30.1011 -21.0793
v  83.5712 30.2483 -21.7945
v  80.6436 28.0874 -22.3178
v  88.5644 36.7293 -21.3731
v  85.1413 34.7112 -20.6056
v  89.7461 34.1080 -22.5847
v  86.6368 32.2749 -21.8875
v  95.1416 39.8832 -24.8111
v  91.9314 38.4694 -22.7925
v  95.7204 36.9727 -25.7075
v  92.8044 35.6885 -23.8740
v  100.7048 41.5613 -30.4024
v  98.0945 40.9224 -27.3762
v  100.7735 38.4970 -30.7862
v  98.4025 37.9166 -28.0375
v  104.5827 41.5613 -37.4726
v  102.8873 41.7743 -33.8039
v  104.2960 38.4970 -37.2083
v  102.7560 38.6905 -33.8759
v  106.3077 39.8832 -45.1690
v  105.7317 40.9224 -41.3002
v  105.8629 36.9727 -44.1992
v  105.3396 37.9167 -40.6851
v  105.6718 36.7293 -52.5633
v  106.2846 38.4694 -48.9611
v  105.2853 34.1080 -50.9156
v  105.8418 35.6885 -47.6436
v  102.7517 32.4801 -58.7636
v  104.4793 34.7112 -55.8624
v  102.6328 30.2483 -56.5475
v  104.2021 32.2749 -53.9123
v  100.5336 30.1011 -61.1719
v  100.6181 28.0874 -58.7350
v  93.2461 20.7095 -57.3403
v  95.6095 22.4540 -56.9178
v  93.2381 20.7438 -52.8328
v  94.4256 22.0331 -49.9611
v  96.6599 23.4110 -51.8375
v  97.7919 24.2528 -56.0181
v  88.2611 17.5936 -56.7024
v  90.7712 19.0734 -57.2652
v  89.4856 18.3983 -52.3526
v  91.5118 19.9972 -50.1703
v  83.4380 15.2809 -54.1813
v  85.7921 16.3176 -55.6615
v  85.8551 16.6574 -50.4549
v  88.5132 18.3375 -49.2045
v  79.3586 14.0503 -50.0812
v  81.2727 14.5188 -52.3003
v  82.7843 15.7311 -47.3685
v  85.7915 17.2542 -47.1802
v  76.5150 14.0503 -44.8967
v  77.7582 13.8941 -47.5869
v  80.6437 15.7311 -43.4659
v  83.6749 16.8780 -44.3417
v  75.2500 15.2809 -39.2529
v  75.6724 14.5188 -42.0899
v  79.6915 16.6574 -39.2175
v  82.4188 17.2542 -41.0312
v  75.7163 17.5936 -33.8307
v  75.2670 16.3176 -36.4722
v  80.0425 18.3983 -35.1360
v  82.1746 18.3375 -37.6480
v  77.8576 20.7095 -29.2841
v  76.5908 19.0734 -31.4115
v  81.6544 20.7438 -31.7135
v  82.9718 19.9972 -34.6003
v  81.4157 24.2528 -26.1613
v  79.4841 22.4540 -27.5181
v  84.3328 23.4110 -29.3629
v  84.7143 22.0331 -32.2555
v  85.9614 27.7961 -24.8392
v  83.5980 26.0516 -25.2616
v  87.7545 26.0782 -28.3676
v  87.1918 24.1996 -30.8966
v  90.9465 30.9120 -25.4771
v  88.4364 29.4321 -24.9143
v  91.5070 28.4237 -28.8478
v  90.1056 26.2355 -30.6875
v  95.7695 33.2247 -27.9982
v  93.4155 32.1880 -26.5180
v  95.1376 30.1646 -30.7455
v  93.1042 27.8952 -31.6532
v  99.8490 34.4553 -32.0982
v  97.9349 33.9868 -29.8792
v  98.2084 31.0909 -33.8319
v  95.8260 28.9785 -33.6775
v  102.6926 34.4553 -37.2828
v  101.4494 34.6115 -34.5926
v  100.3489 31.0909 -37.7345
v  97.9425 29.3547 -36.5160
v  103.9576 33.2247 -42.9266
v  103.5352 33.9868 -40.0896
v  101.3011 30.1646 -41.9829
v  99.1987 28.9785 -39.8265
v  103.4913 30.9120 -48.3488
v  103.9406 32.1880 -45.7073
v  100.9501 28.4237 -46.0644
v  99.4428 27.8952 -43.2097
v  101.3500 27.7961 -52.8954
v  102.6168 29.4321 -50.7680
v  99.3382 26.0782 -49.4869
v  98.6456 26.2355 -46.2574
v  99.7235 26.0516 -54.6614
v  96.9031 24.1996 -48.6022
v  91.2104 22.7375 -40.2086
v  98.8454 -1.5980 -73.5715
v  93.1854 -1.5980 -74.9599
v  104.1815 -1.5980 -71.2285
v  103.8617 -2.8068 -71.4081
v  98.5250 -2.8068 -73.7514
v  92.8644 -2.8068 -75.1400
v  87.3698 -1.5980 -75.3366
v  81.5762 -1.5980 -74.7055
v  87.0481 -2.8068 -75.5167
v  81.2539 -2.8068 -74.8855
v  75.9825 -1.5980 -73.0704
v  70.7542 -1.5980 -70.4958
v  75.6596 -2.8068 -73.2502
v  70.4307 -2.8068 -70.6753
v  66.0570 -1.5980 -67.0461
v  62.0246 -1.5980 -62.8386
v  65.7330 -2.8068 -67.2253
v  61.7002 -2.8068 -63.0173
v  58.7906 -1.5980 -57.9904
v  56.4404 -1.5980 -52.6575
v  58.4658 -2.8068 -58.1686
v  56.1153 -2.8068 -52.8351
v  55.0596 -1.5980 -46.9956
v  54.6751 -1.5980 -41.1805
v  54.7343 -2.8068 -47.1726
v  54.3498 -2.8068 -41.3568
v  55.3140 -1.5980 -35.3878
v  56.9416 -1.5980 -29.7919
v  54.9888 -2.8068 -35.5635
v  56.6166 -2.8068 -29.9669
v  59.5232 -1.5980 -24.5671
v  62.9666 -1.5980 -19.8653
v  59.1985 -2.8068 -24.7415
v  62.6423 -2.8068 -20.0392
v  67.1795 -1.5980 -15.8385
v  72.0233 -1.5980 -12.5980
v  66.8556 -2.8068 -16.0120
v  71.7000 -2.8068 -12.7711
v  77.3594 -1.5980 -10.2550
v  83.0194 -1.5980 -8.8665
v  77.0366 -2.8068 -10.4278
v  82.6973 -2.8068 -9.0393
v  88.8350 -1.5980 -8.4899
v  94.6286 -1.5980 -9.1210
v  88.5136 -2.8068 -8.6625
v  94.3077 -2.8068 -9.2938
v  100.2223 -1.5980 -10.7561
v  105.4506 -1.5980 -13.3307
v  99.9021 -2.8068 -10.9290
v  105.1310 -2.8068 -13.5039
v  110.1478 -1.5980 -16.7804
v  114.1802 -1.5980 -20.9879
v  109.8286 -2.8068 -16.9540
v  113.8615 -2.8068 -21.1619
v  117.4142 -1.5980 -25.8360
v  119.7644 -1.5980 -31.1690
v  117.0959 -2.8068 -26.0106
v  119.4463 -2.8068 -31.3442
v  121.1452 -1.5980 -36.8308
v  121.5297 -1.5980 -42.6460
v  120.8273 -2.8068 -37.0066
v  121.2118 -2.8068 -42.8224
v  120.8908 -1.5980 -48.4386
v  119.2632 -1.5980 -54.0346
v  120.5729 -2.8068 -48.6157
v  118.9451 -2.8068 -54.2123
v  116.6816 -1.5980 -59.2594
v  113.2382 -1.5980 -63.9612
v  116.3632 -2.8068 -59.4377
v  112.9194 -2.8068 -64.1400
v  109.0253 -1.5980 -67.9880
v  108.7061 -2.8068 -68.1672
v  98.4167 -3.4848 -73.8067
v  92.7566 -3.4848 -75.1951
v  103.7527 -3.4848 -71.4637
v  103.8473 -3.9237 -71.6360
v  98.4798 -3.9237 -73.9928
v  92.7865 -3.9237 -75.3894
v  86.9410 -3.4848 -75.5718
v  81.1474 -3.4848 -74.9406
v  86.9367 -3.9237 -75.7683
v  81.1091 -3.9237 -75.1335
v  75.5537 -3.4848 -73.3055
v  70.3254 -3.4848 -70.7309
v  75.4824 -3.9237 -73.4887
v  70.2234 -3.9237 -70.8990
v  65.6283 -3.4848 -67.2813
v  61.5958 -3.4848 -63.0738
v  65.4986 -3.9237 -67.4290
v  61.4425 -3.9237 -63.1968
v  58.3618 -3.4848 -58.2256
v  56.0116 -3.4848 -52.8927
v  58.1895 -3.9237 -58.3201
v  55.8255 -3.9237 -52.9558
v  54.6308 -3.4848 -47.2308
v  54.2463 -3.4848 -41.4157
v  54.4365 -3.9237 -47.2607
v  54.0498 -3.9237 -41.4114
v  54.8853 -3.4848 -35.6230
v  56.5129 -3.4848 -30.0271
v  54.6925 -3.9237 -35.5846
v  56.3297 -3.9237 -29.9558
v  59.0945 -3.4848 -24.8022
v  62.5378 -3.4848 -20.1005
v  58.9264 -3.9237 -24.7002
v  62.3900 -3.9237 -19.9708
v  66.7507 -3.4848 -16.0737
v  71.5946 -3.4848 -12.8332
v  66.6277 -3.9237 -15.9204
v  71.5000 -3.9237 -12.6608
v  76.9306 -3.4848 -10.4901
v  82.5907 -3.4848 -9.1017
v  76.8675 -3.9237 -10.3040
v  82.5608 -3.9237 -8.9074
v  88.4063 -3.4848 -8.7250
v  94.1998 -3.4848 -9.3562
v  88.4106 -3.9237 -8.5285
v  94.2382 -3.9237 -9.1634
v  99.7936 -3.4848 -10.9913
v  105.0219 -3.4848 -13.5659
v  99.8648 -3.9237 -10.8081
v  105.1239 -3.9237 -13.3978
v  109.7190 -3.4848 -17.0155
v  113.7514 -3.4848 -21.2230
v  109.8486 -3.9237 -16.8678
v  113.9048 -3.9237 -21.1000
v  116.9855 -3.4848 -26.0712
v  119.3356 -3.4848 -31.4041
v  117.1578 -3.9237 -25.9767
v  119.5218 -3.9237 -31.3410
v  120.7165 -3.4848 -37.0660
v  121.1010 -3.4848 -42.8811
v  120.9108 -3.9237 -37.0361
v  121.2975 -3.9237 -42.8854
v  120.4620 -3.4848 -48.6738
v  118.8344 -3.4848 -54.2697
v  120.6548 -3.9237 -48.7122
v  119.0177 -3.9237 -54.3410
v  116.2528 -3.4848 -59.4946
v  112.8095 -3.4848 -64.1964
v  116.4209 -3.9237 -59.5966
v  112.9573 -3.9237 -64.3260
v  108.5965 -3.4848 -68.2231
v  108.7196 -3.9237 -68.3764
v  95.9969 12.7362 -78.0825
v  95.8851 14.8126 -78.4001
v  101.6722 16.9982 -77.1776
v  101.8336 14.6192 -76.8205
v  95.5909 16.4914 -78.5457
v  101.3062 18.9104 -77.3619
v  106.6308 21.4047 -75.1051
v  107.0708 19.2518 -74.8805
v  107.2868 16.5608 -74.4893
v  83.8769 9.3730 -77.2462
v  83.8428 10.9088 -77.4738
v  89.8805 12.7629 -78.4942
v  89.9495 10.9703 -78.2201
v  83.6778 12.1707 -77.5516
v  89.6540 14.2228 -78.6039
v  72.3886 6.8767 -72.0813
v  72.3965 8.0113 -72.2134
v  77.9564 9.3102 -75.3534
v  77.9646 7.9957 -75.1736
v  72.3282 8.9638 -72.2424
v  77.8446 10.4014 -75.4040
v  62.9178 5.5485 -63.2107
v  62.9267 6.4696 -63.2532
v  67.3383 7.0566 -68.1342
v  67.3247 6.0542 -68.0484
v  62.9113 7.2574 -63.2587
v  67.3024 7.9071 -68.1482
v  56.6067 5.5485 -51.7043
v  56.5757 6.4696 -51.6740
v  59.3068 6.2739 -57.7073
v  59.3129 5.3799 -57.7039
v  56.5627 7.2574 -51.6840
v  59.2989 7.0409 -57.7116
v  54.2165 6.8767 -38.9500
v  54.1094 8.0113 -38.8724
v  54.8306 7.0566 -45.3303
v  54.8957 6.0542 -45.3879
v  54.0482 8.9638 -38.9144
v  54.7996 7.9071 -45.3531
v  56.0356 9.3730 -26.4862
v  55.8253 10.9088 -26.3926
v  54.4497 9.3102 -32.4962
v  54.6058 7.9957 -32.5859
v  55.6711 12.1707 -26.4900
v  54.3470 10.4014 -32.5633
v  61.8445 12.7362 -15.8161
v  61.5165 14.8126 -15.7397
v  58.2100 12.7629 -20.7527
v  58.4782 10.9703 -20.8419
v  61.2357 16.4914 -15.9095
v  57.9957 14.2228 -20.8847
v  70.9426 16.5607 -8.2268
v  70.4966 19.2518 -8.1987
v  65.6579 16.9982 -11.5165
v  66.0457 14.6192 -11.5724
v  70.0707 21.4047 -8.4490
v  65.3057 18.9104 -11.7261
v  82.2325 20.3853 -4.6335
v  81.6823 23.6911 -4.6790
v  75.8951 21.5054 -5.9015
v  76.3958 18.5023 -5.8955
v  81.1106 26.3180 -5.0083
v  75.3953 23.8990 -6.1921
v  94.3525 23.7485 -5.4698
v  93.7245 27.5948 -5.6053
v  87.6869 25.7408 -4.5850
v  88.2799 22.1512 -4.4959
v  93.0238 30.6387 -6.0025
v  87.0475 28.5866 -4.9502
v  105.8407 26.2448 -10.6347
v  105.1709 30.4923 -10.8658
v  99.6109 29.1935 -7.7257
v  100.2647 25.1258 -7.5425
v  104.3733 33.8456 -11.3116
v  98.8569 32.4080 -8.1501
v  115.3116 27.5730 -19.5054
v  114.6406 32.0341 -19.8260
v  110.2291 31.4471 -14.9449
v  110.9047 27.0673 -14.6676
v  113.7903 35.5520 -20.2953
v  109.3991 34.9023 -15.4059
v  121.6227 27.5730 -31.0117
v  120.9917 32.0341 -31.4052
v  118.2606 32.2297 -25.3718
v  118.9164 27.7416 -25.0121
v  120.1389 35.5520 -31.8700
v  117.4026 35.7685 -25.8424
v  124.0128 26.2448 -43.7660
v  123.4580 30.4923 -44.2067
v  122.7367 31.4471 -37.7488
v  123.3337 27.0673 -37.3281
v  122.6534 33.8456 -44.6397
v  121.9020 34.9023 -38.2009
v  122.1938 23.7485 -56.2298
v  121.7420 27.5948 -56.6865
v  123.1177 29.1935 -50.5830
v  123.6236 25.1258 -50.1301
v  121.0304 30.6387 -57.0640
v  122.3546 32.4080 -50.9908
v  116.3849 20.3853 -66.8999
v  116.0508 23.6911 -67.3394
v  119.3574 25.7408 -62.3264
v  119.7512 22.1512 -61.8742
v  115.4659 26.3180 -67.6446
v  118.7058 28.5866 -62.6693
v  111.9095 21.5054 -71.5626
v  112.1837 18.5023 -71.1436
v  111.3958 23.8990 -71.8279
v  94.1111 20.3573 -78.3976
v  92.1787 23.3640 -77.8400
v  97.2602 26.5040 -76.8667
v  99.5386 23.2241 -77.3223
v  90.3152 26.0327 -77.2219
v  95.0677 29.3869 -76.3442
v  99.4572 32.8433 -74.5142
v  101.9666 29.7400 -74.8951
v  104.5796 26.1796 -75.2024
v  82.7510 15.2354 -77.2841
v  81.5003 17.7496 -76.6715
v  86.8712 20.4173 -77.7694
v  88.4574 17.6683 -78.3793
v  80.2910 20.0329 -76.0106
v  85.3390 22.8842 -77.1052
v  71.8679 11.4314 -71.9936
v  71.2138 13.5729 -71.5199
v  76.2288 15.4465 -74.5627
v  77.1657 13.1369 -75.1288
v  70.5848 15.5659 -71.0107
v  75.3234 17.5702 -73.9547
v  62.7748 9.4058 -63.1608
v  62.5604 11.3447 -62.9933
v  66.6128 12.1937 -67.6199
v  67.0244 10.1772 -67.9592
v  62.3683 13.1803 -62.8046
v  66.2234 14.0896 -67.2520
v  56.5719 9.4059 -51.8517
v  56.5979 11.3447 -52.1226
v  59.1910 11.0616 -57.7708
v  59.2588 9.1487 -57.7336
v  56.6538 13.1803 -52.3860
v  59.1482 12.8772 -57.7943
v  54.0106 11.4314 -39.4362
v  54.0584 13.5729 -40.2425
v  54.8744 12.1937 -46.2185
v  54.8095 10.1772 -45.6891
v  54.1498 15.5659 -41.0466
v  54.9754 14.0896 -46.7446
v  55.3985 15.2354 -27.4153
v  55.2430 17.7496 -28.7992
v  54.1879 15.4465 -34.3780
v  54.2141 13.1369 -33.2837
v  55.1502 20.0329 -30.1742
v  54.2141 17.5702 -35.4683
v  60.5652 20.3573 -17.2370
v  59.9969 23.3640 -19.1663
v  57.2038 20.4173 -23.6800
v  57.5419 17.6683 -22.0145
v  59.5165 26.0327 -21.0699
v  56.9403 22.8842 -25.3290
v  68.8862 26.1796 -10.1264
v  67.7409 29.7400 -12.4951
v  63.5488 26.5039 -15.4042
v  64.3891 23.2241 -13.2380
v  66.7134 32.8433 -14.8159
v  62.8109 29.3869 -17.5340
v  79.3576 32.0010 -6.9397
v  77.5404 36.1122 -9.5844
v  72.4547 32.9751 -10.5404
v  73.9291 29.1349 -8.0107
v  75.8722 39.6487 -12.1579
v  71.1138 36.2984 -13.0104
v  90.7168 37.1199 -8.0608
v  88.2150 41.7147 -10.7832
v  82.8482 39.0539 -9.6715
v  85.0114 34.6887 -6.9621
v  85.8911 45.6324 -13.4135
v  80.8490 42.7905 -12.2987
v  101.5944 40.9194 -13.3543
v  98.4798 45.8732 -15.9467
v  93.4778 44.0091 -12.9013
v  96.2999 39.2162 -10.2185
v  95.5654 50.0741 -18.4314
v  90.8458 48.0830 -15.4833
v  110.6791 42.9410 -22.1820
v  107.0993 48.0860 -24.4529
v  103.0641 47.2435 -19.8406
v  106.4338 42.1713 -17.3871
v  103.7321 52.4379 -26.6078
v  99.9023 51.5379 -22.1812
v  116.8757 42.9410 -33.4796
v  113.0367 48.0860 -35.2778
v  110.4538 48.3669 -29.6538
v  114.1913 43.1976 -27.6038
v  109.4097 52.4379 -36.9591
v  106.9301 52.7379 -31.5864
v  119.4372 40.9194 -45.8852
v  115.5771 45.8732 -47.1183
v  114.7574 47.2435 -41.1596
v  118.6374 42.1713 -39.6367
v  111.9153 50.0742 -48.2406
v  111.0842 51.5379 -42.5679
v  118.0548 37.1199 -57.9032
v  114.4144 41.7147 -58.5496
v  115.4568 44.0091 -52.9732
v  119.2360 39.2162 -52.0353
v  110.9473 45.6324 -59.0957
v  111.8648 48.0830 -53.8050
v  112.8950 32.0010 -68.0848
v  109.6881 36.1122 -68.1957
v  112.4674 39.0539 -63.6729
v  115.9148 34.6887 -63.3049
v  106.6213 39.6487 -68.2193
v  109.1774 42.7905 -63.9468
v  106.1485 32.9752 -71.9706
v  109.0742 29.1349 -72.0869
v  103.3448 36.2984 -71.7738
v  95.9168 9.8319 -77.5232
v  101.7846 11.2899 -76.2153
v  107.2783 12.7932 -73.8520
v  83.7664 7.2277 -76.8150
v  89.8487 8.4645 -77.7195
v  72.2928 5.2948 -71.8129
v  77.8559 6.1612 -74.8206
v  62.8797 4.2663 -63.1201
v  67.2527 4.6579 -67.8683
v  56.6626 4.2663 -51.7851
v  59.3180 4.1358 -57.7012
v  54.3913 5.2948 -39.1751
v  55.0088 4.6579 -45.5454
v  56.3398 7.2277 -26.8111
v  54.8450 6.1612 -32.8673
v  62.2731 9.8319 -16.1843
v  58.8462 8.4645 -21.1959
v  71.4754 12.7932 -8.5765
v  66.5298 11.2899 -11.9390
v  82.8370 15.7546 -4.9052
v  76.9691 14.2966 -6.2131
v  94.9873 18.3588 -5.6134
v  88.9050 17.1220 -4.7089
v  106.4610 20.2917 -10.6155
v  100.8978 19.4252 -7.6078
v  115.8740 21.3202 -19.3083
v  111.5010 20.9286 -14.5601
v  122.0911 21.3202 -30.6433
v  119.4357 21.4507 -24.7272
v  124.3624 20.2917 -43.2533
v  123.7449 20.9286 -36.8830
v  122.4139 18.3588 -55.6173
v  123.9088 19.4252 -49.5611
v  116.4807 15.7546 -66.2441
v  119.9076 17.1220 -61.2325
v  112.2240 14.2966 -70.4894
v  98.6741 -4.4149 -74.5653
v  92.8784 -4.4149 -75.9869
v  104.1380 -4.4149 -72.1661
v  104.3140 -4.9541 -72.4870
v  98.7917 -4.9541 -74.9119
v  92.9341 -4.9541 -76.3488
v  86.9234 -4.4149 -76.3727
v  80.9911 -4.4149 -75.7264
v  86.9154 -4.9541 -76.7386
v  80.9196 -4.9541 -76.0854
v  75.2633 -4.4149 -74.0521
v  69.9097 -4.4149 -71.4158
v  75.1306 -4.9541 -74.3932
v  69.7198 -4.9541 -71.7287
v  65.1000 -4.4149 -67.8835
v  60.9710 -4.4149 -63.5751
v  64.8587 -4.9541 -68.1586
v  60.6855 -4.9541 -63.8042
v  57.6595 -4.4149 -58.6108
v  55.2530 -4.4149 -53.1501
v  57.3386 -4.9541 -58.7869
v  54.9063 -4.9541 -53.2677
v  53.8391 -4.4149 -47.3526
v  53.4454 -4.4149 -41.3981
v  53.4773 -4.9541 -47.4082
v  53.0794 -4.9541 -41.3901
v  54.0996 -4.4149 -35.4666
v  55.7662 -4.4149 -29.7366
v  53.7406 -4.9541 -35.3952
v  55.4251 -4.9541 -29.6039
v  58.4097 -4.4149 -24.3866
v  61.9356 -4.4149 -19.5722
v  58.0968 -4.9541 -24.1967
v  61.6604 -4.9541 -19.3308
v  66.2494 -4.4149 -15.4489
v  71.2093 -4.4149 -12.1307
v  66.0203 -4.9541 -15.1634
v  71.0332 -4.9541 -11.8098
v  76.6732 -4.4149 -9.7316
v  82.4689 -4.4149 -8.3099
v  76.5556 -4.9541 -9.3849
v  82.4132 -4.9541 -7.9481
v  88.4238 -4.4149 -7.9242
v  94.3562 -4.4149 -8.5704
v  88.4319 -4.9541 -7.5582
v  94.4277 -4.9541 -8.2114
v  100.0840 -4.4149 -10.2447
v  105.4375 -4.4149 -12.8810
v  100.2167 -4.9541 -9.9036
v  105.6275 -4.9541 -12.5681
v  110.2473 -4.4149 -16.4133
v  114.3763 -4.4149 -20.7217
v  110.4886 -4.9541 -16.1382
v  114.6618 -4.9541 -20.4926
v  117.6878 -4.4149 -25.6860
v  120.0943 -4.4149 -31.1467
v  118.0087 -4.9541 -25.5100
v  120.4409 -4.9541 -31.0291
v  121.5082 -4.4149 -36.9442
v  121.9019 -4.4149 -42.8987
v  121.8700 -4.9541 -36.8886
v  122.2679 -4.9541 -42.9067
v  121.2477 -4.4149 -48.8302
v  119.5811 -4.4149 -54.5602
v  121.6067 -4.9541 -48.9016
v  119.9222 -4.9541 -54.6929
v  116.9376 -4.4149 -59.9102
v  113.4117 -4.4149 -64.7247
v  117.2505 -4.9541 -60.1001
v  113.6869 -4.9541 -64.9660
v  109.0979 -4.4149 -68.8479
v  109.3270 -4.9541 -69.1334
v  98.6250 -5.5370 -74.4206
v  92.8552 -5.5370 -75.8359
v  104.0645 -5.5370 -72.0321
v  101.9295 -5.8729 -68.1395
v  95.7327 -5.9905 -65.8974
v  92.1803 -5.8729 -71.4478
v  86.9268 -5.5370 -76.2199
v  81.0209 -5.5370 -75.5765
v  87.1240 -5.9905 -67.2215
v  81.8875 -5.8729 -71.2222
v  75.3187 -5.5370 -73.9097
v  69.9890 -5.5370 -71.2851
v  78.5817 -5.9905 -65.5214
v  72.2926 -5.8729 -67.4898
v  65.2008 -5.5370 -67.7686
v  61.0902 -5.5370 -63.4795
v  71.1360 -5.9905 -61.0022
v  64.5529 -5.8729 -60.7009
v  57.7935 -5.5370 -58.5373
v  55.3977 -5.5370 -53.1010
v  65.6849 -5.9905 -54.2090
v  59.6019 -5.8729 -51.6743
v  53.9901 -5.5370 -47.3293
v  53.5982 -5.5370 -41.4015
v  62.8860 -5.9905 -45.9610
v  58.0368 -5.8729 -41.4988
v  54.2495 -5.5370 -35.4965
v  55.9087 -5.5370 -29.7920
v  63.0769 -5.9905 -37.2533
v  60.0463 -5.8729 -31.4016
v  58.5403 -5.5370 -24.4659
v  62.0505 -5.5370 -19.6729
v  66.2345 -5.9905 -29.1359
v  65.3881 -5.8729 -22.6006
v  66.3451 -5.5370 -15.5681
v  71.2828 -5.5370 -12.2647
v  71.9780 -5.9905 -22.5880
v  73.4178 -5.8729 -16.1573
v  76.7223 -5.5370 -9.8763
v  82.4921 -5.5370 -8.4609
v  79.6146 -5.9905 -18.3994
v  83.1670 -5.8729 -12.8490
v  88.4205 -5.5370 -8.0769
v  94.3264 -5.5370 -8.7203
v  88.2233 -5.9905 -17.0753
v  93.4598 -5.8729 -13.0746
v  100.0286 -5.5370 -10.3871
v  105.3582 -5.5370 -13.0117
v  96.7656 -5.9905 -18.7754
v  103.0547 -5.8729 -16.8070
v  110.1465 -5.5370 -16.5282
v  114.2571 -5.5370 -20.8173
v  104.2113 -5.9905 -23.2946
v  110.7944 -5.8729 -23.5959
v  117.5538 -5.5370 -25.7595
v  119.9496 -5.5370 -31.1958
v  109.6624 -5.9905 -30.0878
v  115.7453 -5.8729 -32.6225
v  121.3572 -5.5370 -36.9675
v  121.7491 -5.5370 -42.8953
v  112.4613 -5.9905 -38.3358
v  117.3105 -5.8729 -42.7980
v  121.0978 -5.5370 -48.8004
v  119.4386 -5.5370 -54.5048
v  112.2704 -5.9905 -47.0436
v  115.3010 -5.8729 -52.8953
v  116.8070 -5.5370 -59.8309
v  113.2968 -5.5370 -64.6239
v  109.1128 -5.9905 -55.1609
v  109.9592 -5.8729 -61.6962
v  109.0022 -5.5370 -68.7287
v  103.3693 -5.9905 -61.7088
v  87.6736 -6.1417 -42.1484
v  98.1658 34.5580 -74.5329
v  93.8818 31.0217 -76.2969
v  98.1465 34.3720 -74.2230
v  93.9016 30.8657 -75.9724
v  89.3039 27.4657 -76.7932
v  89.2424 27.5927 -77.1238
v  84.3841 24.3775 -76.9742
v  84.4887 24.2775 -76.6462
v  79.6040 21.3939 -75.5502
v  79.4565 21.4698 -75.8673
v  74.6094 18.9631 -73.8224
v  74.7980 18.9075 -73.5238
v  70.2142 16.8872 -70.6416
v  69.9877 16.9268 -70.9152
v  65.7363 15.4302 -67.2213
v  65.9965 15.4020 -66.9778
v  62.2671 14.4888 -62.6546
v  61.9779 14.5101 -62.8638
v  58.8353 14.2034 -57.9659
v  59.1485 14.1844 -57.7941
v  56.7259 14.4888 -52.5519
v  56.3940 14.5101 -52.6833
v  54.7394 15.4302 -47.1720
v  55.0846 15.4020 -47.0834
v  54.2619 16.8872 -41.5575
v  53.9094 16.9268 -41.6015
v  53.9419 18.9631 -36.1415
v  54.2950 18.9075 -36.1430
v  55.1693 21.3939 -31.0010
v  54.8226 21.4698 -30.9549
v  56.5376 24.3775 -26.2047
v  56.8704 24.2775 -26.2927
v  59.3345 27.4656 -22.1532
v  59.0226 27.5927 -22.0273
v  62.2135 31.0217 -18.5595
v  62.4978 30.8657 -18.7172
v  66.2545 34.3720 -16.0777
v  66.0035 34.5580 -15.8949
v  70.2860 38.0950 -14.1276
v  70.4993 37.8791 -14.3276
v  75.0968 41.2813 -13.5063
v  74.9247 41.5260 -13.2975
v  79.7831 44.7442 -13.4445
v  79.9122 44.4728 -13.6534
v  84.7971 47.3604 -14.7503
v  84.7114 47.6557 -14.5496
v  89.5599 50.1664 -16.5939
v  89.6030 49.8507 -16.7780
v  94.1861 51.8744 -19.6617
v  94.1834 52.2066 -19.5016
v  98.4367 53.7065 -23.1971
v  98.4026 53.3622 -23.3263
v  102.1306 54.2770 -27.6495
v  102.1970 54.6287 -27.5570
v  105.3414 54.9361 -32.4578
v  105.2482 54.5820 -32.5090
v  107.6704 54.2770 -37.7498
v  107.7842 54.6287 -37.7435
v  109.4398 53.7065 -43.2578
v  109.3125 53.3622 -43.2171
v  110.1366 51.8744 -48.7424
v  110.2701 52.2067 -48.8307
v  110.2372 50.1665 -54.2925
v  110.1051 49.8507 -54.1572
v  109.2320 47.3604 -59.2998
v  109.3552 47.6557 -59.4798
v  107.6383 44.7442 -64.2298
v  107.5315 44.4728 -64.0086
v  105.0674 41.2814 -68.1485
v  105.1510 41.5260 -68.4058
v  101.9578 38.0950 -71.8714
v  101.9038 37.8792 -71.5841
v  89.5093 27.1728 -76.8494
v  94.1225 30.5807 -76.0171
v  98.3804 34.0938 -74.2534
v  79.7705 21.0813 -75.6174
v  84.6759 23.9753 -76.7104
v  70.3324 16.5521 -70.6956
v  74.9412 18.5835 -73.5881
v  62.3339 14.1369 -62.6633
v  66.0884 15.0571 -67.0130
v  56.7544 14.1369 -52.4909
v  59.1934 13.8302 -57.7695
v  54.2799 16.5521 -41.4288
v  55.1043 15.0571 -46.9869
v  55.2021 21.0813 -30.8244
v  54.3178 18.5835 -35.9876
v  59.3974 27.1728 -21.9498
v  56.9169 23.9753 -26.1004
v  66.3546 34.0938 -15.8641
v  62.5787 30.5807 -18.5068
v  75.2352 41.0137 -13.2958
v  70.6186 37.6067 -14.1140
v  84.9711 47.1001 -14.5537
v  80.0689 44.2092 -13.4487
v  94.3905 51.6190 -19.4874
v  89.7929 49.5932 -16.5917
v  102.3591 54.0242 -27.5032
v  98.6198 53.1084 -23.1654
v  107.9166 54.0242 -37.6357
v  105.4863 54.3294 -32.3783
v  110.3934 51.6191 -48.6638
v  109.5649 53.1084 -43.1204
v  109.4912 47.1001 -59.2587
v  110.3642 49.5932 -54.0972
v  105.3193 41.0137 -68.1449
v  107.7883 44.2092 -63.9865
v  102.1480 37.6067 -71.5983
v  95.1241 18.2030 -78.5889
v  100.7411 20.8393 -77.4488
v  105.9674 23.5576 -75.2424
v  83.3953 13.4943 -77.5329
v  89.2823 15.7307 -78.6116
v  72.1957 9.9994 -72.2018
v  77.6426 11.5661 -75.3691
v  62.8762 8.1398 -63.2386
v  67.2260 8.8478 -68.1126
v  56.5608 8.1398 -51.7244
v  59.2889 7.9038 -57.7171
v  54.0112 9.9994 -39.0479
v  54.7885 8.8478 -45.4366
v  55.5350 13.4943 -26.7382
v  54.2678 11.5661 -32.7523
v  60.9484 18.2030 -16.2800
v  57.7895 15.7307 -21.1941
v  69.5984 23.5576 -8.9346
v  64.9288 20.8393 -12.1560
v  80.4417 28.9121 -5.5881
v  74.8246 26.2758 -6.7282
v  92.1704 33.6208 -6.6441
v  86.2835 31.3845 -5.5654
v  103.3700 37.1157 -11.9752
v  97.9231 35.5490 -8.8079
v  112.6896 38.9753 -20.9384
v  108.3397 38.2673 -16.0644
v  119.0050 38.9753 -32.4526
v  116.2769 39.2113 -26.4599
v  121.5546 37.1157 -45.1290
v  120.7772 38.2673 -38.7403
v  120.0308 33.6208 -57.4388
v  121.2980 35.5491 -51.4247
v  114.6174 28.9121 -67.8970
v  117.7763 31.3845 -62.9829
v  110.6370 26.2758 -72.0210
# 1262 vertices

vn 0.4730 -0.2409 -0.8475
vn 0.3179 -0.2228 -0.9216
vn 0.3267 -0.3103 -0.8927
vn 0.4818 -0.3034 -0.8221
vn 0.1514 -0.1921 -0.9696
vn 0.1612 -0.3044 -0.9388
vn 0.1748 -0.2809 -0.9437
vn 0.3450 -0.2737 -0.8978
vn 0.5039 -0.2550 -0.8253
vn -0.0223 -0.1470 -0.9889
vn -0.0112 -0.2818 -0.9594
vn -0.1979 -0.0879 -0.9763
vn -0.1868 -0.2394 -0.9528
vn -0.1818 -0.2455 -0.9522
vn -0.0025 -0.2726 -0.9621
vn -0.3678 -0.0175 -0.9297
vn -0.3602 -0.1758 -0.9162
vn -0.5238 0.0567 -0.8499
vn -0.5231 -0.0960 -0.8469
vn -0.5224 -0.1321 -0.8424
vn -0.3578 -0.1975 -0.9127
vn -0.6589 0.1234 -0.7421
vn -0.6657 -0.0140 -0.7460
vn -0.7709 0.1698 -0.6140
vn -0.7825 0.0485 -0.6208
vn -0.7846 -0.0041 -0.6200
vn -0.6667 -0.0608 -0.7428
vn -0.8614 0.1864 -0.4725
vn -0.8745 0.0719 -0.4797
vn -0.9321 0.1698 -0.3201
vn -0.9441 0.0485 -0.3262
vn -0.9445 -0.0041 -0.3284
vn -0.8766 0.0177 -0.4808
vn -0.9799 0.1234 -0.1568
vn -0.9869 -0.0140 -0.1604
vn -0.9983 0.0567 0.0151
vn -0.9953 -0.0960 0.0140
vn -0.9912 -0.1321 0.0122
vn -0.9848 -0.0608 -0.1630
vn -0.9817 -0.0175 0.1895
vn -0.9662 -0.1758 0.1886
vn -0.9296 -0.0879 0.3578
vn -0.9039 -0.2394 0.3545
vn -0.9007 -0.2455 0.3584
vn -0.9619 -0.1975 0.1888
vn -0.8459 -0.1470 0.5127
vn -0.8151 -0.2818 0.5062
vn -0.7363 -0.1921 0.6489
vn -0.7050 -0.3044 0.6405
vn -0.7019 -0.2809 0.6546
vn -0.8127 -0.2726 0.5150
vn -0.6063 -0.2228 0.7634
vn -0.5772 -0.3103 0.7553
vn -0.4605 -0.2409 0.8544
vn -0.4343 -0.3034 0.8481
vn -0.4251 -0.2550 0.8685
vn -0.5717 -0.2737 0.7735
vn -0.3030 -0.2484 0.9200
vn -0.2793 -0.2871 0.9163
vn -0.1377 -0.2479 0.9589
vn -0.1158 -0.2647 0.9574
vn -0.0993 -0.1969 0.9754
vn -0.2661 -0.2283 0.9365
vn 0.0311 -0.2417 0.9698
vn 0.0517 -0.2389 0.9697
vn 0.1991 -0.2322 0.9521
vn 0.2183 -0.2126 0.9524
vn 0.2370 -0.1314 0.9626
vn 0.0702 -0.1637 0.9840
vn 0.3613 -0.2213 0.9058
vn 0.3788 -0.1878 0.9062
vn 0.5130 -0.2109 0.8321
vn 0.5282 -0.1665 0.8326
vn 0.5430 -0.0780 0.8361
vn 0.3961 -0.1023 0.9125
vn 0.6494 -0.2023 0.7331
vn 0.6620 -0.1503 0.7342
vn 0.7662 -0.1968 0.6117
vn 0.7766 -0.1402 0.6143
vn 0.7857 -0.0485 0.6167
vn 0.6739 -0.0597 0.7364
vn 0.8600 -0.1948 0.4717
vn 0.8685 -0.1367 0.4764
vn 0.9277 -0.1968 0.3174
vn 0.9354 -0.1402 0.3247
vn 0.9424 -0.0485 0.3311
vn 0.8759 -0.0447 0.4804
vn 0.9672 -0.2023 0.1536
vn 0.9750 -0.1503 0.1637
vn 0.9774 -0.2109 -0.0146
vn 0.9860 -0.1665 -0.0021
vn 0.9969 -0.0780 0.0085
vn 0.9832 -0.0597 0.1724
vn 0.9580 -0.2213 -0.1821
vn 0.9678 -0.1878 -0.1677
vn 0.9099 -0.2322 -0.3438
vn 0.9205 -0.2126 -0.3278
vn 0.9391 -0.1314 -0.3175
vn 0.9824 -0.1023 -0.1564
vn 0.8346 -0.2417 -0.4950
vn 0.8455 -0.2389 -0.4775
vn 0.7346 -0.2479 -0.6315
vn 0.7451 -0.2647 -0.6122
vn 0.7692 -0.1969 -0.6080
vn 0.8675 -0.1637 -0.4697
vn 0.6130 -0.2484 -0.7500
vn 0.6225 -0.2871 -0.7280
vn 0.6467 -0.2283 -0.7278
vn 0.5554 -0.7599 -0.3378
vn 0.4719 -0.6100 -0.6366
vn 0.5880 -0.5246 -0.6157
vn 0.6386 -0.6992 -0.3214
vn 0.0754 -0.0054 -0.9971
vn 0.2098 0.0939 -0.9732
vn 0.3341 0.1962 -0.9219
vn 0.6950 -0.4364 -0.5713
vn 0.7151 -0.6368 -0.2881
vn 0.3789 -0.8692 -0.3175
vn 0.2271 -0.7627 -0.6055
vn 0.3504 -0.6902 -0.6331
vn 0.4679 -0.8172 -0.3365
vn -0.2083 -0.1827 -0.9608
vn -0.0655 -0.0985 -0.9930
vn 0.2079 -0.9509 -0.2294
vn -0.0097 -0.8762 -0.4819
vn 0.1059 -0.8254 -0.5545
vn 0.2914 -0.9143 -0.2814
vn -0.4828 -0.3144 -0.8174
vn -0.3489 -0.2553 -0.9017
vn 0.0634 -0.9944 -0.0845
vn -0.2099 -0.9366 -0.2807
vn -0.1160 -0.9137 -0.3896
vn 0.1311 -0.9779 -0.1630
vn -0.7149 -0.3844 -0.5840
vn -0.6061 -0.3577 -0.7104
vn -0.0372 -0.9944 0.0989
vn -0.3495 -0.9366 -0.0262
vn -0.2885 -0.9443 -0.1582
vn 0.0067 -1.0000 0.0037
vn -0.8768 -0.3844 -0.2890
vn -0.8061 -0.3932 -0.4422
vn -0.0817 -0.9509 0.2986
vn -0.4116 -0.8762 0.2508
vn -0.3909 -0.9137 0.1116
vn -0.0670 -0.9779 0.1982
vn -0.9488 -0.3144 0.0322
vn -0.9248 -0.3577 -0.1293
vn -0.0641 -0.8692 0.4902
vn -0.3885 -0.7627 0.5170
vn -0.4107 -0.8254 0.3874
vn -0.0807 -0.9143 0.3970
vn -0.9222 -0.1827 0.3407
vn -0.9479 -0.2553 0.1904
vn 0.0137 -0.7599 0.6499
vn -0.2832 -0.6100 0.7401
vn -0.3455 -0.6902 0.6358
vn -0.0323 -0.8172 0.5754
vn -0.8004 -0.0054 0.5995
vn -0.8726 -0.0985 0.4784
vn 0.1414 -0.6368 0.7579
vn -0.1082 -0.4364 0.8932
vn -0.2032 -0.5246 0.8268
vn 0.0722 -0.6991 0.7113
vn -0.5979 0.1962 0.7772
vn -0.7079 0.0939 0.7000
vn 0.3026 -0.5152 0.8019
vn 0.1150 -0.2630 0.9579
vn -0.0010 -0.3484 0.9373
vn 0.2190 -0.5749 0.7884
vn -0.3392 0.3979 0.8524
vn -0.4738 0.2987 0.8285
vn 0.4772 -0.4095 0.7776
vn 0.3597 -0.1107 0.9265
vn 0.2365 -0.1831 0.9542
vn 0.3895 -0.4595 0.7982
vn -0.0555 0.5752 0.8161
vn -0.1984 0.4911 0.8482
vn 0.6445 -0.3317 0.6889
vn 0.5962 0.0024 0.8029
vn 0.4808 -0.0483 0.8755
vn 0.5630 -0.3665 0.7407
vn 0.2190 0.7068 0.6727
vn 0.0850 0.6479 0.7570
vn 0.7851 -0.2906 0.5469
vn 0.7961 0.0625 0.6019
vn 0.7024 0.0396 0.7107
vn 0.7192 -0.3062 0.6236
vn 0.4511 0.7768 0.4393
vn 0.3422 0.7503 0.5657
vn 0.8832 -0.2906 0.3682
vn 0.9355 0.0625 0.3478
vn 0.8746 0.0701 0.4797
vn 0.8403 -0.2854 0.4609
vn 0.6130 0.7768 0.1443
vn 0.5422 0.7858 0.2974
vn 0.9273 -0.3317 0.1732
vn 0.9975 0.0024 0.0712
vn 0.9768 0.0396 0.2103
vn 0.9125 -0.3062 0.2713
vn 0.6849 0.7068 -0.1769
vn 0.6609 0.7503 -0.0155
vn 0.9122 -0.4095 -0.0155
vn 0.9746 -0.1107 -0.1947
vn 0.9967 -0.0483 -0.0651
vn 0.9273 -0.3665 0.0767
vn 0.6584 0.5752 -0.4854
vn 0.6840 0.6479 -0.3352
vn 0.8388 -0.5152 -0.1758
vn 0.8696 -0.2630 -0.4178
vn 0.9318 -0.1831 -0.3134
vn 0.8825 -0.4595 -0.1005
vn 0.5365 0.3979 -0.7442
vn 0.6087 0.4911 -0.6232
vn 0.7899 -0.3484 -0.5046
vn 0.7825 -0.5749 -0.2390
vn 0.4440 0.2987 -0.8448
vn -0.2999 0.6465 -0.7015
vn -0.2386 0.6970 -0.6762
vn -0.3662 0.5975 -0.7134
vn -0.5292 0.7894 -0.3111
vn -0.5266 0.7914 -0.3104
vn -0.5240 0.7934 -0.3096
vn -0.4358 0.5516 -0.7112
vn -0.5062 0.5100 -0.6954
vn -0.5349 0.7858 -0.3104
vn -0.5321 0.7876 -0.3108
vn -0.5756 0.4742 -0.6662
vn -0.6417 0.4450 -0.6246
vn -0.5404 0.7832 -0.3075
vn -0.5377 0.7845 -0.3090
vn -0.7025 0.4237 -0.5718
vn -0.7563 0.4105 -0.5095
vn -0.5451 0.7818 -0.3028
vn -0.5428 0.7824 -0.3052
vn -0.8012 0.4062 -0.4394
vn -0.8361 0.4105 -0.3639
vn -0.5483 0.7818 -0.2969
vn -0.5468 0.7817 -0.2999
vn -0.8598 0.4237 -0.2851
vn -0.8716 0.4450 -0.2054
vn -0.5498 0.7832 -0.2905
vn -0.5491 0.7824 -0.2937
vn -0.8712 0.4742 -0.1273
vn -0.8586 0.5100 -0.0531
vn -0.5492 0.7858 -0.2843
vn -0.5496 0.7845 -0.2873
vn -0.8340 0.5516 0.0148
vn -0.7984 0.5975 0.0746
vn -0.5468 0.7894 -0.2791
vn -0.5481 0.7876 -0.2816
vn -0.7527 0.6465 0.1241
vn -0.6985 0.6970 0.1623
vn -0.5427 0.7934 -0.2755
vn -0.5448 0.7914 -0.2772
vn -0.6372 0.7475 0.1874
vn -0.5708 0.7965 0.1994
vn -0.5375 0.7975 -0.2740
vn -0.5402 0.7955 -0.2747
vn -0.5014 0.8425 0.1972
vn -0.4308 0.8840 0.1815
vn -0.5318 0.8010 -0.2747
vn -0.5347 0.7993 -0.2743
vn -0.3615 0.9199 0.1522
vn -0.2954 0.9489 0.1107
vn -0.5263 0.8037 -0.2776
vn -0.5291 0.8024 -0.2761
vn -0.2346 0.9704 0.0578
vn -0.1808 0.9835 -0.0045
vn -0.5217 0.8051 -0.2823
vn -0.5240 0.8044 -0.2799
vn -0.1359 0.9879 -0.0746
vn -0.1010 0.9835 -0.1501
vn -0.5184 0.8051 -0.2882
vn -0.5200 0.8051 -0.2852
vn -0.0774 0.9704 -0.2289
vn -0.0654 0.9489 -0.3086
vn -0.5170 0.8037 -0.2946
vn -0.5176 0.8044 -0.2914
vn -0.0660 0.9199 -0.3867
vn -0.0785 0.8840 -0.4608
vn -0.5175 0.8010 -0.3008
vn -0.5172 0.8024 -0.2978
vn -0.1032 0.8425 -0.5288
vn -0.1387 0.7965 -0.5885
vn -0.5200 0.7975 -0.3060
vn -0.5187 0.7993 -0.3035
vn -0.1844 0.7475 -0.6381
vn -0.5219 0.7955 -0.3079
vn -0.6345 0.7583 0.1493
vn -0.6912 0.7116 0.1257
vn -0.5731 0.8037 0.1600
vn -0.4938 0.6471 0.5809
vn -0.6041 0.5656 0.5614
vn -0.7060 0.4817 0.5192
vn -0.5087 0.8463 0.1584
vn -0.4435 0.8847 0.1435
vn -0.2611 0.7925 0.5511
vn -0.3782 0.7234 0.5776
vn -0.3792 0.9179 0.1167
vn -0.3181 0.9448 0.0779
vn -0.0360 0.9005 0.4335
vn -0.1458 0.8520 0.5028
vn -0.2616 0.9647 0.0292
vn -0.2121 0.9768 -0.0287
vn 0.1544 0.9579 0.2421
vn 0.0652 0.9360 0.3458
vn -0.1702 0.9810 -0.0934
vn -0.1381 0.9768 -0.1634
vn 0.2871 0.9579 0.0001
vn 0.2293 0.9652 0.1258
vn -0.1160 0.9647 -0.2363
vn -0.1053 0.9448 -0.3101
vn 0.3462 0.9005 -0.2633
vn 0.3267 0.9360 -0.1309
vn -0.1054 0.9179 -0.3825
vn -0.1174 0.8847 -0.4511
vn 0.3244 0.7925 -0.5164
vn 0.3456 0.8520 -0.3931
vn -0.1399 0.8463 -0.5141
vn -0.1730 0.8037 -0.5693
vn 0.2245 0.6471 -0.7286
vn 0.2838 0.7234 -0.6294
vn -0.2151 0.7583 -0.6154
vn -0.2655 0.7116 -0.6505
vn 0.0584 0.4817 -0.8744
vn 0.1487 0.5656 -0.8112
vn -0.3221 0.6648 -0.6740
vn -0.3837 0.6195 -0.6848
vn -0.1538 0.3163 -0.9361
vn -0.0433 0.3976 -0.9165
vn -0.4480 0.5768 -0.6831
vn -0.5133 0.5385 -0.6682
vn -0.3865 0.1709 -0.9063
vn -0.2692 0.2398 -0.9328
vn -0.5775 0.5051 -0.6414
vn -0.6387 0.4784 -0.6027
vn -0.6116 0.0629 -0.7887
vn -0.5017 0.1111 -0.8579
vn -0.6950 0.4584 -0.5539
vn -0.7447 0.4464 -0.4961
vn -0.8020 0.0055 -0.5973
vn -0.7127 0.0271 -0.7010
vn -0.7864 0.4421 -0.4313
vn -0.8186 0.4464 -0.3613
vn -0.9347 0.0055 -0.3553
vn -0.8768 -0.0020 -0.4809
vn -0.8407 0.4584 -0.2884
vn -0.8515 0.4784 -0.2146
vn -0.9938 0.0629 -0.0919
vn -0.9742 0.0271 -0.2243
vn -0.8512 0.5051 -0.1423
vn -0.8394 0.5385 -0.0737
vn -0.9720 0.1709 0.1612
vn -0.9931 0.1111 0.0380
vn -0.8168 0.5768 -0.0106
vn -0.7837 0.6195 0.0445
vn -0.8721 0.3163 0.3734
vn -0.9313 0.2398 0.2743
vn -0.7415 0.6648 0.0906
vn -0.7962 0.3976 0.4561
vn -0.5228 0.3873 0.7594
vn -0.6421 0.2890 0.7100
vn -0.3935 0.4828 0.7824
vn -0.3857 0.4704 0.7937
vn -0.5159 0.3743 0.7705
vn -0.6361 0.2752 0.7209
vn -0.2581 0.5723 0.7784
vn -0.1208 0.6532 0.7475
vn -0.1111 0.6421 0.7586
vn -0.2493 0.5606 0.7897
vn 0.0143 0.7230 0.6907
vn 0.1430 0.7797 0.6096
vn 0.1546 0.7695 0.6197
vn 0.0250 0.7124 0.7013
vn 0.2616 0.8214 0.5068
vn 0.3662 0.8470 0.3853
vn 0.3793 0.8373 0.3938
vn 0.2740 0.8115 0.5161
vn 0.4538 0.8556 0.2489
vn 0.5217 0.8470 0.1017
vn 0.5360 0.8373 0.1082
vn 0.4676 0.8459 0.2565
vn 0.5679 0.8214 -0.0518
vn 0.5909 0.7797 -0.2070
vn 0.6057 0.7695 -0.2027
vn 0.5825 0.8115 -0.0464
vn 0.5901 0.7230 -0.3591
vn 0.5654 0.6532 -0.5036
vn 0.5800 0.6421 -0.5014
vn 0.6048 0.7124 -0.3559
vn 0.5177 0.5723 -0.6360
vn 0.4483 0.4828 -0.7523
vn 0.4620 0.4704 -0.7518
vn 0.5319 0.5606 -0.6347
vn 0.3594 0.3873 -0.8490
vn 0.2536 0.2890 -0.9231
vn 0.2660 0.2752 -0.9238
vn 0.3725 0.3743 -0.8492
vn 0.1343 0.1905 -0.9725
vn 0.0050 0.0951 -0.9955
vn 0.0156 0.0801 -0.9967
vn 0.1459 0.1761 -0.9735
vn -0.1303 0.0056 -0.9915
vn -0.2677 -0.0753 -0.9606
vn -0.2590 -0.0916 -0.9615
vn -0.1207 -0.0101 -0.9926
vn -0.4027 -0.1452 -0.9037
vn -0.5315 -0.2018 -0.8227
vn -0.5247 -0.2190 -0.8227
vn -0.3950 -0.1619 -0.9043
vn -0.6500 -0.2436 -0.7198
vn -0.7547 -0.2691 -0.5984
vn -0.7494 -0.2868 -0.5968
vn -0.6440 -0.2610 -0.7191
vn -0.8423 -0.2778 -0.4620
vn -0.9102 -0.2691 -0.3148
vn -0.9060 -0.2868 -0.3112
vn -0.8376 -0.2955 -0.4594
vn -0.9564 -0.2436 -0.1612
vn -0.9794 -0.2018 -0.0061
vn -0.9757 -0.2190 -0.0003
vn -0.9525 -0.2610 -0.1566
vn -0.9786 -0.1452 0.1461
vn -0.9539 -0.0753 0.2905
vn -0.9500 -0.0916 0.2984
vn -0.9749 -0.1619 0.1529
vn -0.9061 0.0056 0.4230
vn -0.8368 0.0951 0.5392
vn -0.8321 0.0801 0.5488
vn -0.9019 -0.0101 0.4317
vn -0.7478 0.1905 0.6360
vn -0.7425 0.1761 0.6462
vn -0.4656 0.6009 0.6497
vn -0.5823 0.5129 0.6308
vn -0.5505 0.7503 0.3661
vn -0.6366 0.6840 0.3560
vn -0.7173 0.6146 0.3282
vn -0.6902 0.4218 0.5880
vn -0.2205 0.7574 0.6146
vn -0.3438 0.6832 0.6442
vn -0.3721 0.8663 0.3334
vn -0.4614 0.8116 0.3583
vn 0.0158 0.8729 0.4877
vn -0.0995 0.8212 0.5619
vn -0.2024 0.9503 0.2364
vn -0.2850 0.9129 0.2922
vn 0.2157 0.9341 0.2845
vn 0.1219 0.9109 0.3943
vn -0.0596 0.9944 0.0874
vn -0.1267 0.9777 0.1674
vn 0.3558 0.9341 0.0290
vn 0.2944 0.9419 0.1615
vn 0.0417 0.9944 -0.0972
vn -0.0030 1.0000 -0.0017
vn 0.4198 0.8729 -0.2488
vn 0.3980 0.9109 -0.1091
vn 0.0906 0.9503 -0.2977
vn 0.0731 0.9777 -0.1968
vn 0.3997 0.7574 -0.5163
vn 0.4203 0.8212 -0.3859
vn 0.0812 0.8663 -0.4929
vn 0.0933 0.9129 -0.3974
vn 0.2976 0.6009 -0.7418
vn 0.3584 0.6832 -0.6362
vn 0.0128 0.7503 -0.6609
vn 0.0541 0.8116 -0.5817
vn 0.1249 0.4218 -0.8980
vn 0.2190 0.5129 -0.8300
vn -0.1087 0.6146 -0.7813
vn -0.0419 0.6840 -0.7282
vn -0.0984 0.2414 -0.9654
vn 0.0180 0.3304 -0.9437
vn -0.2712 0.4745 -0.8374
vn -0.1859 0.5440 -0.8182
vn -0.3455 0.0815 -0.9349
vn -0.2208 0.1576 -0.9625
vn -0.4561 0.3475 -0.8193
vn -0.3623 0.4083 -0.8379
vn -0.5863 -0.0378 -0.8092
vn -0.4686 0.0157 -0.8833
vn -0.6399 0.2509 -0.7263
vn -0.5497 0.2945 -0.7817
vn -0.7909 -0.1015 -0.6034
vn -0.6949 -0.0773 -0.7150
vn -0.7981 0.1987 -0.5688
vn -0.7237 0.2186 -0.6545
vn -0.9340 -0.1015 -0.3427
vn -0.8715 -0.1097 -0.4780
vn -0.9086 0.1987 -0.3673
vn -0.8605 0.1920 -0.4720
vn -0.9975 -0.0378 -0.0594
vn -0.9764 -0.0773 -0.2017
vn -0.9564 0.2509 -0.1493
vn -0.9409 0.2186 -0.2585
vn -0.9740 0.0815 0.2111
vn -0.9967 0.0157 0.0796
vn -0.9360 0.3475 0.0557
vn -0.9547 0.2945 -0.0434
vn -0.8670 0.2414 0.4359
vn -0.9303 0.1576 0.3311
vn -0.8520 0.4745 0.2214
vn -0.9013 0.4083 0.1449
vn -0.7861 0.3304 0.5224
vn -0.7899 0.5440 0.2830
vn -0.5753 0.8111 0.1061
vn -0.6280 0.7740 0.0806
vn -0.5783 0.8153 -0.0308
vn -0.5693 0.7982 -0.1970
vn -0.6501 0.7582 -0.0493
vn -0.6826 0.7259 0.0850
vn -0.4625 0.8827 0.0830
vn -0.5217 0.8494 0.0797
vn -0.5006 0.8646 -0.0429
vn -0.5402 0.8185 -0.1955
vn -0.3567 0.9340 0.0209
vn -0.4162 0.9085 0.0386
vn -0.4264 0.9007 -0.0836
vn -0.5105 0.8350 -0.2055
vn -0.2682 0.9606 -0.0725
vn -0.3224 0.9459 -0.0364
vn -0.3640 0.9196 -0.1476
vn -0.4837 0.8457 -0.2257
vn -0.2053 0.9606 -0.1872
vn -0.2493 0.9587 -0.1368
vn -0.3201 0.9196 -0.2276
vn -0.4628 0.8494 -0.2538
vn -0.1741 0.9340 -0.3120
vn -0.2040 0.9459 -0.2523
vn -0.2997 0.9007 -0.3147
vn -0.4503 0.8457 -0.2865
vn -0.1786 0.8827 -0.4347
vn -0.1911 0.9085 -0.3717
vn -0.3052 0.8646 -0.3991
vn -0.4476 0.8350 -0.3200
vn -0.2197 0.8111 -0.5421
vn -0.2132 0.8494 -0.4827
vn -0.3367 0.8153 -0.4711
vn -0.4552 0.8185 -0.3504
vn -0.2952 0.7259 -0.6213
vn -0.2696 0.7740 -0.5729
vn -0.3910 0.7582 -0.5217
vn -0.4721 0.7982 -0.3741
vn -0.3983 0.6364 -0.6606
vn -0.3558 0.6900 -0.6303
vn -0.4620 0.7003 -0.5442
vn -0.4966 0.7763 -0.3883
vn -0.5175 0.5540 -0.6521
vn -0.4633 0.6073 -0.6454
vn -0.5411 0.6487 -0.5352
vn -0.5257 0.7555 -0.3910
vn -0.6376 0.4906 -0.5940
vn -0.5790 0.5371 -0.6134
vn -0.6184 0.6101 -0.4953
vn -0.5562 0.7383 -0.3816
vn -0.7415 0.4559 -0.4923
vn -0.6873 0.4898 -0.5363
vn -0.6841 0.5895 -0.4295
vn -0.5840 0.7269 -0.3613
vn -0.8136 0.4559 -0.3607
vn -0.7724 0.4731 -0.4237
vn -0.7299 0.5895 -0.3460
vn -0.6058 0.7229 -0.3323
vn -0.8436 0.4906 -0.2185
vn -0.8217 0.4898 -0.2914
vn -0.7501 0.6101 -0.2553
vn -0.6186 0.7269 -0.2984
vn -0.8280 0.5540 -0.0860
vn -0.8285 0.5371 -0.1586
vn -0.7421 0.6487 -0.1687
vn -0.6208 0.7383 -0.2639
vn -0.7711 0.6364 0.0192
vn -0.7932 0.6073 -0.0438
vn -0.7072 0.7003 -0.0971
vn -0.6123 0.7555 -0.2332
vn -0.7227 0.6900 0.0387
vn -0.5943 0.7763 -0.2101
vn -0.5340 0.7931 -0.2929
vn 0.3218 -0.0407 -0.9459
vn 0.1518 0.0091 -0.9884
vn 0.4807 -0.0856 -0.8727
vn 0.4781 0.0004 -0.8783
vn 0.3182 0.0422 -0.9471
vn 0.1487 0.0824 -0.9854
vn -0.0230 0.0620 -0.9978
vn -0.1957 0.1156 -0.9738
vn -0.0242 0.1196 -0.9925
vn -0.1950 0.1527 -0.9689
vn -0.3594 0.1665 -0.9182
vn -0.5089 0.2110 -0.8346
vn -0.3582 0.1807 -0.9160
vn -0.5092 0.2030 -0.8364
vn -0.6404 0.2454 -0.7277
vn -0.7521 0.2672 -0.6024
vn -0.6440 0.2192 -0.7329
vn -0.7595 0.2290 -0.6089
vn -0.8431 0.2746 -0.4624
vn -0.9123 0.2672 -0.3105
vn -0.8528 0.2323 -0.4677
vn -0.9217 0.2290 -0.3132
vn -0.9579 0.2454 -0.1489
vn -0.9773 0.2110 0.0194
vn -0.9642 0.2192 -0.1492
vn -0.9790 0.2030 0.0202
vn -0.9675 0.1665 0.1904
vn -0.9264 0.1156 0.3584
vn -0.9650 0.1807 0.1903
vn -0.9218 0.1527 0.3563
vn -0.8538 0.0620 0.5169
vn -0.7519 0.0091 0.6592
vn -0.8500 0.1196 0.5130
vn -0.7511 0.0824 0.6550
vn -0.6247 -0.0407 0.7798
vn -0.4776 -0.0856 0.8744
vn -0.6277 0.0422 0.7773
vn -0.4837 0.0004 0.8752
vn -0.3165 -0.1249 0.9403
vn -0.1472 -0.1584 0.9764
vn -0.3241 -0.0416 0.9451
vn -0.1546 -0.0823 0.9845
vn 0.0247 -0.1860 0.9822
vn 0.1940 -0.2082 0.9587
vn 0.0189 -0.1201 0.9926
vn 0.1903 -0.1540 0.9696
vn 0.3558 -0.2253 0.9070
vn 0.5059 -0.2380 0.8291
vn 0.3544 -0.1828 0.9170
vn 0.5063 -0.2058 0.8374
vn 0.6403 -0.2466 0.7275
vn 0.7554 -0.2517 0.6050
vn 0.6420 -0.2226 0.7337
vn 0.7582 -0.2328 0.6091
vn 0.8482 -0.2533 0.4652
vn 0.9162 -0.2517 0.3118
vn 0.8520 -0.2362 0.4673
vn 0.9211 -0.2328 0.3120
vn 0.9576 -0.2466 0.1489
vn 0.9711 -0.2380 -0.0190
vn 0.9638 -0.2226 0.1471
vn 0.9783 -0.2058 -0.0231
vn 0.9561 -0.2253 -0.1874
vn 0.9127 -0.2082 -0.3517
vn 0.9638 -0.1828 -0.1940
vn 0.9199 -0.1540 -0.3606
vn 0.8416 -0.1860 -0.5071
vn 0.7442 -0.1584 -0.6489
vn 0.8472 -0.1201 -0.5176
vn 0.7471 -0.0823 -0.6596
vn 0.6228 -0.1249 -0.7723
vn 0.6228 -0.0416 -0.7813
vn 0.3085 0.2248 -0.9243
vn 0.1430 0.2395 -0.9603
vn 0.4658 0.2097 -0.8597
vn 0.3791 0.6153 -0.6911
vn 0.2533 0.6152 -0.7466
vn 0.1198 0.6153 -0.7791
vn -0.0254 0.2530 -0.9671
vn -0.1919 0.2652 -0.9449
vn -0.0173 0.6152 -0.7882
vn -0.1539 0.6153 -0.7731
vn -0.3514 0.2754 -0.8948
vn -0.4996 0.2838 -0.8185
vn -0.2858 0.6152 -0.7347
vn -0.4090 0.6153 -0.6738
vn -0.6323 0.2898 -0.7185
vn -0.7461 0.2935 -0.5976
vn -0.5199 0.6152 -0.5927
vn -0.6148 0.6153 -0.4933
vn -0.8378 0.2947 -0.4595
vn -0.9050 0.2935 -0.3080
vn -0.6912 0.6152 -0.3791
vn -0.7464 0.6153 -0.2533
vn -0.9457 0.2898 -0.1471
vn -0.9587 0.2838 0.0186
vn -0.7792 0.6152 -0.1199
vn -0.7881 0.6153 0.0173
vn -0.9434 0.2754 0.1846
vn -0.9000 0.2652 0.3461
vn -0.7732 0.6152 0.1539
vn -0.7346 0.6153 0.2858
vn -0.8292 0.2530 0.4984
vn -0.7330 0.2395 0.6367
vn -0.6739 0.6152 0.4090
vn -0.5926 0.6154 0.5198
vn -0.6136 0.2248 0.7569
vn -0.4746 0.2097 0.8549
vn -0.4934 0.6152 0.6149
vn -0.3791 0.6154 0.6911
vn -0.3199 0.1942 0.9273
vn -0.1543 0.1793 0.9716
vn -0.2533 0.6152 0.7465
vn -0.1198 0.6153 0.7791
vn 0.0173 0.1651 0.9861
vn 0.1891 0.1524 0.9701
vn 0.0173 0.6152 0.7882
vn 0.1539 0.6153 0.7731
vn 0.3559 0.1413 0.9238
vn 0.5121 0.1324 0.8487
vn 0.2858 0.6152 0.7347
vn 0.4090 0.6154 0.6738
vn 0.6529 0.1258 0.7469
vn 0.7736 0.1218 0.6219
vn 0.5199 0.6152 0.5927
vn 0.6148 0.6154 0.4933
vn 0.8704 0.1204 0.4774
vn 0.9402 0.1218 0.3181
vn 0.6912 0.6152 0.3791
vn 0.7464 0.6154 0.2533
vn 0.9808 0.1258 0.1491
vn 0.9909 0.1324 -0.0243
vn 0.7792 0.6152 0.1199
vn 0.7881 0.6154 -0.0173
vn 0.9703 0.1413 -0.1964
vn 0.9197 0.1524 -0.3620
vn 0.7732 0.6152 -0.1539
vn 0.7346 0.6154 -0.2858
vn 0.8409 0.1651 -0.5155
vn 0.7364 0.1793 -0.6523
vn 0.6739 0.6152 -0.4090
vn 0.5926 0.6153 -0.5198
vn 0.6101 0.1942 -0.7682
vn 0.4934 0.6152 -0.6149
vn 0.1679 -0.1663 -0.9717
vn 0.1502 -0.1021 -0.9834
vn 0.3291 -0.0746 -0.9414
vn 0.3462 -0.1451 -0.9269
vn 0.1209 -0.0297 -0.9922
vn 0.2986 0.0037 -0.9544
vn 0.4656 0.0439 -0.8839
vn 0.4959 -0.0388 -0.8675
vn 0.5117 -0.1143 -0.8515
vn -0.2011 -0.1665 -0.9653
vn -0.2162 -0.1196 -0.9690
vn -0.0341 -0.1179 -0.9924
vn -0.0169 -0.1744 -0.9845
vn -0.2380 -0.0650 -0.9691
vn -0.0605 -0.0533 -0.9967
vn -0.5383 -0.1021 -0.8365
vn -0.5457 -0.0798 -0.8342
vn -0.3891 -0.1062 -0.9150
vn -0.3776 -0.1414 -0.9151
vn -0.5554 -0.0524 -0.8299
vn -0.4050 -0.0642 -0.9121
vn -0.7891 -0.0204 -0.6139
vn -0.7904 -0.0203 -0.6123
vn -0.6804 -0.0475 -0.7313
vn -0.6767 -0.0571 -0.7340
vn -0.7920 -0.0188 -0.6103
vn -0.6851 -0.0347 -0.7277
vn -0.9418 -0.0204 -0.3355
vn -0.9411 -0.0203 -0.3375
vn -0.8767 -0.0097 -0.4809
vn -0.8768 -0.0062 -0.4809
vn -0.9403 -0.0188 -0.3398
vn -0.8767 -0.0124 -0.4809
vn -0.9948 -0.1021 -0.0044
vn -0.9967 -0.0798 -0.0119
vn -0.9824 -0.0475 -0.1807
vn -0.9827 -0.0571 -0.1762
vn -0.9984 -0.0524 -0.0223
vn -0.9818 -0.0347 -0.1866
vn -0.9221 -0.1665 0.3493
vn -0.9333 -0.1196 0.3385
vn -0.9808 -0.1062 0.1637
vn -0.9746 -0.1414 0.1735
vn -0.9451 -0.0650 0.3202
vn -0.9868 -0.0642 0.1487
vn -0.7292 -0.1663 0.6638
vn -0.7485 -0.1021 0.6552
vn -0.8552 -0.1179 0.5047
vn -0.8393 -0.1744 0.5149
vn -0.7718 -0.0297 0.6352
vn -0.8730 -0.0533 0.4847
vn -0.4431 -0.1143 0.8892
vn -0.4651 -0.0388 0.8844
vn -0.6170 -0.0746 0.7835
vn -0.5956 -0.1451 0.7901
vn -0.4951 0.0439 0.8677
vn -0.6443 0.0037 0.7648
vn -0.1047 -0.0379 0.9938
vn -0.1251 0.0442 0.9912
vn -0.2990 0.0019 0.9543
vn -0.2774 -0.0774 0.9576
vn -0.1565 0.1327 0.9787
vn -0.3303 0.0879 0.9398
vn 0.2376 0.0377 0.9706
vn 0.2199 0.1230 0.9677
vn 0.0498 0.0854 0.9951
vn 0.0689 0.0013 0.9976
vn 0.1908 0.2142 0.9580
vn 0.0193 0.1754 0.9843
vn 0.5418 0.0952 0.8351
vn 0.5264 0.1817 0.8306
vn 0.3801 0.1555 0.9118
vn 0.3965 0.0694 0.9154
vn 0.5006 0.2738 0.8213
vn 0.3526 0.2473 0.9025
vn 0.7803 0.1256 0.6126
vn 0.7664 0.2123 0.6062
vn 0.6559 0.2007 0.7276
vn 0.6705 0.1141 0.7330
vn 0.7435 0.3046 0.5954
vn 0.6317 0.2930 0.7177
vn 0.9360 0.1256 0.3288
vn 0.9232 0.2123 0.3205
vn 0.8560 0.2162 0.4695
vn 0.8694 0.1295 0.4769
vn 0.9017 0.3046 0.3069
vn 0.8340 0.3085 0.4574
vn 0.9954 0.0952 0.0081
vn 0.9834 0.1817 -0.0025
vn 0.9662 0.2007 0.1621
vn 0.9786 0.1141 0.1715
vn 0.9616 0.2738 -0.0192
vn 0.9448 0.2930 0.1469
vn 0.9462 0.0377 -0.3213
vn 0.9343 0.1230 -0.3347
vn 0.9732 0.1555 -0.1696
vn 0.9851 0.0694 -0.1576
vn 0.9104 0.2142 -0.3540
vn 0.9506 0.2473 -0.1877
vn 0.7818 -0.0379 -0.6224
vn 0.7686 0.0442 -0.6382
vn 0.8659 0.0854 -0.4928
vn 0.8783 0.0013 -0.4781
vn 0.7412 0.1327 -0.6580
vn 0.8404 0.1754 -0.5128
vn 0.6440 0.0019 -0.7650
vn 0.6584 -0.0774 -0.7486
vn 0.6150 0.0879 -0.7836
vn 0.0247 0.1465 -0.9889
vn -0.0238 0.1880 -0.9819
vn 0.1293 0.2468 -0.9604
vn 0.1861 0.2002 -0.9619
vn -0.0709 0.2200 -0.9729
vn 0.0778 0.2766 -0.9578
vn 0.2242 0.3368 -0.9145
vn 0.2779 0.3083 -0.9098
vn 0.3411 0.2570 -0.9042
vn -0.2936 0.0559 -0.9543
vn -0.3229 0.0849 -0.9426
vn -0.1760 0.1334 -0.9753
vn -0.1370 0.0978 -0.9857
vn -0.3569 0.1229 -0.9260
vn -0.2171 0.1684 -0.9615
vn -0.5746 -0.0036 -0.8185
vn -0.5873 0.0103 -0.8093
vn -0.4609 0.0434 -0.8864
vn -0.4406 0.0218 -0.8974
vn -0.6058 0.0536 -0.7938
vn -0.4872 0.0844 -0.8692
vn -0.7940 -0.0307 -0.6072
vn -0.7966 -0.0288 -0.6038
vn -0.6998 -0.0141 -0.7142
vn -0.6930 -0.0210 -0.7207
vn -0.8018 0.0170 -0.5973
vn -0.7111 0.0309 -0.7024
vn -0.9388 -0.0307 -0.3432
vn -0.9373 -0.0288 -0.3473
vn -0.8763 -0.0338 -0.4806
vn -0.9347 0.0170 -0.3551
vn -0.8767 0.0122 -0.4809
vn -0.9990 -0.0036 -0.0446
vn -0.9981 0.0103 -0.0603
vn -0.9784 -0.0141 -0.2062
vn -0.9802 -0.0210 -0.1970
vn -0.9950 0.0536 -0.0843
vn -0.9745 0.0309 -0.2222
vn -0.9625 0.0559 0.2653
vn -0.9684 0.0849 0.2343
vn -0.9952 0.0434 0.0877
vn -0.9936 0.0218 0.1108
vn -0.9727 0.1229 0.1967
vn -0.9948 0.0844 0.0563
vn -0.8206 0.1465 0.5523
vn -0.8408 0.1880 0.5076
vn -0.9171 0.1334 0.3758
vn -0.9049 0.0978 0.4143
vn -0.8586 0.2200 0.4631
vn -0.9275 0.1684 0.3337
vn -0.5792 0.2570 0.7736
vn -0.6179 0.3083 0.7233
vn -0.7404 0.2468 0.6252
vn -0.7111 0.2002 0.6739
vn -0.6507 0.3368 0.6806
vn -0.7659 0.2766 0.5804
vn -0.2669 0.3698 0.8899
vn -0.3213 0.4302 0.8436
vn -0.4766 0.3702 0.7974
vn -0.4292 0.3143 0.8468
vn -0.3650 0.4592 0.8099
vn -0.5157 0.3984 0.7585
vn 0.0687 0.4670 0.8816
vn 0.0070 0.5362 0.8441
vn -0.1580 0.4862 0.8595
vn -0.0988 0.4213 0.9015
vn -0.0393 0.5691 0.8213
vn -0.2041 0.5168 0.8314
vn 0.3785 0.5360 0.7546
vn 0.3177 0.6124 0.7239
vn 0.1675 0.5786 0.7982
vn 0.2295 0.5055 0.8318
vn 0.2757 0.6502 0.7080
vn 0.1228 0.6140 0.7797
vn 0.6252 0.5712 0.5318
vn 0.5682 0.6517 0.5024
vn 0.4526 0.6369 0.6241
vn 0.5115 0.5579 0.6535
vn 0.5326 0.6927 0.4863
vn 0.4140 0.6766 0.6089
vn 0.7845 0.5712 0.2414
vn 0.7291 0.6517 0.2092
vn 0.6613 0.6566 0.3627
vn 0.7170 0.5756 0.3932
vn 0.6964 0.6927 0.1878
vn 0.6278 0.6981 0.3443
vn 0.8398 0.5360 -0.0864
vn 0.7812 0.6124 -0.1212
vn 0.7696 0.6369 0.0462
vn 0.8260 0.5579 0.0801
vn 0.7452 0.6502 -0.1480
vn 0.7360 0.6766 0.0218
vn 0.7804 0.4670 -0.4159
vn 0.7156 0.5362 -0.4477
vn 0.7632 0.5786 -0.2878
vn 0.8248 0.5055 -0.2535
vn 0.6715 0.5691 -0.4746
vn 0.7235 0.6140 -0.3155
vn 0.6070 0.3698 -0.7034
vn 0.5387 0.4302 -0.7244
vn 0.6398 0.4862 -0.5952
vn 0.7071 0.4213 -0.5679
vn 0.4868 0.4592 -0.7431
vn 0.5914 0.5168 -0.6190
vn 0.4163 0.3702 -0.8305
vn 0.4834 0.3143 -0.8171
vn 0.3625 0.3984 -0.8426
vn 0.1749 -0.2181 -0.9601
vn 0.3504 -0.2030 -0.9143
vn 0.5134 -0.1774 -0.8396
vn -0.1904 -0.2025 -0.9606
vn -0.0074 -0.2189 -0.9757
vn -0.5306 -0.1169 -0.8395
vn -0.3675 -0.1674 -0.9148
vn -0.7871 -0.0160 -0.6166
vn -0.6720 -0.0609 -0.7381
vn -0.9430 -0.0160 -0.3323
vn -0.8768 0.0012 -0.4809
vn -0.9931 -0.1169 0.0038
vn -0.9836 -0.0609 -0.1700
vn -0.9124 -0.2025 0.3557
vn -0.9690 -0.1674 0.1818
vn -0.7156 -0.2181 0.6636
vn -0.8268 -0.2189 0.5182
vn -0.4321 -0.1774 0.8842
vn -0.5827 -0.2030 0.7869
vn -0.0981 -0.1083 0.9893
vn -0.2688 -0.1446 0.9523
vn 0.2418 -0.0366 0.9696
vn 0.0739 -0.0715 0.9947
vn 0.5464 0.0197 0.8373
vn 0.4006 -0.0057 0.9162
vn 0.7861 0.0500 0.6160
vn 0.6757 0.0384 0.7362
vn 0.9420 0.0500 0.3318
vn 0.8755 0.0538 0.4802
vn 0.9997 0.0197 0.0107
vn 0.9840 0.0384 0.1742
vn 0.9476 -0.0366 -0.3173
vn 0.9880 -0.0057 -0.1546
vn 0.7815 -0.1083 -0.6145
vn 0.8785 -0.0715 -0.4723
vn 0.6586 -0.1446 -0.7385
vn 0.2379 0.6721 -0.7012
vn 0.1126 0.6721 -0.7319
vn 0.3561 0.6721 -0.6492
vn 0.4799 -0.0633 -0.8750
vn 0.3207 -0.0633 -0.9451
vn 0.1517 -0.0633 -0.9864
vn -0.0162 0.6721 -0.7403
vn -0.1445 0.6721 -0.7262
vn -0.0219 -0.0633 -0.9978
vn -0.1948 -0.0633 -0.9788
vn -0.2684 0.6721 -0.6901
vn -0.3842 0.6721 -0.6330
vn -0.3618 -0.0633 -0.9301
vn -0.5178 -0.0633 -0.8531
vn -0.4883 0.6721 -0.5567
vn -0.5775 0.6721 -0.4634
vn -0.6581 -0.0633 -0.7503
vn -0.7784 -0.0633 -0.6246
vn -0.6492 0.6721 -0.3561
vn -0.7012 0.6721 -0.2379
vn -0.8750 -0.0633 -0.4799
vn -0.9451 -0.0633 -0.3207
vn -0.7318 0.6721 -0.1126
vn -0.7403 0.6721 0.0162
vn -0.9864 -0.0633 -0.1517
vn -0.9978 -0.0633 0.0219
vn -0.7262 0.6721 0.1445
vn -0.6901 0.6721 0.2684
vn -0.9788 -0.0633 0.1948
vn -0.9301 -0.0633 0.3618
vn -0.6330 0.6721 0.3842
vn -0.5567 0.6721 0.4883
vn -0.8531 -0.0633 0.5178
vn -0.7503 -0.0633 0.6581
vn -0.4634 0.6721 0.5775
vn -0.3561 0.6721 0.6492
vn -0.6246 -0.0633 0.7784
vn -0.4799 -0.0633 0.8750
vn -0.2379 0.6721 0.7012
vn -0.1126 0.6721 0.7319
vn -0.3207 -0.0633 0.9451
vn -0.1517 -0.0633 0.9864
vn 0.0162 0.6721 0.7403
vn 0.1445 0.6721 0.7262
vn 0.0219 -0.0633 0.9978
vn 0.1948 -0.0633 0.9788
vn 0.2684 0.6721 0.6901
vn 0.3842 0.6721 0.6330
vn 0.3618 -0.0633 0.9301
vn 0.5178 -0.0633 0.8531
vn 0.4883 0.6721 0.5567
vn 0.5775 0.6721 0.4634
vn 0.6581 -0.0633 0.7503
vn 0.7784 -0.0633 0.6246
vn 0.6492 0.6721 0.3561
vn 0.7012 0.6721 0.2379
vn 0.8750 -0.0633 0.4799
vn 0.9451 -0.0633 0.3207
vn 0.7318 0.6721 0.1126
vn 0.7403 0.6721 -0.0162
vn 0.9864 -0.0633 0.1517
vn 0.9978 -0.0633 -0.0219
vn 0.7262 0.6721 -0.1445
vn 0.6901 0.6721 -0.2684
vn 0.9788 -0.0633 -0.1948
vn 0.9301 -0.0633 -0.3618
vn 0.6330 0.6721 -0.3842
vn 0.5567 0.6721 -0.4883
vn 0.8531 -0.0633 -0.5178
vn 0.7503 -0.0633 -0.6581
vn 0.4634 0.6721 -0.5775
vn 0.6246 -0.0633 -0.7784
vn 0.1443 -0.8934 -0.4254
vn 0.0699 -0.8879 -0.4547
vn 0.2212 -0.8879 -0.4033
vn 0.0306 -0.9980 -0.0557
vn 0.0060 -0.9998 -0.0177
vn 0.0097 -0.9980 -0.0628
vn -0.0098 -0.8934 -0.4491
vn -0.0898 -0.8879 -0.4512
vn -0.0004 -0.9998 -0.0187
vn -0.0124 -0.9980 -0.0624
vn -0.1628 -0.8934 -0.4186
vn -0.2387 -0.8879 -0.3932
vn -0.0068 -0.9998 -0.0174
vn -0.0330 -0.9980 -0.0543
vn -0.2962 -0.8934 -0.3377
vn -0.3588 -0.8879 -0.2879
vn -0.0123 -0.9998 -0.0140
vn -0.0496 -0.9980 -0.0398
vn -0.3938 -0.8934 -0.2160
vn -0.4356 -0.8879 -0.1478
vn -0.0164 -0.9998 -0.0090
vn -0.0602 -0.9980 -0.0204
vn -0.4440 -0.8934 -0.0683
vn -0.4599 -0.8879 0.0101
vn -0.0185 -0.9998 -0.0028
vn -0.0636 -0.9980 0.0014
vn -0.4405 -0.8934 0.0877
vn -0.4287 -0.8879 0.1668
vn -0.0183 -0.9998 0.0036
vn -0.0593 -0.9980 0.0230
vn -0.3840 -0.8934 0.2331
vn -0.3458 -0.8879 0.3033
vn -0.0160 -0.9998 0.0097
vn -0.0478 -0.9980 0.0419
vn -0.2811 -0.8934 0.3503
vn -0.2212 -0.8879 0.4033
vn -0.0117 -0.9998 0.0146
vn -0.0306 -0.9980 0.0557
vn -0.1443 -0.8934 0.4254
vn -0.0699 -0.8879 0.4547
vn -0.0060 -0.9998 0.0177
vn -0.0097 -0.9980 0.0628
vn 0.0098 -0.8934 0.4491
vn 0.0898 -0.8879 0.4512
vn 0.0004 -0.9998 0.0187
vn 0.0124 -0.9980 0.0624
vn 0.1628 -0.8934 0.4186
vn 0.2387 -0.8879 0.3932
vn 0.0068 -0.9998 0.0174
vn 0.0330 -0.9980 0.0543
vn 0.2962 -0.8934 0.3377
vn 0.3588 -0.8879 0.2879
vn 0.0123 -0.9998 0.0140
vn 0.0496 -0.9980 0.0398
vn 0.3938 -0.8934 0.2160
vn 0.4356 -0.8879 0.1478
vn 0.0164 -0.9998 0.0090
vn 0.0602 -0.9980 0.0204
vn 0.4440 -0.8934 0.0683
vn 0.4599 -0.8879 -0.0101
vn 0.0185 -0.9998 0.0028
vn 0.0636 -0.9980 -0.0014
vn 0.4405 -0.8934 -0.0877
vn 0.4287 -0.8879 -0.1668
vn 0.0183 -0.9998 -0.0036
vn 0.0593 -0.9980 -0.0230
vn 0.3840 -0.8934 -0.2331
vn 0.3458 -0.8879 -0.3033
vn 0.0160 -0.9998 -0.0097
vn 0.0478 -0.9980 -0.0419
vn 0.2811 -0.8934 -0.3503
vn 0.0117 -0.9998 -0.0146
vn -0.0000 -1.0000 0.0000
vn 0.7138 -0.6477 -0.2665
vn 0.6397 -0.7067 -0.3022
vn 0.6017 -0.2010 -0.7730
vn 0.4685 -0.2880 -0.8352
vn 0.3247 -0.3750 -0.8683
vn 0.5582 -0.7651 -0.3209
vn 0.4721 -0.8206 -0.3221
vn 0.1749 -0.4586 -0.8713
vn 0.0244 -0.5365 -0.8435
vn 0.3842 -0.8714 -0.3049
vn 0.2976 -0.9156 -0.2704
vn -0.1221 -0.6054 -0.7865
vn -0.2599 -0.6629 -0.7021
vn 0.2153 -0.9516 -0.2195
vn 0.1397 -0.9781 -0.1543
vn -0.3853 -0.7063 -0.5939
vn -0.4953 -0.7333 -0.4657
vn 0.0732 -0.9943 -0.0770
vn 0.0175 -0.9998 0.0096
vn -0.5871 -0.7427 -0.3220
vn -0.6590 -0.7333 -0.1673
vn -0.0256 -0.9943 0.1031
vn -0.0551 -0.9781 0.2007
vn -0.7079 -0.7063 -0.0057
vn -0.7318 -0.6629 0.1582
vn -0.0694 -0.9516 0.2995
vn -0.0681 -0.9156 0.3963
vn -0.7289 -0.6054 0.3198
vn -0.6982 -0.5365 0.4740
vn -0.0506 -0.8714 0.4879
vn -0.0179 -0.8206 0.5712
vn -0.6407 -0.4586 0.6157
vn -0.5577 -0.3750 0.7405
vn 0.0294 -0.7651 0.6432
vn 0.0890 -0.7067 0.7019
vn -0.4525 -0.2880 0.8440
vn -0.3285 -0.2010 0.9229
vn 0.1589 -0.6477 0.7451
vn 0.2364 -0.5898 0.7722
vn -0.1907 -0.1162 0.9747
vn -0.0437 -0.0366 0.9984
vn 0.3188 -0.5350 0.7823
vn 0.4034 -0.4847 0.7761
vn 0.1070 0.0361 0.9936
vn 0.2569 0.0996 0.9613
vn 0.4876 -0.4404 0.7539
vn 0.5688 -0.4027 0.7171
vn 0.4008 0.1532 0.9033
vn 0.5353 0.1953 0.8217
vn 0.6452 -0.3729 0.6669
vn 0.7146 -0.3511 0.6050
vn 0.6565 0.2261 0.7196
vn 0.7619 0.2444 0.5998
vn 0.7755 -0.3381 0.5332
vn 0.8266 -0.3336 0.4534
vn 0.8488 0.2508 0.4655
vn 0.9153 0.2444 0.3201
vn 0.8664 -0.3381 0.3674
vn 0.8943 -0.3511 0.2774
vn 0.9597 0.2261 0.1669
vn 0.9807 0.1953 0.0098
vn 0.9091 -0.3729 0.1856
vn 0.9104 -0.4028 0.0943
vn 0.9771 0.1532 -0.1475
vn 0.9487 0.0996 -0.3001
vn 0.8978 -0.4404 0.0060
vn 0.8713 -0.4847 -0.0770
vn 0.8954 0.0361 -0.4438
vn 0.8184 -0.0366 -0.5734
vn 0.8311 -0.5350 -0.1516
vn 0.7782 -0.5898 -0.2157
vn 0.7195 -0.1162 -0.6847
vn -0.0710 0.2042 -0.9763
vn 0.0741 0.2660 -0.9611
vn 0.2166 0.3311 -0.9184
vn -0.3518 0.0954 -0.9312
vn -0.2142 0.1470 -0.9657
vn -0.5997 0.0124 -0.8001
vn -0.4809 0.0501 -0.8753
vn -0.7989 -0.0349 -0.6004
vn -0.7062 -0.0168 -0.7078
vn -0.9357 -0.0349 -0.3510
vn -0.8760 -0.0417 -0.4805
vn -0.9971 0.0124 -0.0756
vn -0.9765 -0.0168 -0.2151
vn -0.9744 0.0954 0.2038
vn -0.9966 0.0501 0.0649
vn -0.8615 0.2042 0.4648
vn -0.9295 0.1470 0.3383
vn -0.6580 0.3311 0.6763
vn -0.7707 0.2660 0.5791
vn -0.3789 0.4631 0.8013
vn -0.5262 0.3975 0.7518
vn -0.0594 0.5826 0.8106
vn -0.2213 0.5256 0.8215
vn 0.2519 0.6721 0.6963
vn 0.1004 0.6320 0.7685
vn 0.5078 0.7196 0.4735
vn 0.3893 0.7016 0.5968
vn 0.6723 0.7196 0.1737
vn 0.6032 0.7257 0.3309
vn 0.7226 0.6721 -0.1619
vn 0.7126 0.7016 0.0075
vn 0.6517 0.5826 -0.4858
vn 0.7020 0.6320 -0.3284
vn 0.4721 0.4631 -0.7501
vn 0.5738 0.5256 -0.6281
vn 0.3512 0.3975 -0.8478
vn 0.0807 0.0579 -0.9951
vn 0.2527 0.1003 -0.9623
vn 0.4161 0.1477 -0.8972
vn -0.2623 -0.0029 -0.9650
vn -0.0933 0.0228 -0.9954
vn -0.5638 -0.0250 -0.8255
vn -0.4207 -0.0187 -0.9070
vn -0.7928 -0.0217 -0.6091
vn -0.6884 -0.0247 -0.7249
vn -0.9398 -0.0217 -0.3412
vn -0.8766 -0.0202 -0.4808
vn -0.9992 -0.0250 -0.0318
vn -0.9813 -0.0247 -0.1909
vn -0.9547 -0.0029 0.2975
vn -0.9910 -0.0187 0.1327
vn -0.7958 0.0579 0.6028
vn -0.8895 0.0228 0.4563
vn -0.5330 0.1477 0.8332
vn -0.6757 0.1003 0.7304
vn -0.2029 0.2464 0.9477
vn -0.3733 0.1973 0.9065
vn 0.1419 0.3338 0.9319
vn -0.0291 0.2926 0.9558
vn 0.4535 0.3965 0.7982
vn 0.3043 0.3688 0.8783
vn 0.6990 0.4287 0.5724
vn 0.5860 0.4166 0.6950
vn 0.8584 0.4287 0.2819
vn 0.7904 0.4327 0.4336
vn 0.9168 0.3965 -0.0465
vn 0.9011 0.4166 0.1206
vn 0.8621 0.3338 -0.3812
vn 0.9042 0.3688 -0.2154
vn 0.6901 0.2464 -0.6805
vn 0.7904 0.2926 -0.5382
vn 0.5638 0.1973 -0.8020
# 1261 vertex normals

vt 0.4922 0.2425 0.7894
vt 0.5446 0.2413 0.7850
vt 0.5400 0.2739 0.7947
vt 0.4870 0.2789 0.7992
vt 0.5955 0.2401 0.7720
vt 0.5915 0.2689 0.7812
vt 0.5891 0.3025 0.7919
vt 0.5370 0.3123 0.8059
vt 0.4834 0.3225 0.8107
vt 0.6432 0.2389 0.7506
vt 0.6398 0.2643 0.7591
vt 0.6863 0.2379 0.7217
vt 0.6835 0.2602 0.7292
vt 0.6820 0.2849 0.7380
vt 0.6378 0.2933 0.7690
vt 0.2783 0.2379 0.6863
vt 0.3140 0.2370 0.7235
vt 0.3077 0.2566 0.7211
vt 0.2708 0.2602 0.6835
vt 0.3553 0.2362 0.7537
vt 0.3504 0.2537 0.7517
vt 0.3447 0.2719 0.7509
vt 0.3003 0.2778 0.7200
vt 0.2620 0.2849 0.6820
vt 0.4010 0.2357 0.7759
vt 0.3977 0.2515 0.7742
vt 0.4497 0.2354 0.7896
vt 0.4480 0.2502 0.7880
vt 0.4461 0.2650 0.7876
vt 0.3938 0.2676 0.7737
vt 0.5000 0.2353 0.7941
vt 0.5000 0.2497 0.7926
vt 0.5503 0.2354 0.7896
vt 0.5520 0.2502 0.7880
vt 0.5539 0.2650 0.7876
vt 0.5000 0.2641 0.7923
vt 0.5990 0.2357 0.7759
vt 0.6023 0.2515 0.7742
vt 0.6447 0.2362 0.7537
vt 0.6496 0.2537 0.7517
vt 0.6553 0.2719 0.7509
vt 0.6062 0.2676 0.7737
vt 0.6860 0.2370 0.7235
vt 0.6923 0.2566 0.7211
vt 0.7217 0.2379 0.6863
vt 0.7292 0.2602 0.6835
vt 0.7380 0.2849 0.6820
vt 0.6997 0.2778 0.7200
vt 0.3137 0.2379 0.2783
vt 0.3568 0.2389 0.2494
vt 0.3602 0.2643 0.2409
vt 0.3165 0.2602 0.2708
vt 0.4045 0.2401 0.2280
vt 0.4085 0.2689 0.2188
vt 0.4109 0.3025 0.2081
vt 0.3622 0.2933 0.2310
vt 0.3180 0.2849 0.2620
vt 0.4554 0.2413 0.2150
vt 0.4600 0.2739 0.2053
vt 0.5078 0.2425 0.2106
vt 0.5130 0.2789 0.2008
vt 0.5166 0.3225 0.1893
vt 0.4630 0.3123 0.1941
vt 0.5602 0.2438 0.2150
vt 0.5661 0.2840 0.2053
vt 0.6111 0.2450 0.2280
vt 0.6176 0.2889 0.2188
vt 0.6222 0.3424 0.2081
vt 0.5702 0.3326 0.1941
vt 0.6588 0.2462 0.2494
vt 0.6659 0.2935 0.2409
vt 0.7019 0.2472 0.2783
vt 0.7096 0.2977 0.2708
vt 0.7152 0.3600 0.2620
vt 0.6710 0.3516 0.2310
vt 0.2783 0.2472 0.2981
vt 0.3140 0.2481 0.2609
vt 0.3077 0.3013 0.2528
vt 0.2708 0.2977 0.2904
vt 0.3553 0.2489 0.2307
vt 0.3504 0.3042 0.2222
vt 0.3447 0.3730 0.2159
vt 0.3003 0.3672 0.2468
vt 0.2620 0.3600 0.2848
vt 0.4010 0.2494 0.2085
vt 0.3977 0.3063 0.1997
vt 0.4497 0.2497 0.1948
vt 0.4480 0.3077 0.1859
vt 0.4461 0.3799 0.1792
vt 0.3938 0.3773 0.1932
vt 0.5000 0.2498 0.1902
vt 0.5000 0.3081 0.1813
vt 0.5503 0.2497 0.1948
vt 0.5520 0.3077 0.1859
vt 0.5539 0.3799 0.1792
vt 0.5000 0.3808 0.1745
vt 0.5990 0.2494 0.2084
vt 0.6023 0.3063 0.1997
vt 0.6447 0.2489 0.2307
vt 0.6496 0.3042 0.2222
vt 0.6553 0.3730 0.2159
vt 0.6062 0.3773 0.1932
vt 0.6860 0.2481 0.2609
vt 0.6923 0.3013 0.2528
vt 0.7217 0.2472 0.2981
vt 0.7292 0.2977 0.2904
vt 0.7380 0.3600 0.2848
vt 0.6997 0.3672 0.2468
vt 0.2981 0.2472 0.7217
vt 0.3412 0.2462 0.7506
vt 0.3341 0.2935 0.7591
vt 0.2904 0.2977 0.7292
vt 0.3889 0.2450 0.7720
vt 0.3824 0.2889 0.7812
vt 0.3778 0.3424 0.7919
vt 0.3290 0.3516 0.7690
vt 0.2848 0.3600 0.7380
vt 0.4398 0.2438 0.7850
vt 0.4339 0.2840 0.7947
vt 0.4298 0.3326 0.8059
vt 0.2257 0.6441 0.5176
vt 0.2174 0.6515 0.5227
vt 0.2039 0.6093 0.5591
vt 0.2125 0.6031 0.5530
vt 0.6515 0.5227 0.7826
vt 0.6587 0.5309 0.7857
vt 0.6160 0.5677 0.7993
vt 0.6093 0.5591 0.7961
vt 0.5719 0.6057 0.8040
vt 0.5657 0.5966 0.8007
vt 0.1993 0.5657 0.5966
vt 0.2081 0.5609 0.5894
vt 0.2764 0.7173 0.4545
vt 0.2696 0.7270 0.4577
vt 0.2396 0.6911 0.4885
vt 0.2472 0.6826 0.4845
vt 0.7270 0.4577 0.7304
vt 0.7349 0.4652 0.7329
vt 0.6987 0.4964 0.7632
vt 0.6911 0.4885 0.7604
vt 0.3540 0.7717 0.4077
vt 0.3496 0.7830 0.4094
vt 0.3067 0.7579 0.4310
vt 0.3124 0.7473 0.4287
vt 0.3480 0.7915 0.4164
vt 0.3046 0.7661 0.4383
vt 0.2671 0.7349 0.4652
vt 0.4493 0.8006 0.3827
vt 0.4478 0.8128 0.3837
vt 0.3972 0.8014 0.3935
vt 0.4002 0.7896 0.3922
vt 0.4472 0.8216 0.3905
vt 0.3960 0.8102 0.4004
vt 0.5507 0.8006 0.3827
vt 0.5522 0.8128 0.3837
vt 0.5000 0.8165 0.3805
vt 0.5000 0.8043 0.3796
vt 0.5528 0.8216 0.3905
vt 0.5000 0.8255 0.3872
vt 0.6460 0.7717 0.4077
vt 0.6504 0.7830 0.4094
vt 0.6028 0.8014 0.3935
vt 0.5998 0.7896 0.3922
vt 0.6520 0.7915 0.4164
vt 0.6040 0.8102 0.4004
vt 0.7236 0.7173 0.4545
vt 0.7304 0.7270 0.4577
vt 0.6933 0.7579 0.4310
vt 0.6876 0.7473 0.4287
vt 0.7329 0.7349 0.4652
vt 0.6954 0.7661 0.4383
vt 0.7743 0.6441 0.5176
vt 0.7826 0.6515 0.5227
vt 0.7604 0.6911 0.4885
vt 0.7528 0.6826 0.4845
vt 0.3485 0.5227 0.2174
vt 0.3413 0.5309 0.2143
vt 0.3013 0.4964 0.2368
vt 0.3089 0.4885 0.2396
vt 0.2651 0.4652 0.2671
vt 0.2730 0.4577 0.2696
vt 0.7919 0.5609 0.5894
vt 0.8007 0.5657 0.5966
vt 0.7961 0.6093 0.5591
vt 0.7875 0.6031 0.5530
vt 0.4343 0.5966 0.1993
vt 0.4281 0.6057 0.1960
vt 0.3840 0.5677 0.2007
vt 0.3907 0.5591 0.2039
vt 0.5224 0.6612 0.2257
vt 0.5200 0.6705 0.2174
vt 0.4778 0.6341 0.2039
vt 0.4814 0.6259 0.2125
vt 0.5148 0.6804 0.2143
vt 0.4721 0.6436 0.2007
vt 0.7875 0.5186 0.6259
vt 0.7961 0.5222 0.6341
vt 0.2764 0.7244 0.4044
vt 0.2696 0.7356 0.4045
vt 0.2396 0.7047 0.4403
vt 0.2472 0.6944 0.4391
vt 0.5955 0.7356 0.2696
vt 0.5911 0.7461 0.2671
vt 0.5548 0.7149 0.2368
vt 0.5597 0.7047 0.2396
vt 0.2174 0.6705 0.4800
vt 0.2257 0.6612 0.4776
vt 0.3540 0.7712 0.3500
vt 0.3496 0.7838 0.3485
vt 0.3067 0.7622 0.3736
vt 0.3124 0.7502 0.3744
vt 0.3480 0.7949 0.3523
vt 0.3046 0.7731 0.3777
vt 0.2671 0.7461 0.4089
vt 0.4493 0.7962 0.3211
vt 0.4478 0.8095 0.3187
vt 0.3972 0.7997 0.3301
vt 0.4002 0.7867 0.3321
vt 0.4472 0.8209 0.3222
vt 0.3960 0.8110 0.3337
vt 0.5507 0.7962 0.3211
vt 0.5522 0.8095 0.3187
vt 0.5000 0.8127 0.3149
vt 0.5000 0.7993 0.3174
vt 0.5528 0.8209 0.3222
vt 0.5000 0.8242 0.3184
vt 0.6460 0.7712 0.3500
vt 0.6504 0.7838 0.3485
vt 0.6028 0.7997 0.3301
vt 0.5998 0.7867 0.3321
vt 0.6520 0.7949 0.3523
vt 0.6040 0.8110 0.3337
vt 0.7236 0.7244 0.4044
vt 0.7304 0.7356 0.4045
vt 0.6933 0.7622 0.3736
vt 0.6876 0.7502 0.3744
vt 0.7329 0.7461 0.4089
vt 0.6954 0.7731 0.3777
vt 0.7743 0.6612 0.4776
vt 0.7826 0.6705 0.4800
vt 0.7604 0.7047 0.4403
vt 0.7528 0.6944 0.4391
vt 0.4800 0.6705 0.7826
vt 0.4852 0.6804 0.7857
vt 0.4452 0.7149 0.7632
vt 0.4403 0.7047 0.7604
vt 0.4089 0.7461 0.7329
vt 0.4045 0.7356 0.7304
vt 0.2039 0.5222 0.6341
vt 0.2125 0.5186 0.6259
vt 0.5279 0.6436 0.7993
vt 0.5222 0.6341 0.7961
vt 0.4776 0.6612 0.7743
vt 0.5186 0.6259 0.7875
vt 0.6205 0.5781 0.7887
vt 0.5781 0.6147 0.7932
vt 0.6617 0.5426 0.7755
vt 0.7578 0.6594 0.5517
vt 0.7701 0.6208 0.5849
vt 0.7887 0.6205 0.5781
vt 0.7755 0.6617 0.5426
vt 0.7743 0.5811 0.6191
vt 0.7932 0.5781 0.6147
vt 0.2143 0.5309 0.6587
vt 0.2368 0.4964 0.6987
vt 0.2461 0.5093 0.7004
vt 0.2245 0.5426 0.6617
vt 0.2671 0.4652 0.7349
vt 0.2754 0.4792 0.7353
vt 0.7101 0.7282 0.4924
vt 0.7375 0.6955 0.5205
vt 0.7539 0.7004 0.5093
vt 0.7246 0.7353 0.4792
vt 0.3046 0.4383 0.7661
vt 0.3115 0.4532 0.7654
vt 0.3480 0.4164 0.7915
vt 0.3534 0.4321 0.7899
vt 0.3628 0.4484 0.7792
vt 0.3237 0.4681 0.7564
vt 0.6763 0.7564 0.4681
vt 0.6885 0.7654 0.4532
vt 0.3960 0.4004 0.8102
vt 0.3997 0.4166 0.8079
vt 0.4472 0.3905 0.8216
vt 0.4491 0.4071 0.8189
vt 0.4524 0.4249 0.8064
vt 0.4062 0.4338 0.7961
vt 0.5000 0.3872 0.8255
vt 0.5000 0.4039 0.8226
vt 0.5528 0.3905 0.8216
vt 0.5509 0.4071 0.8189
vt 0.5476 0.4249 0.8064
vt 0.5000 0.4220 0.8099
vt 0.6040 0.4004 0.8102
vt 0.6003 0.4166 0.8079
vt 0.6520 0.4164 0.7915
vt 0.6466 0.4321 0.7899
vt 0.6372 0.4484 0.7792
vt 0.5938 0.4338 0.7961
vt 0.6954 0.4383 0.7661
vt 0.6885 0.4532 0.7654
vt 0.7329 0.4652 0.7349
vt 0.7246 0.4792 0.7353
vt 0.2899 0.7282 0.4924
vt 0.3237 0.7564 0.4681
vt 0.3115 0.7654 0.4532
vt 0.2754 0.7353 0.4792
vt 0.6763 0.4681 0.7564
vt 0.7632 0.4964 0.6987
vt 0.7539 0.5093 0.7004
vt 0.7857 0.5309 0.6587
vt 0.7755 0.5426 0.6617
vt 0.2422 0.6594 0.5517
vt 0.2625 0.6955 0.5205
vt 0.2461 0.7004 0.5093
vt 0.2245 0.6617 0.5426
vt 0.3795 0.5781 0.2113
vt 0.3383 0.5426 0.2245
vt 0.4219 0.6147 0.2068
vt 0.2257 0.5811 0.6191
vt 0.2299 0.6208 0.5849
vt 0.2113 0.6205 0.5781
vt 0.2068 0.5781 0.6147
vt 0.1960 0.5719 0.6057
vt 0.2007 0.5279 0.6436
vt 0.2113 0.5356 0.6513
vt 0.2143 0.4852 0.6804
vt 0.2245 0.4944 0.6868
vt 0.2422 0.5028 0.6866
vt 0.2299 0.5414 0.6534
vt 0.2368 0.4452 0.7149
vt 0.2461 0.4558 0.7201
vt 0.2671 0.4089 0.7461
vt 0.2754 0.4209 0.7502
vt 0.2899 0.4340 0.7459
vt 0.2625 0.4667 0.7177
vt 0.3046 0.3777 0.7731
vt 0.3115 0.3907 0.7762
vt 0.3480 0.3523 0.7949
vt 0.3534 0.3663 0.7972
vt 0.3628 0.3830 0.7899
vt 0.3237 0.4058 0.7702
vt 0.3960 0.3337 0.8110
vt 0.3997 0.3483 0.8128
vt 0.4472 0.3222 0.8209
vt 0.4491 0.3372 0.8223
vt 0.4524 0.3558 0.8133
vt 0.4062 0.3661 0.8044
vt 0.5000 0.3184 0.8242
vt 0.5000 0.3335 0.8255
vt 0.5528 0.3222 0.8209
vt 0.5509 0.3372 0.8223
vt 0.5476 0.3558 0.8133
vt 0.5000 0.3523 0.8163
vt 0.6040 0.3337 0.8110
vt 0.6003 0.3483 0.8128
vt 0.6520 0.3523 0.7949
vt 0.6466 0.3663 0.7972
vt 0.6372 0.3830 0.7899
vt 0.5938 0.3661 0.8044
vt 0.6954 0.3777 0.7731
vt 0.6885 0.3907 0.7762
vt 0.7329 0.4089 0.7461
vt 0.7246 0.4209 0.7502
vt 0.7101 0.4340 0.7459
vt 0.6763 0.4058 0.7702
vt 0.7632 0.4452 0.7149
vt 0.7539 0.4558 0.7201
vt 0.7857 0.4852 0.6804
vt 0.7755 0.4944 0.6868
vt 0.7578 0.5028 0.6866
vt 0.7375 0.4667 0.7177
vt 0.7993 0.5279 0.6436
vt 0.7887 0.5356 0.6513
vt 0.8040 0.5719 0.6057
vt 0.7701 0.5414 0.6534
vt 0.7492 0.6146 0.5828
vt 0.7531 0.5779 0.6144
vt 0.7378 0.6501 0.5522
vt 0.7195 0.6338 0.5413
vt 0.7300 0.6010 0.5696
vt 0.7336 0.5672 0.5987
vt 0.7192 0.6834 0.5235
vt 0.6939 0.7136 0.4975
vt 0.6789 0.6924 0.4908
vt 0.7023 0.6646 0.5148
vt 0.6627 0.7396 0.4751
vt 0.6372 0.7792 0.4484
vt 0.6266 0.7607 0.4568
vt 0.6168 0.7359 0.4533
vt 0.6501 0.7164 0.4701
vt 0.5938 0.7961 0.4338
vt 0.5866 0.7763 0.4435
vt 0.5476 0.8064 0.4249
vt 0.5440 0.7858 0.4352
vt 0.5406 0.7591 0.4334
vt 0.5799 0.7503 0.4410
vt 0.5000 0.8099 0.4220
vt 0.5000 0.7890 0.4325
vt 0.4524 0.8064 0.4249
vt 0.4560 0.7858 0.4352
vt 0.4594 0.7591 0.4334
vt 0.5000 0.7620 0.4308
vt 0.4062 0.7961 0.4338
vt 0.4134 0.7763 0.4435
vt 0.3628 0.7792 0.4484
vt 0.3734 0.7607 0.4568
vt 0.3832 0.7359 0.4533
vt 0.4201 0.7503 0.4410
vt 0.3373 0.7396 0.4751
vt 0.3061 0.7136 0.4975
vt 0.3211 0.6924 0.4908
vt 0.3499 0.7164 0.4701
vt 0.2808 0.6834 0.5235
vt 0.2622 0.6501 0.5522
vt 0.2805 0.6338 0.5413
vt 0.2977 0.6646 0.5148
vt 0.2508 0.6146 0.5828
vt 0.2469 0.5779 0.6144
vt 0.2664 0.5672 0.5987
vt 0.2700 0.6010 0.5696
vt 0.2508 0.5412 0.6460
vt 0.2622 0.5057 0.6767
vt 0.5006 0.6562 0.2805
vt 0.5334 0.6279 0.2700
vt 0.5412 0.6460 0.2508
vt 0.5057 0.6767 0.2622
vt 0.2700 0.5334 0.6279
vt 0.2808 0.4723 0.7054
vt 0.3061 0.4422 0.7314
vt 0.6789 0.7067 0.4420
vt 0.7023 0.6827 0.4698
vt 0.7192 0.7054 0.4723
vt 0.6939 0.7314 0.4422
vt 0.7195 0.6562 0.5006
vt 0.7378 0.6767 0.5057
vt 0.3373 0.4162 0.7538
vt 0.6763 0.7702 0.4058
vt 0.6372 0.7899 0.3830
vt 0.6266 0.7720 0.3951
vt 0.6627 0.7538 0.4162
vt 0.6168 0.7442 0.3985
vt 0.6501 0.7274 0.4180
vt 0.5938 0.8044 0.3661
vt 0.5866 0.7854 0.3795
vt 0.5476 0.8133 0.3558
vt 0.5440 0.7936 0.3700
vt 0.5406 0.7641 0.3753
vt 0.5799 0.7565 0.3841
vt 0.5000 0.8163 0.3523
vt 0.5000 0.7964 0.3668
vt 0.4524 0.8133 0.3558
vt 0.4560 0.7936 0.3700
vt 0.4594 0.7641 0.3753
vt 0.5000 0.7667 0.3724
vt 0.4062 0.8044 0.3661
vt 0.4134 0.7854 0.3795
vt 0.3628 0.7899 0.3830
vt 0.3734 0.7720 0.3951
vt 0.3832 0.7442 0.3985
vt 0.4201 0.7565 0.3841
vt 0.3237 0.7702 0.4058
vt 0.3373 0.7538 0.4162
vt 0.6939 0.4422 0.7314
vt 0.6627 0.4162 0.7538
vt 0.3211 0.7067 0.4420
vt 0.3499 0.7274 0.4180
vt 0.3061 0.7314 0.4422
vt 0.7192 0.4723 0.7054
vt 0.7378 0.5057 0.6767
vt 0.2805 0.6562 0.5006
vt 0.2977 0.6827 0.4698
vt 0.2808 0.7054 0.4723
vt 0.2622 0.6767 0.5057
vt 0.7492 0.5412 0.6460
vt 0.7300 0.5334 0.6279
vt 0.4666 0.6279 0.7300
vt 0.4994 0.6562 0.7195
vt 0.4943 0.6767 0.7378
vt 0.4588 0.6460 0.7492
vt 0.4328 0.5987 0.7336
vt 0.3990 0.5696 0.7300
vt 0.4204 0.5428 0.7164
vt 0.4523 0.5702 0.7197
vt 0.3662 0.5413 0.7195
vt 0.3896 0.5162 0.7065
vt 0.4138 0.4878 0.6963
vt 0.4431 0.5131 0.7057
vt 0.4734 0.5392 0.7089
vt 0.3354 0.5148 0.7023
vt 0.3606 0.4912 0.6903
vt 0.6683 0.6655 0.4687
vt 0.6903 0.6394 0.4912
vt 0.3614 0.4427 0.6601
vt 0.3863 0.4641 0.6809
vt 0.3345 0.4687 0.6683
vt 0.6412 0.6881 0.4492
vt 0.6099 0.7064 0.4334
vt 0.6045 0.6775 0.4091
vt 0.6343 0.6601 0.4242
vt 0.6601 0.6386 0.4427
vt 0.5751 0.7199 0.4218
vt 0.5382 0.7282 0.4146
vt 0.5363 0.6982 0.3913
vt 0.5715 0.6903 0.3981
vt 0.5000 0.7310 0.4123
vt 0.4618 0.7282 0.4146
vt 0.4637 0.6982 0.3913
vt 0.5000 0.7009 0.3890
vt 0.4249 0.7199 0.4218
vt 0.3901 0.7064 0.4334
vt 0.3955 0.6775 0.4091
vt 0.4285 0.6903 0.3981
vt 0.3588 0.6881 0.4492
vt 0.3317 0.6655 0.4687
vt 0.3399 0.6386 0.4427
vt 0.3657 0.6601 0.4242
vt 0.3097 0.6394 0.4912
vt 0.6646 0.5148 0.2977
vt 0.6338 0.5413 0.2805
vt 0.6104 0.5162 0.2935
vt 0.6394 0.4912 0.3097
vt 0.5862 0.4878 0.3037
vt 0.6137 0.4641 0.3191
vt 0.6386 0.4427 0.3399
vt 0.6655 0.4687 0.3317
vt 0.6010 0.5696 0.2700
vt 0.5796 0.5428 0.2836
vt 0.5672 0.5987 0.2664
vt 0.5477 0.5702 0.2803
vt 0.5266 0.5392 0.2911
vt 0.5569 0.5131 0.2943
vt 0.5159 0.5976 0.2836
vt 0.4850 0.6242 0.2935
vt 0.4670 0.5906 0.3037
vt 0.4963 0.5653 0.2943
vt 0.4698 0.6827 0.2977
vt 0.4561 0.6492 0.3097
vt 0.4420 0.7067 0.3211
vt 0.4299 0.6717 0.3317
vt 0.4146 0.6358 0.3399
vt 0.4395 0.6143 0.3191
vt 0.6412 0.6912 0.4074
vt 0.6683 0.6717 0.4299
vt 0.6099 0.7070 0.3890
vt 0.6045 0.6693 0.3757
vt 0.6343 0.6543 0.3931
vt 0.6601 0.6358 0.4146
vt 0.5751 0.7186 0.3755
vt 0.5382 0.7257 0.3672
vt 0.5363 0.6871 0.3550
vt 0.5715 0.6803 0.3628
vt 0.5000 0.7281 0.3645
vt 0.4618 0.7257 0.3672
vt 0.4637 0.6871 0.3550
vt 0.5000 0.6894 0.3523
vt 0.4249 0.7186 0.3755
vt 0.3901 0.7070 0.3890
vt 0.3955 0.6693 0.3757
vt 0.4285 0.6803 0.3628
vt 0.3588 0.6912 0.4074
vt 0.3317 0.6717 0.4299
vt 0.3399 0.6358 0.4146
vt 0.3657 0.6543 0.3931
vt 0.5580 0.7067 0.6789
vt 0.5302 0.6827 0.7023
vt 0.5439 0.6492 0.6903
vt 0.5701 0.6717 0.6683
vt 0.5150 0.6242 0.7065
vt 0.5330 0.5906 0.6963
vt 0.5605 0.6143 0.6809
vt 0.5854 0.6358 0.6601
vt 0.4841 0.5976 0.7164
vt 0.5037 0.5653 0.7057
vt 0.4324 0.4674 0.6867
vt 0.4603 0.4914 0.6957
vt 0.6867 0.5676 0.4674
vt 0.6696 0.5486 0.4537
vt 0.6777 0.5232 0.4756
vt 0.6957 0.5397 0.4914
vt 0.5029 0.4981 0.6805
vt 0.4891 0.5162 0.6987
vt 0.4768 0.4756 0.6777
vt 0.3825 0.4244 0.6522
vt 0.4062 0.4448 0.6721
vt 0.6522 0.6175 0.4244
vt 0.6383 0.5938 0.4147
vt 0.6563 0.5723 0.4333
vt 0.6721 0.5938 0.4448
vt 0.5994 0.6545 0.3925
vt 0.6277 0.6379 0.4068
vt 0.5903 0.6275 0.3857
vt 0.6160 0.6124 0.3987
vt 0.5345 0.6741 0.3755
vt 0.5680 0.6667 0.3820
vt 0.5313 0.6453 0.3703
vt 0.5617 0.6385 0.3762
vt 0.4655 0.6741 0.3755
vt 0.5000 0.6766 0.3734
vt 0.4687 0.6453 0.3703
vt 0.5000 0.6476 0.3684
vt 0.4006 0.6545 0.3925
vt 0.4320 0.6667 0.3820
vt 0.4097 0.6275 0.3857
vt 0.4383 0.6385 0.3762
vt 0.3478 0.6175 0.4244
vt 0.3723 0.6379 0.4068
vt 0.3617 0.5938 0.4147
vt 0.3840 0.6124 0.3987
vt 0.5676 0.4674 0.3133
vt 0.5938 0.4448 0.3279
vt 0.3133 0.5676 0.4674
vt 0.3304 0.5486 0.4537
vt 0.3437 0.5723 0.4333
vt 0.3279 0.5938 0.4448
vt 0.6175 0.4244 0.3478
vt 0.5109 0.5162 0.3013
vt 0.5397 0.4914 0.3043
vt 0.4971 0.4981 0.3195
vt 0.5232 0.4756 0.3223
vt 0.3043 0.5397 0.4914
vt 0.3223 0.5232 0.4756
vt 0.4542 0.5651 0.3133
vt 0.4821 0.5410 0.3043
vt 0.4456 0.5425 0.3304
vt 0.4709 0.5207 0.3223
vt 0.4044 0.6080 0.3478
vt 0.4280 0.5876 0.3279
vt 0.6522 0.6080 0.4044
vt 0.6383 0.5815 0.4003
vt 0.6563 0.5630 0.4218
vt 0.6721 0.5876 0.4280
vt 0.6696 0.5425 0.4456
vt 0.6867 0.5651 0.4542
vt 0.5994 0.6399 0.3674
vt 0.6277 0.6256 0.3839
vt 0.5903 0.6105 0.3667
vt 0.6160 0.5975 0.3817
vt 0.5345 0.6569 0.3477
vt 0.5680 0.6504 0.3552
vt 0.5313 0.6259 0.3488
vt 0.5617 0.6200 0.3556
vt 0.4655 0.6569 0.3477
vt 0.5000 0.6591 0.3452
vt 0.4687 0.6259 0.3488
vt 0.5000 0.6279 0.3465
vt 0.4006 0.6399 0.3674
vt 0.4320 0.6504 0.3552
vt 0.4097 0.6105 0.3667
vt 0.4383 0.6200 0.3556
vt 0.3478 0.6080 0.4044
vt 0.3723 0.6256 0.3839
vt 0.3617 0.5815 0.4003
vt 0.3840 0.5975 0.3817
vt 0.5458 0.5651 0.6867
vt 0.5720 0.5876 0.6721
vt 0.3133 0.5651 0.4542
vt 0.3304 0.5425 0.4456
vt 0.3437 0.5630 0.4218
vt 0.3279 0.5876 0.4280
vt 0.5956 0.6080 0.6522
vt 0.5179 0.5410 0.6957
vt 0.5291 0.5207 0.6777
vt 0.5544 0.5425 0.6696
vt 0.6369 0.5230 0.4461
vt 0.6435 0.5026 0.4637
vt 0.6031 0.5036 0.4464
vt 0.5864 0.4818 0.4594
vt 0.6097 0.4723 0.4734
vt 0.6457 0.4815 0.4819
vt 0.6805 0.4971 0.4981
vt 0.6116 0.5596 0.4145
vt 0.6262 0.5422 0.4295
vt 0.5840 0.5311 0.4227
vt 0.5760 0.5057 0.4388
vt 0.5729 0.5867 0.3912
vt 0.5937 0.5746 0.4016
vt 0.5548 0.5515 0.4051
vt 0.5564 0.5252 0.4221
vt 0.5253 0.6012 0.3787
vt 0.5498 0.5957 0.3835
vt 0.5190 0.5624 0.3957
vt 0.5300 0.5379 0.4111
vt 0.4747 0.6012 0.3787
vt 0.5000 0.6030 0.3771
vt 0.4810 0.5624 0.3957
vt 0.5000 0.5423 0.4073
vt 0.4271 0.5867 0.3912
vt 0.4502 0.5957 0.3835
vt 0.4452 0.5515 0.4051
vt 0.4700 0.5379 0.4111
vt 0.3884 0.5596 0.4145
vt 0.4063 0.5746 0.4016
vt 0.4160 0.5311 0.4227
vt 0.4436 0.5252 0.4221
vt 0.3631 0.5230 0.4461
vt 0.3738 0.5422 0.4295
vt 0.3969 0.5036 0.4464
vt 0.4240 0.5057 0.4388
vt 0.3195 0.4971 0.4981
vt 0.3543 0.4815 0.4819
vt 0.3565 0.5026 0.4637
vt 0.3903 0.4723 0.4734
vt 0.4136 0.4818 0.4594
vt 0.3304 0.4456 0.5425
vt 0.3631 0.4399 0.5177
vt 0.3565 0.4604 0.5001
vt 0.3223 0.4709 0.5207
vt 0.3969 0.4410 0.5003
vt 0.4136 0.4564 0.4813
vt 0.6116 0.5492 0.4033
vt 0.6262 0.5343 0.4207
vt 0.3884 0.4033 0.5492
vt 0.4160 0.4135 0.5241
vt 0.4240 0.4325 0.5019
vt 0.3738 0.4207 0.5343
vt 0.6031 0.5003 0.4410
vt 0.6374 0.5159 0.4380
vt 0.5760 0.5019 0.4325
vt 0.6369 0.5177 0.4399
vt 0.5729 0.5726 0.3762
vt 0.5937 0.5621 0.3884
vt 0.5546 0.5430 0.3945
vt 0.5564 0.5187 0.4130
vt 0.5840 0.5241 0.4135
vt 0.5253 0.5850 0.3618
vt 0.5498 0.5803 0.3672
vt 0.5190 0.5510 0.3822
vt 0.5300 0.5297 0.4003
vt 0.5548 0.5417 0.3931
vt 0.4747 0.5850 0.3618
vt 0.5000 0.5866 0.3599
vt 0.4810 0.5510 0.3822
vt 0.5000 0.5335 0.3959
vt 0.4271 0.5726 0.3762
vt 0.4502 0.5803 0.3672
vt 0.4452 0.5417 0.3931
vt 0.4700 0.5297 0.4003
vt 0.3884 0.5492 0.4033
vt 0.4063 0.5621 0.3884
vt 0.6116 0.4033 0.5492
vt 0.5837 0.4149 0.5254
vt 0.5564 0.4130 0.5187
vt 0.5937 0.3884 0.5621
vt 0.5548 0.3931 0.5417
vt 0.5734 0.3744 0.5707
vt 0.3631 0.5177 0.4399
vt 0.3738 0.5343 0.4207
vt 0.6369 0.4399 0.5177
vt 0.6027 0.4422 0.5018
vt 0.5760 0.4325 0.5019
vt 0.6262 0.4207 0.5343
vt 0.5840 0.4135 0.5241
vt 0.6435 0.4604 0.5001
vt 0.6777 0.4709 0.5207
vt 0.6093 0.4734 0.4749
vt 0.5864 0.4564 0.4813
vt 0.6031 0.4410 0.5003
vt 0.6696 0.4456 0.5425
vt 0.5000 0.4650 0.4666
vt 0.4436 0.4130 0.5187
vt 0.4452 0.3931 0.5417
vt 0.4700 0.4003 0.5297
vt 0.4810 0.3822 0.5510
vt 0.5000 0.3959 0.5335
vt 0.5190 0.3822 0.5510
vt 0.5300 0.4003 0.5297
vt 0.5491 0.2205 0.7818
vt 0.5997 0.2205 0.7689
vt 0.4969 0.2205 0.7862
vt 0.5002 0.2083 0.7862
vt 0.5524 0.2083 0.7818
vt 0.6030 0.2083 0.7689
vt 0.6472 0.2205 0.7478
vt 0.6902 0.2205 0.7192
vt 0.6505 0.2083 0.7478
vt 0.6935 0.2083 0.7192
vt 0.3161 0.2205 0.7272
vt 0.3569 0.2205 0.7573
vt 0.2808 0.2205 0.6902
vt 0.2808 0.2083 0.6935
vt 0.3161 0.2083 0.7306
vt 0.3569 0.2083 0.7607
vt 0.4021 0.2205 0.7795
vt 0.4503 0.2205 0.7931
vt 0.4021 0.2083 0.7828
vt 0.4503 0.2083 0.7964
vt 0.5000 0.2205 0.7976
vt 0.5497 0.2205 0.7931
vt 0.5000 0.2083 0.8009
vt 0.5497 0.2083 0.7964
vt 0.5979 0.2205 0.7795
vt 0.6431 0.2205 0.7573
vt 0.5979 0.2083 0.7828
vt 0.6431 0.2083 0.7607
vt 0.6839 0.2205 0.7272
vt 0.7192 0.2205 0.6902
vt 0.6839 0.2083 0.7306
vt 0.7192 0.2083 0.6935
vt 0.3528 0.2205 0.2522
vt 0.4003 0.2205 0.2311
vt 0.3098 0.2205 0.2808
vt 0.3065 0.2083 0.2808
vt 0.3495 0.2083 0.2522
vt 0.3970 0.2083 0.2311
vt 0.4509 0.2205 0.2182
vt 0.5031 0.2205 0.2138
vt 0.4476 0.2083 0.2182
vt 0.4998 0.2083 0.2138
vt 0.5554 0.2205 0.2182
vt 0.6060 0.2205 0.2311
vt 0.5521 0.2083 0.2182
vt 0.6027 0.2083 0.2311
vt 0.6535 0.2205 0.2522
vt 0.6965 0.2205 0.2808
vt 0.6502 0.2083 0.2522
vt 0.6932 0.2083 0.2808
vt 0.3161 0.2205 0.2665
vt 0.3569 0.2205 0.2364
vt 0.2808 0.2205 0.3035
vt 0.2808 0.2083 0.3068
vt 0.3161 0.2083 0.2698
vt 0.3569 0.2083 0.2397
vt 0.4021 0.2205 0.2143
vt 0.4503 0.2205 0.2007
vt 0.4021 0.2083 0.2175
vt 0.4503 0.2083 0.2039
vt 0.5000 0.2205 0.1961
vt 0.5497 0.2205 0.2007
vt 0.5000 0.2083 0.1994
vt 0.5497 0.2083 0.2039
vt 0.5979 0.2205 0.2143
vt 0.6431 0.2205 0.2364
vt 0.5979 0.2083 0.2175
vt 0.6431 0.2083 0.2397
vt 0.6839 0.2205 0.2665
vt 0.7192 0.2205 0.3035
vt 0.6839 0.2083 0.2698
vt 0.7192 0.2083 0.3068
vt 0.3465 0.2205 0.7478
vt 0.3940 0.2205 0.7689
vt 0.3035 0.2205 0.7192
vt 0.3068 0.2083 0.7192
vt 0.3498 0.2083 0.7478
vt 0.3973 0.2083 0.7689
vt 0.4446 0.2205 0.7818
vt 0.4479 0.2083 0.7818
vt 0.5535 0.2014 0.7818
vt 0.6041 0.2014 0.7689
vt 0.5013 0.2014 0.7862
vt 0.5013 0.1970 0.7878
vt 0.5538 0.1970 0.7834
vt 0.6047 0.1970 0.7705
vt 0.6516 0.2014 0.7478
vt 0.6946 0.2014 0.7192
vt 0.6525 0.1970 0.7493
vt 0.6957 0.1970 0.7205
vt 0.3161 0.2014 0.7316
vt 0.3569 0.2014 0.7617
vt 0.2808 0.2014 0.6946
vt 0.2795 0.1970 0.6957
vt 0.3150 0.1970 0.7330
vt 0.3561 0.1970 0.7633
vt 0.4021 0.2014 0.7839
vt 0.4503 0.2014 0.7975
vt 0.4016 0.1970 0.7855
vt 0.4500 0.1970 0.7992
vt 0.5000 0.2014 0.8020
vt 0.5497 0.2014 0.7975
vt 0.5000 0.1970 0.8038
vt 0.5500 0.1970 0.7992
vt 0.5979 0.2014 0.7839
vt 0.6431 0.2014 0.7617
vt 0.5984 0.1970 0.7855
vt 0.6439 0.1970 0.7633
vt 0.6839 0.2014 0.7316
vt 0.7192 0.2014 0.6946
vt 0.6850 0.1970 0.7330
vt 0.7205 0.1970 0.6957
vt 0.3484 0.2014 0.2522
vt 0.3959 0.2014 0.2311
vt 0.3054 0.2014 0.2808
vt 0.3043 0.1970 0.2795
vt 0.3475 0.1970 0.2507
vt 0.3953 0.1970 0.2295
vt 0.4465 0.2014 0.2182
vt 0.4987 0.2014 0.2138
vt 0.4462 0.1970 0.2166
vt 0.4987 0.1970 0.2122
vt 0.5510 0.2014 0.2182
vt 0.6016 0.2014 0.2311
vt 0.5513 0.1970 0.2166
vt 0.6022 0.1970 0.2295
vt 0.6491 0.2014 0.2522
vt 0.6921 0.2014 0.2808
vt 0.6500 0.1970 0.2507
vt 0.6932 0.1970 0.2795
vt 0.3161 0.2014 0.2709
vt 0.3569 0.2014 0.2408
vt 0.2808 0.2014 0.3079
vt 0.2795 0.1970 0.3068
vt 0.3150 0.1970 0.2695
vt 0.3561 0.1970 0.2392
vt 0.4021 0.2014 0.2187
vt 0.4503 0.2014 0.2051
vt 0.4016 0.1970 0.2170
vt 0.4500 0.1970 0.2033
vt 0.5000 0.2014 0.2005
vt 0.5497 0.2014 0.2051
vt 0.5000 0.1970 0.1988
vt 0.5500 0.1970 0.2033
vt 0.5979 0.2014 0.2187
vt 0.6431 0.2014 0.2408
vt 0.5984 0.1970 0.2170
vt 0.6439 0.1970 0.2392
vt 0.6839 0.2014 0.2709
vt 0.7192 0.2014 0.3079
vt 0.6850 0.1970 0.2695
vt 0.7205 0.1970 0.3068
vt 0.3509 0.2014 0.7478
vt 0.3984 0.2014 0.7689
vt 0.3079 0.2014 0.7192
vt 0.3068 0.1970 0.7205
vt 0.3500 0.1970 0.7493
vt 0.3978 0.1970 0.7705
vt 0.4490 0.2014 0.7818
vt 0.4487 0.1970 0.7834
vt 0.5911 0.3654 0.8039
vt 0.5933 0.3864 0.8058
vt 0.5424 0.4085 0.8205
vt 0.5396 0.3845 0.8185
vt 0.5963 0.4034 0.8057
vt 0.5461 0.4279 0.8204
vt 0.4943 0.4531 0.8253
vt 0.4899 0.4313 0.8255
vt 0.4865 0.4041 0.8234
vt 0.6830 0.3314 0.7478
vt 0.6843 0.3469 0.7493
vt 0.6411 0.3657 0.7818
vt 0.6394 0.3476 0.7801
vt 0.6859 0.3597 0.7492
vt 0.6433 0.3805 0.7817
vt 0.3383 0.3062 0.7513
vt 0.3373 0.3177 0.7518
vt 0.2908 0.3308 0.7215
vt 0.2921 0.3175 0.7207
vt 0.3373 0.3273 0.7525
vt 0.2909 0.3418 0.7226
vt 0.2508 0.3597 0.6859
vt 0.2507 0.3469 0.6843
vt 0.2522 0.3314 0.6830
vt 0.4438 0.2927 0.7876
vt 0.4435 0.3021 0.7877
vt 0.3887 0.3080 0.7741
vt 0.3894 0.2979 0.7738
vt 0.4435 0.3100 0.7879
vt 0.3887 0.3166 0.7744
vt 0.5562 0.2927 0.7876
vt 0.5565 0.3021 0.7877
vt 0.5000 0.3001 0.7923
vt 0.5000 0.2910 0.7922
vt 0.5565 0.3100 0.7879
vt 0.5000 0.3078 0.7924
vt 0.6617 0.3062 0.7513
vt 0.6627 0.3177 0.7518
vt 0.6113 0.3080 0.7741
vt 0.6106 0.2979 0.7738
vt 0.6627 0.3273 0.7525
vt 0.6113 0.3166 0.7744
vt 0.7478 0.3314 0.6830
vt 0.7493 0.3469 0.6843
vt 0.7092 0.3308 0.7215
vt 0.7079 0.3175 0.7207
vt 0.7492 0.3597 0.6859
vt 0.7091 0.3418 0.7226
vt 0.4089 0.3654 0.1961
vt 0.4067 0.3864 0.1942
vt 0.3589 0.3657 0.2182
vt 0.3606 0.3476 0.2199
vt 0.4037 0.4034 0.1943
vt 0.3567 0.3805 0.2183
vt 0.3141 0.3597 0.2508
vt 0.3157 0.3469 0.2507
vt 0.3170 0.3314 0.2522
vt 0.5135 0.4041 0.1766
vt 0.5101 0.4313 0.1745
vt 0.4576 0.4085 0.1795
vt 0.4604 0.3845 0.1815
vt 0.5057 0.4531 0.1747
vt 0.4539 0.4279 0.1796
vt 0.6181 0.4428 0.1961
vt 0.6136 0.4762 0.1942
vt 0.5626 0.4541 0.1795
vt 0.5666 0.4237 0.1815
vt 0.6076 0.5028 0.1943
vt 0.5574 0.4783 0.1796
vt 0.7101 0.4768 0.2522
vt 0.7046 0.5157 0.2507
vt 0.6613 0.4969 0.2182
vt 0.6664 0.4606 0.2199
vt 0.6973 0.5465 0.2508
vt 0.6547 0.5257 0.2183
vt 0.3383 0.5020 0.2216
vt 0.3373 0.5450 0.2279
vt 0.2908 0.5318 0.2582
vt 0.2921 0.4907 0.2522
vt 0.3373 0.5789 0.2361
vt 0.2909 0.5643 0.2660
vt 0.2508 0.5465 0.3027
vt 0.2507 0.5157 0.2954
vt 0.2522 0.4768 0.2899
vt 0.4438 0.5155 0.1853
vt 0.4435 0.5606 0.1920
vt 0.3887 0.5546 0.2057
vt 0.3894 0.5103 0.1991
vt 0.4435 0.5961 0.2007
vt 0.3887 0.5896 0.2142
vt 0.5562 0.5155 0.1853
vt 0.5565 0.5606 0.1920
vt 0.5000 0.5625 0.1874
vt 0.5000 0.5172 0.1807
vt 0.5565 0.5961 0.2007
vt 0.5000 0.5983 0.1962
vt 0.6617 0.5020 0.2216
vt 0.6627 0.5450 0.2279
vt 0.6113 0.5546 0.2057
vt 0.6106 0.5103 0.1991
vt 0.6627 0.5789 0.2361
vt 0.6113 0.5896 0.2142
vt 0.7478 0.4768 0.2899
vt 0.7493 0.5157 0.2954
vt 0.7092 0.5318 0.2582
vt 0.7079 0.4907 0.2522
vt 0.7492 0.5465 0.3027
vt 0.7091 0.5643 0.2660
vt 0.3819 0.4428 0.8039
vt 0.3864 0.4762 0.8058
vt 0.3387 0.4969 0.7818
vt 0.3336 0.4606 0.7801
vt 0.3924 0.5028 0.8057
vt 0.3453 0.5257 0.7817
vt 0.3027 0.5465 0.7492
vt 0.2954 0.5157 0.7493
vt 0.2899 0.4768 0.7478
vt 0.4374 0.4541 0.8205
vt 0.4334 0.4237 0.8185
vt 0.4426 0.4783 0.8204
vt 0.6073 0.4425 0.7985
vt 0.6201 0.4729 0.7864
vt 0.5758 0.5046 0.8000
vt 0.5598 0.4715 0.8128
vt 0.6322 0.4999 0.7741
vt 0.5909 0.5338 0.7870
vt 0.5483 0.5687 0.7914
vt 0.5302 0.5374 0.8046
vt 0.5109 0.5014 0.8176
vt 0.6921 0.3907 0.7434
vt 0.6993 0.4161 0.7337
vt 0.6617 0.4431 0.7640
vt 0.6518 0.4153 0.7751
vt 0.7066 0.4393 0.7243
vt 0.6709 0.4680 0.7527
vt 0.3411 0.3522 0.7550
vt 0.3473 0.3739 0.7581
vt 0.3039 0.3928 0.7318
vt 0.2958 0.3695 0.7268
vt 0.3538 0.3940 0.7609
vt 0.3122 0.4143 0.7363
vt 0.2763 0.4392 0.7060
vt 0.2663 0.4161 0.6993
vt 0.2566 0.3907 0.6921
vt 0.4448 0.3318 0.7885
vt 0.4469 0.3514 0.7895
vt 0.3955 0.3599 0.7776
vt 0.3913 0.3396 0.7758
vt 0.4491 0.3699 0.7902
vt 0.3999 0.3791 0.7790
vt 0.5552 0.3318 0.7885
vt 0.5531 0.3514 0.7895
vt 0.5000 0.3485 0.7935
vt 0.5000 0.3292 0.7928
vt 0.5509 0.3699 0.7902
vt 0.5000 0.3669 0.7939
vt 0.6589 0.3522 0.7550
vt 0.6527 0.3739 0.7581
vt 0.6045 0.3599 0.7776
vt 0.6087 0.3396 0.7758
vt 0.6462 0.3940 0.7609
vt 0.6001 0.3791 0.7790
vt 0.7434 0.3907 0.6921
vt 0.7337 0.4161 0.6993
vt 0.6961 0.3928 0.7318
vt 0.7042 0.3695 0.7268
vt 0.7237 0.4392 0.7060
vt 0.6878 0.4143 0.7363
vt 0.3927 0.4425 0.2015
vt 0.3799 0.4729 0.2136
vt 0.3383 0.4431 0.2360
vt 0.3482 0.4153 0.2249
vt 0.3678 0.4999 0.2259
vt 0.3291 0.4680 0.2473
vt 0.7640 0.4431 0.6617
vt 0.7527 0.4680 0.6709
vt 0.3007 0.4161 0.2663
vt 0.3079 0.3907 0.2566
vt 0.4891 0.5014 0.1824
vt 0.4698 0.5374 0.1954
vt 0.4242 0.5046 0.2000
vt 0.4402 0.4715 0.1872
vt 0.4517 0.5687 0.2086
vt 0.4091 0.5338 0.2130
vt 0.5855 0.5602 0.2016
vt 0.5597 0.6018 0.2139
vt 0.5154 0.5701 0.2002
vt 0.5380 0.5312 0.1873
vt 0.5354 0.6376 0.2264
vt 0.4942 0.6037 0.2132
vt 0.6702 0.6120 0.2567
vt 0.6387 0.6585 0.2669
vt 0.6012 0.6315 0.2364
vt 0.6300 0.5874 0.2250
vt 0.6090 0.6981 0.2770
vt 0.5740 0.6693 0.2479
vt 0.3412 0.2669 0.6504
vt 0.3479 0.3027 0.7005
vt 0.3044 0.3290 0.6817
vt 0.2959 0.2951 0.6332
vt 0.3545 0.3364 0.7430
vt 0.3130 0.3609 0.7228
vt 0.6383 0.6578 0.2675
vt 0.6710 0.6817 0.3044
vt 0.6391 0.7228 0.3130
vt 0.7049 0.6332 0.2959
vt 0.4449 0.6709 0.2334
vt 0.4472 0.7229 0.2715
vt 0.3959 0.7144 0.2834
vt 0.3914 0.6631 0.2462
vt 0.4472 0.2715 0.7229
vt 0.4495 0.3074 0.7669
vt 0.4005 0.3184 0.7578
vt 0.3959 0.2834 0.7144
vt 0.3914 0.2462 0.6631
vt 0.3962 0.2838 0.7140
vt 0.5551 0.6709 0.2334
vt 0.5528 0.7229 0.2715
vt 0.5000 0.7257 0.2675
vt 0.5000 0.6734 0.2292
vt 0.5528 0.2715 0.7229
vt 0.5505 0.3074 0.7669
vt 0.5000 0.3037 0.7699
vt 0.5000 0.2675 0.7257
vt 0.6588 0.6504 0.2669
vt 0.6524 0.7009 0.3023
vt 0.6041 0.7144 0.2834
vt 0.6086 0.6631 0.2462
vt 0.6521 0.3027 0.7005
vt 0.6455 0.3364 0.7430
vt 0.5995 0.3184 0.7578
vt 0.6041 0.2834 0.7144
vt 0.3298 0.6120 0.7433
vt 0.3613 0.6585 0.7331
vt 0.3290 0.6817 0.6956
vt 0.2951 0.6332 0.7041
vt 0.3910 0.6981 0.7230
vt 0.3609 0.7228 0.6870
vt 0.6956 0.3290 0.6817
vt 0.6870 0.3609 0.7228
vt 0.6588 0.2669 0.6504
vt 0.7041 0.2951 0.6332
vt 0.4145 0.5602 0.7984
vt 0.4403 0.6018 0.7861
vt 0.3988 0.6315 0.7636
vt 0.3700 0.5874 0.7750
vt 0.4646 0.6376 0.7736
vt 0.4260 0.6693 0.7521
vt 0.4846 0.5701 0.7998
vt 0.4620 0.5312 0.8127
vt 0.5058 0.6037 0.7868
vt 0.5893 0.3361 0.7994
vt 0.5373 0.3508 0.8137
vt 0.4838 0.3660 0.8186
vt 0.6820 0.3097 0.7441
vt 0.6380 0.3222 0.7759
vt 0.3407 0.2902 0.7509
vt 0.2952 0.2989 0.7200
vt 0.2559 0.3097 0.6820
vt 0.4447 0.2798 0.7875
vt 0.3910 0.2837 0.7736
vt 0.5553 0.2798 0.7875
vt 0.5000 0.2785 0.7922
vt 0.6593 0.2902 0.7509
vt 0.6090 0.2837 0.7736
vt 0.7441 0.3097 0.6820
vt 0.7048 0.2989 0.7200
vt 0.4107 0.3361 0.2006
vt 0.3620 0.3222 0.2241
vt 0.3180 0.3097 0.2559
vt 0.5162 0.3660 0.1814
vt 0.4627 0.3508 0.1863
vt 0.6217 0.3959 0.2006
vt 0.5698 0.3812 0.1863
vt 0.7145 0.4223 0.2559
vt 0.6704 0.4098 0.2241
vt 0.3407 0.4418 0.2167
vt 0.2952 0.4331 0.2475
vt 0.2559 0.4223 0.2855
vt 0.4447 0.4522 0.1800
vt 0.3910 0.4483 0.1940
vt 0.5553 0.4522 0.1800
vt 0.5000 0.4535 0.1754
vt 0.6593 0.4418 0.2167
vt 0.6090 0.4483 0.1940
vt 0.7441 0.4223 0.2855
vt 0.7048 0.4331 0.2475
vt 0.3783 0.3959 0.7994
vt 0.3296 0.4098 0.7759
vt 0.2855 0.4223 0.7441
vt 0.4302 0.3812 0.8137
vt 0.7705 0.6047 0.1970
vt 0.7834 0.5538 0.1970
vt 0.7885 0.5547 0.1920
vt 0.7754 0.6066 0.1920
vt 0.7878 0.5013 0.1970
vt 0.7930 0.5013 0.1920
vt 0.5013 0.1865 0.7962
vt 0.5553 0.1865 0.7916
vt 0.5547 0.1920 0.7885
vt 0.5013 0.1920 0.7930
vt 0.6077 0.1865 0.7783
vt 0.6066 0.1920 0.7754
vt 0.7205 0.6957 0.1970
vt 0.7493 0.6525 0.1970
vt 0.7537 0.6552 0.1920
vt 0.7245 0.6992 0.1920
vt 0.6569 0.1865 0.7564
vt 0.6552 0.1920 0.7537
vt 0.7013 0.1865 0.7269
vt 0.6992 0.1920 0.7245
vt 0.6439 0.7633 0.1970
vt 0.6850 0.7330 0.1970
vt 0.6883 0.7372 0.1920
vt 0.6465 0.7680 0.1920
vt 0.7269 0.7013 0.1865
vt 0.6903 0.7397 0.1865
vt 0.3097 0.1865 0.7397
vt 0.3519 0.1865 0.7708
vt 0.3535 0.1920 0.7680
vt 0.3117 0.1920 0.7372
vt 0.5500 0.7992 0.1970
vt 0.5984 0.7855 0.1970
vt 0.6002 0.7906 0.1920
vt 0.5509 0.8046 0.1920
vt 0.3987 0.1865 0.7937
vt 0.3998 0.1920 0.7906
vt 0.4486 0.1865 0.8078
vt 0.4491 0.1920 0.8046
vt 0.4500 0.7992 0.1970
vt 0.5000 0.8038 0.1970
vt 0.5000 0.8092 0.1920
vt 0.4491 0.8046 0.1920
vt 0.5000 0.1865 0.8125
vt 0.5000 0.1920 0.8092
vt 0.5514 0.1865 0.8078
vt 0.5509 0.1920 0.8046
vt 0.3561 0.7633 0.1970
vt 0.4016 0.7855 0.1970
vt 0.3998 0.7906 0.1920
vt 0.3535 0.7680 0.1920
vt 0.6013 0.1865 0.7937
vt 0.6002 0.1920 0.7906
vt 0.6481 0.1865 0.7708
vt 0.6465 0.1920 0.7680
vt 0.2795 0.6957 0.1970
vt 0.3150 0.7330 0.1970
vt 0.3117 0.7372 0.1920
vt 0.2755 0.6992 0.1920
vt 0.6903 0.1865 0.7397
vt 0.6883 0.1920 0.7372
vt 0.3097 0.7397 0.1865
vt 0.2731 0.7013 0.1865
vt 0.2295 0.6047 0.1970
vt 0.2507 0.6525 0.1970
vt 0.2463 0.6552 0.1920
vt 0.2246 0.6066 0.1920
vt 0.2987 0.1865 0.2731
vt 0.3431 0.1865 0.2436
vt 0.3448 0.1920 0.2463
vt 0.3008 0.1920 0.2755
vt 0.3923 0.1865 0.2217
vt 0.3934 0.1920 0.2246
vt 0.2122 0.5013 0.1970
vt 0.2166 0.5538 0.1970
vt 0.2115 0.5547 0.1920
vt 0.2070 0.5013 0.1920
vt 0.4447 0.1865 0.2084
vt 0.4453 0.1920 0.2115
vt 0.4987 0.1865 0.2038
vt 0.4987 0.1920 0.2070
vt 0.2295 0.3978 0.1970
vt 0.2166 0.4487 0.1970
vt 0.2115 0.4478 0.1920
vt 0.2246 0.3959 0.1920
vt 0.5528 0.1865 0.2084
vt 0.5522 0.1920 0.2115
vt 0.6052 0.1865 0.2217
vt 0.6041 0.1920 0.2246
vt 0.2795 0.3068 0.1970
vt 0.2507 0.3500 0.1970
vt 0.2463 0.3473 0.1920
vt 0.2755 0.3033 0.1920
vt 0.6544 0.1865 0.2436
vt 0.6527 0.1920 0.2463
vt 0.6988 0.1865 0.2731
vt 0.6967 0.1920 0.2755
vt 0.3561 0.2392 0.1970
vt 0.3150 0.2695 0.1970
vt 0.3117 0.2654 0.1920
vt 0.3535 0.2345 0.1920
vt 0.2731 0.3012 0.1865
vt 0.3097 0.2628 0.1865
vt 0.3097 0.1865 0.2628
vt 0.3519 0.1865 0.2317
vt 0.3535 0.1920 0.2345
vt 0.3117 0.1920 0.2654
vt 0.4500 0.2033 0.1970
vt 0.4016 0.2170 0.1970
vt 0.3998 0.2119 0.1920
vt 0.4491 0.1980 0.1920
vt 0.3987 0.1865 0.2088
vt 0.3998 0.1920 0.2119
vt 0.4486 0.1865 0.1947
vt 0.4491 0.1920 0.1980
vt 0.5500 0.2033 0.1970
vt 0.5000 0.1988 0.1970
vt 0.5000 0.1933 0.1920
vt 0.5509 0.1980 0.1920
vt 0.5000 0.1865 0.1900
vt 0.5000 0.1920 0.1933
vt 0.5514 0.1865 0.1947
vt 0.5509 0.1920 0.1980
vt 0.6439 0.2392 0.1970
vt 0.5984 0.2170 0.1970
vt 0.6002 0.2119 0.1920
vt 0.6465 0.2345 0.1920
vt 0.6013 0.1865 0.2088
vt 0.6002 0.1920 0.2119
vt 0.6481 0.1865 0.2317
vt 0.6465 0.1920 0.2345
vt 0.7205 0.3068 0.1970
vt 0.6850 0.2695 0.1970
vt 0.6883 0.2654 0.1920
vt 0.7245 0.3033 0.1920
vt 0.6903 0.1865 0.2628
vt 0.6883 0.1920 0.2654
vt 0.6903 0.2628 0.1865
vt 0.7269 0.3012 0.1865
vt 0.7705 0.3978 0.1970
vt 0.7493 0.3500 0.1970
vt 0.7537 0.3473 0.1920
vt 0.7754 0.3959 0.1920
vt 0.3012 0.1865 0.7269
vt 0.3456 0.1865 0.7564
vt 0.3473 0.1920 0.7537
vt 0.3033 0.1920 0.7245
vt 0.3948 0.1865 0.7783
vt 0.3959 0.1920 0.7754
vt 0.7834 0.4487 0.1970
vt 0.7885 0.4478 0.1920
vt 0.4472 0.1865 0.7916
vt 0.4478 0.1920 0.7885
vt 0.2217 0.6077 0.1865
vt 0.2084 0.5553 0.1865
vt 0.2128 0.5545 0.1807
vt 0.2259 0.6061 0.1807
vt 0.2038 0.5013 0.1865
vt 0.2083 0.5013 0.1807
vt 0.2463 0.5013 0.1773
vt 0.2886 0.5404 0.1761
vt 0.2616 0.5925 0.1773
vt 0.2436 0.6569 0.1865
vt 0.2474 0.6545 0.1807
vt 0.2765 0.6983 0.1807
vt 0.3141 0.6141 0.1761
vt 0.3056 0.6727 0.1773
vt 0.3519 0.7708 0.1865
vt 0.3125 0.7361 0.1807
vt 0.3541 0.7668 0.1807
vt 0.3620 0.6741 0.1761
vt 0.3731 0.7322 0.1773
vt 0.4486 0.8078 0.1865
vt 0.3987 0.7937 0.1865
vt 0.4002 0.7893 0.1807
vt 0.4493 0.8032 0.1807
vt 0.4266 0.7133 0.1761
vt 0.4559 0.7639 0.1773
vt 0.5514 0.8078 0.1865
vt 0.5000 0.8125 0.1865
vt 0.5000 0.8078 0.1807
vt 0.5507 0.8032 0.1807
vt 0.5000 0.7269 0.1761
vt 0.5441 0.7639 0.1773
vt 0.6481 0.7708 0.1865
vt 0.6013 0.7937 0.1865
vt 0.5998 0.7893 0.1807
vt 0.6459 0.7668 0.1807
vt 0.5734 0.7133 0.1761
vt 0.6269 0.7322 0.1773
vt 0.6875 0.7361 0.1807
vt 0.7235 0.6983 0.1807
vt 0.6380 0.6741 0.1761
vt 0.6944 0.6727 0.1773
vt 0.7783 0.6077 0.1865
vt 0.7564 0.6569 0.1865
vt 0.7526 0.6545 0.1807
vt 0.7741 0.6061 0.1807
vt 0.6859 0.6141 0.1761
vt 0.7384 0.5925 0.1773
vt 0.7962 0.5013 0.1865
vt 0.7916 0.5553 0.1865
vt 0.7872 0.5545 0.1807
vt 0.7917 0.5013 0.1807
vt 0.7114 0.5404 0.1761
vt 0.7537 0.5013 0.1773
vt 0.7783 0.3948 0.1865
vt 0.7916 0.4472 0.1865
vt 0.7872 0.4480 0.1807
vt 0.7741 0.3964 0.1807
vt 0.7114 0.4621 0.1761
vt 0.7384 0.4101 0.1773
vt 0.7564 0.3456 0.1865
vt 0.7526 0.3480 0.1807
vt 0.7235 0.3042 0.1807
vt 0.6859 0.3885 0.1761
vt 0.6944 0.3298 0.1773
vt 0.6481 0.2317 0.1865
vt 0.6875 0.2664 0.1807
vt 0.6459 0.2357 0.1807
vt 0.6380 0.3284 0.1761
vt 0.6269 0.2703 0.1773
vt 0.5514 0.1947 0.1865
vt 0.6013 0.2088 0.1865
vt 0.5998 0.2132 0.1807
vt 0.5507 0.1993 0.1807
vt 0.5734 0.2893 0.1761
vt 0.5441 0.2386 0.1773
vt 0.4486 0.1947 0.1865
vt 0.5000 0.1900 0.1865
vt 0.5000 0.1947 0.1807
vt 0.4493 0.1993 0.1807
vt 0.5000 0.2757 0.1761
vt 0.4559 0.2386 0.1773
vt 0.3519 0.2317 0.1865
vt 0.3987 0.2088 0.1865
vt 0.4002 0.2132 0.1807
vt 0.3541 0.2357 0.1807
vt 0.4266 0.2893 0.1761
vt 0.3731 0.2703 0.1773
vt 0.3125 0.2664 0.1807
vt 0.2765 0.3042 0.1807
vt 0.3620 0.3284 0.1761
vt 0.3056 0.3298 0.1773
vt 0.2217 0.3948 0.1865
vt 0.2436 0.3456 0.1865
vt 0.2474 0.3480 0.1807
vt 0.2259 0.3964 0.1807
vt 0.3141 0.3885 0.1761
vt 0.2616 0.4101 0.1773
vt 0.2084 0.4472 0.1865
vt 0.2128 0.4480 0.1807
vt 0.2886 0.4621 0.1761
vt 0.5000 0.5013 0.1745
vt 0.2138 0.5586 0.5861
vt 0.2182 0.6000 0.5503
vt 0.2162 0.5574 0.5842
vt 0.2205 0.5985 0.5487
vt 0.2333 0.6383 0.5144
vt 0.2311 0.6402 0.5157
vt 0.2522 0.6779 0.4831
vt 0.2542 0.6756 0.4821
vt 0.2826 0.7094 0.4530
vt 0.2808 0.7119 0.4537
vt 0.3161 0.7413 0.4284
vt 0.3176 0.7385 0.4278
vt 0.3580 0.7622 0.4074
vt 0.3569 0.7652 0.4078
vt 0.4021 0.7828 0.3927
vt 0.4029 0.7796 0.3924
vt 0.4507 0.7904 0.3831
vt 0.4503 0.7935 0.3834
vt 0.5000 0.7971 0.3803
vt 0.5000 0.7939 0.3801
vt 0.5493 0.7904 0.3831
vt 0.5497 0.7935 0.3834
vt 0.5979 0.7828 0.3927
vt 0.5971 0.7796 0.3924
vt 0.6420 0.7622 0.4074
vt 0.6431 0.7652 0.4078
vt 0.6839 0.7413 0.4284
vt 0.6824 0.7385 0.4278
vt 0.7174 0.7094 0.4530
vt 0.7192 0.7119 0.4537
vt 0.7478 0.6779 0.4831
vt 0.7458 0.6756 0.4821
vt 0.7667 0.6383 0.5144
vt 0.7689 0.6402 0.5157
vt 0.7818 0.6000 0.5503
vt 0.7795 0.5985 0.5487
vt 0.7838 0.5574 0.5842
vt 0.7862 0.5586 0.5861
vt 0.7818 0.5172 0.6219
vt 0.7795 0.5164 0.6197
vt 0.2333 0.6541 0.4765
vt 0.2310 0.6565 0.4770
vt 0.2182 0.6219 0.5172
vt 0.2205 0.6197 0.5164
vt 0.7690 0.4770 0.6565
vt 0.7743 0.4776 0.6612
vt 0.2521 0.6891 0.4393
vt 0.2542 0.6863 0.4392
vt 0.2826 0.7155 0.4054
vt 0.2807 0.7185 0.4052
vt 0.3160 0.7439 0.3758
vt 0.3176 0.7407 0.3763
vt 0.3581 0.7612 0.3526
vt 0.3568 0.7645 0.3519
vt 0.4021 0.7797 0.3344
vt 0.4029 0.7762 0.3352
vt 0.4507 0.7855 0.3245
vt 0.4503 0.7890 0.3236
vt 0.5000 0.7921 0.3200
vt 0.5000 0.7886 0.3209
vt 0.5493 0.7855 0.3245
vt 0.5497 0.7890 0.3236
vt 0.5979 0.7797 0.3344
vt 0.5971 0.7762 0.3352
vt 0.6419 0.7612 0.3526
vt 0.6431 0.7645 0.3519
vt 0.6840 0.7439 0.3758
vt 0.6824 0.7407 0.3763
vt 0.7174 0.7155 0.4054
vt 0.7193 0.7185 0.4052
vt 0.7479 0.6891 0.4393
vt 0.7458 0.6863 0.4392
vt 0.7667 0.6541 0.4765
vt 0.7690 0.6565 0.4770
vt 0.2257 0.4776 0.6612
vt 0.2310 0.4770 0.6565
vt 0.2182 0.5172 0.6219
vt 0.7795 0.6197 0.5164
vt 0.7818 0.6219 0.5172
vt 0.2205 0.5164 0.6197
vt 0.6369 0.5114 0.7680
vt 0.5969 0.5459 0.7807
vt 0.6383 0.5144 0.7667
vt 0.5985 0.5487 0.7795
vt 0.5574 0.5842 0.7838
vt 0.5557 0.5814 0.7850
vt 0.2814 0.4498 0.7084
vt 0.2530 0.4791 0.6744
vt 0.2473 0.4680 0.6709
vt 0.7084 0.4498 0.7186
vt 0.7095 0.4530 0.7175
vt 0.6756 0.4821 0.7458
vt 0.6744 0.4791 0.7470
vt 0.3572 0.4040 0.7615
vt 0.3165 0.4246 0.7377
vt 0.3580 0.4074 0.7622
vt 0.3176 0.4278 0.7385
vt 0.2826 0.4530 0.7094
vt 0.4504 0.3796 0.7899
vt 0.4023 0.3889 0.7791
vt 0.4507 0.3831 0.7904
vt 0.4029 0.3924 0.7796
vt 0.5496 0.3796 0.7899
vt 0.5000 0.3765 0.7935
vt 0.5493 0.3831 0.7904
vt 0.5000 0.3801 0.7939
vt 0.6428 0.4040 0.7615
vt 0.5977 0.3889 0.7791
vt 0.6420 0.4074 0.7622
vt 0.5971 0.3924 0.7796
vt 0.7186 0.4498 0.7084
vt 0.6835 0.4246 0.7377
vt 0.7174 0.4530 0.7094
vt 0.6824 0.4278 0.7385
vt 0.3631 0.5114 0.2320
vt 0.3256 0.4791 0.2530
vt 0.3617 0.5144 0.2333
vt 0.3244 0.4821 0.2542
vt 0.7470 0.4791 0.6744
vt 0.7457 0.4821 0.6756
vt 0.4443 0.5814 0.2150
vt 0.4031 0.5459 0.2193
vt 0.4426 0.5842 0.2162
vt 0.4015 0.5487 0.2205
vt 0.5255 0.6514 0.2323
vt 0.4855 0.6169 0.2194
vt 0.5235 0.6541 0.2333
vt 0.4836 0.6197 0.2205
vt 0.5968 0.7129 0.2818
vt 0.5629 0.6837 0.2533
vt 0.5946 0.7155 0.2826
vt 0.5608 0.6863 0.2542
vt 0.3576 0.3502 0.7586
vt 0.3169 0.3740 0.7381
vt 0.3581 0.3526 0.7612
vt 0.3176 0.3763 0.7407
vt 0.2826 0.4054 0.7155
vt 0.2818 0.4032 0.7129
vt 0.2770 0.3910 0.6981
vt 0.4505 0.3221 0.7829
vt 0.4026 0.3328 0.7737
vt 0.4507 0.3245 0.7855
vt 0.4029 0.3352 0.7762
vt 0.5495 0.3221 0.7829
vt 0.5000 0.3185 0.7860
vt 0.5493 0.3245 0.7855
vt 0.5000 0.3209 0.7886
vt 0.6424 0.3502 0.7586
vt 0.5974 0.3328 0.7737
vt 0.6419 0.3526 0.7612
vt 0.5971 0.3352 0.7762
vt 0.7230 0.3910 0.6981
vt 0.7182 0.4032 0.7129
vt 0.6831 0.3740 0.7381
vt 0.7174 0.4054 0.7155
vt 0.6824 0.3763 0.7407
vt 0.4745 0.6514 0.7677
vt 0.4371 0.6837 0.7467
vt 0.4765 0.6541 0.7667
vt 0.4392 0.6863 0.7458
vt 0.4054 0.7155 0.7174
vt 0.4032 0.7129 0.7182
vt 0.5145 0.6169 0.7806
vt 0.5164 0.6197 0.7795
vt 0.6001 0.4207 0.8041
vt 0.5509 0.4474 0.8187
vt 0.5001 0.4749 0.8236
vt 0.6881 0.3731 0.7479
vt 0.6463 0.3957 0.7802
vt 0.3382 0.3378 0.7534
vt 0.2920 0.3536 0.7241
vt 0.2521 0.3731 0.6881
vt 0.4438 0.3189 0.7881
vt 0.3893 0.3261 0.7749
vt 0.5562 0.3189 0.7881
vt 0.5000 0.3166 0.7925
vt 0.6618 0.3378 0.7534
vt 0.6107 0.3261 0.7749
vt 0.7479 0.3731 0.6881
vt 0.7080 0.3536 0.7241
vt 0.3999 0.4207 0.1959
vt 0.3537 0.3957 0.2198
vt 0.3119 0.3731 0.2521
vt 0.4999 0.4749 0.1764
vt 0.4491 0.4474 0.1813
vt 0.5999 0.5290 0.1959
vt 0.5506 0.5023 0.1813
vt 0.6878 0.5766 0.2521
vt 0.6460 0.5540 0.2198
vt 0.3382 0.6119 0.2469
vt 0.2920 0.5961 0.2762
vt 0.3412 0.6504 0.2669
vt 0.2959 0.6332 0.2951
vt 0.7238 0.5961 0.2920
vt 0.2521 0.5766 0.3122
vt 0.4438 0.6308 0.2122
vt 0.3893 0.6236 0.2254
vt 0.5562 0.6308 0.2122
vt 0.5000 0.6331 0.2078
vt 0.6618 0.6119 0.2469
vt 0.6107 0.6236 0.2254
vt 0.7479 0.5766 0.3122
vt 0.7080 0.5961 0.2762
vt 0.3122 0.5766 0.7479
vt 0.2762 0.5961 0.7080
vt 0.7041 0.6332 0.2951
vt 0.4001 0.5290 0.8041
vt 0.3540 0.5540 0.7802
vt 0.4494 0.5023 0.8187
# 1680 texture coords

o Cylinder002
g Cylinder002
usemtl wire_228184153
s 1
f 2035/2503/2034 2036/2504/2035 2037/2505/2036 2038/2506/2037 
f 2036/2504/2035 2039/2507/2038 2040/2508/2039 2037/2505/2036 
f 2041/2509/2040 2042/2510/2041 2037/2505/2036 2040/2508/2039 
f 2042/2510/2041 2043/2511/2042 2038/2506/2037 2037/2505/2036 
f 2039/2507/2038 2044/2512/2043 2045/2513/2044 2040/2508/2039 
f 2044/2512/2043 2046/2514/2045 2047/2515/2046 2045/2513/2044 
f 2048/2516/2047 2049/2517/2048 2045/2513/2044 2047/2515/2046 
f 2049/2517/2048 2041/2509/2040 2040/2508/2039 2045/2513/2044 
f 2046/2518/2045 2050/2519/2049 2051/2520/2050 2047/2521/2046 
f 2050/2519/2049 2052/2522/2051 2053/2523/2052 2051/2520/2050 
f 2054/2524/2053 2055/2525/2054 2051/2520/2050 2053/2523/2052 
f 2055/2525/2054 2048/2526/2047 2047/2521/2046 2051/2520/2050 
f 2052/2522/2051 2056/2527/2055 2057/2528/2056 2053/2523/2052 
f 2056/2527/2055 2058/2529/2057 2059/2530/2058 2057/2528/2056 
f 2060/2531/2059 2061/2532/2060 2057/2528/2056 2059/2530/2058 
f 2061/2532/2060 2054/2524/2053 2053/2523/2052 2057/2528/2056 
f 2058/2529/2057 2062/2533/2061 2063/2534/2062 2059/2530/2058 
f 2062/2533/2061 2064/2535/2063 2065/2536/2064 2063/2534/2062 
f 2066/2537/2065 2067/2538/2066 2063/2534/2062 2065/2536/2064 
f 2067/2538/2066 2060/2531/2059 2059/2530/2058 2063/2534/2062 
f 2064/2535/2063 2068/2539/2067 2069/2540/2068 2065/2536/2064 
f 2068/2539/2067 2070/2541/2069 2071/2542/2070 2069/2540/2068 
f 2072/2543/2071 2073/2544/2072 2069/2540/2068 2071/2542/2070 
f 2073/2544/2072 2066/2537/2065 2065/2536/2064 2069/2540/2068 
f 2070/2541/2069 2074/2545/2073 2075/2546/2074 2071/2542/2070 
f 2074/2545/2073 2076/2547/2075 2077/2548/2076 2075/2546/2074 
f 2078/2549/2077 2079/2550/2078 2075/2546/2074 2077/2548/2076 
f 2079/2550/2078 2072/2543/2071 2071/2542/2070 2075/2546/2074 
f 2076/2551/2075 2080/2552/2079 2081/2553/2080 2077/2554/2076 
f 2080/2552/2079 2082/2555/2081 2083/2556/2082 2081/2553/2080 
f 2084/2557/2083 2085/2558/2084 2081/2553/2080 2083/2556/2082 
f 2085/2558/2084 2078/2559/2077 2077/2554/2076 2081/2553/2080 
f 2082/2555/2081 2086/2560/2085 2087/2561/2086 2083/2556/2082 
f 2086/2560/2085 2088/2562/2087 2089/2563/2088 2087/2561/2086 
f 2090/2564/2089 2091/2565/2090 2087/2561/2086 2089/2563/2088 
f 2091/2565/2090 2084/2557/2083 2083/2556/2082 2087/2561/2086 
f 2088/2562/2087 2092/2566/2091 2093/2567/2092 2089/2563/2088 
f 2092/2566/2091 2094/2568/2093 2095/2569/2094 2093/2567/2092 
f 2096/2570/2095 2097/2571/2096 2093/2567/2092 2095/2569/2094 
f 2097/2571/2096 2090/2564/2089 2089/2563/2088 2093/2567/2092 
f 2094/2568/2093 2098/2572/2097 2099/2573/2098 2095/2569/2094 
f 2098/2572/2097 2100/2574/2099 2101/2575/2100 2099/2573/2098 
f 2102/2576/2101 2103/2577/2102 2099/2573/2098 2101/2575/2100 
f 2103/2577/2102 2096/2570/2095 2095/2569/2094 2099/2573/2098 
f 2100/2578/2099 2104/2579/2103 2105/2580/2104 2101/2581/2100 
f 2104/2579/2103 2106/2582/2105 2107/2583/2106 2105/2580/2104 
f 2108/2584/2107 2109/2585/2108 2105/2580/2104 2107/2583/2106 
f 2109/2585/2108 2102/2586/2101 2101/2581/2100 2105/2580/2104 
f 2106/2582/2105 2110/2587/2109 2111/2588/2110 2107/2583/2106 
f 2110/2587/2109 2112/2589/2111 2113/2590/2112 2111/2588/2110 
f 2114/2591/2113 2115/2592/2114 2111/2588/2110 2113/2590/2112 
f 2115/2592/2114 2108/2584/2107 2107/2583/2106 2111/2588/2110 
f 2112/2589/2111 2116/2593/2115 2117/2594/2116 2113/2590/2112 
f 2116/2593/2115 2118/2595/2117 2119/2596/2118 2117/2594/2116 
f 2120/2597/2119 2121/2598/2120 2117/2594/2116 2119/2596/2118 
f 2121/2598/2120 2114/2591/2113 2113/2590/2112 2117/2594/2116 
f 2118/2595/2117 2122/2599/2121 2123/2600/2122 2119/2596/2118 
f 2122/2599/2121 2124/2601/2123 2125/2602/2124 2123/2600/2122 
f 2126/2603/2125 2127/2604/2126 2123/2600/2122 2125/2602/2124 
f 2127/2604/2126 2120/2597/2119 2119/2596/2118 2123/2600/2122 
f 2124/2601/2123 2128/2605/2127 2129/2606/2128 2125/2602/2124 
f 2128/2605/2127 2130/2607/2129 2131/2608/2130 2129/2606/2128 
f 2132/2609/2131 2133/2610/2132 2129/2606/2128 2131/2608/2130 
f 2133/2610/2132 2126/2603/2125 2125/2602/2124 2129/2606/2128 
f 2130/2611/2129 2134/2612/2133 2135/2613/2134 2131/2614/2130 
f 2134/2612/2133 2136/2615/2135 2137/2616/2136 2135/2613/2134 
f 2138/2617/2137 2139/2618/2138 2135/2613/2134 2137/2616/2136 
f 2139/2618/2138 2132/2619/2131 2131/2614/2130 2135/2613/2134 
f 2136/2615/2135 2140/2620/2139 2141/2621/2140 2137/2616/2136 
f 2140/2620/2139 2035/2503/2034 2038/2506/2037 2141/2621/2140 
f 2043/2511/2042 2142/2622/2141 2141/2621/2140 2038/2506/2037 
f 2142/2622/2141 2138/2617/2137 2137/2616/2136 2141/2621/2140 
f 2143/2623/2142 2144/2624/2143 2145/2625/2144 2146/2626/2145 
f 2144/2627/2143 2147/2628/2146 2148/2629/2147 2145/2630/2144 
f 2149/2631/2148 2150/2632/2149 2145/2630/2144 2148/2629/2147 
f 2150/2633/2149 2151/2634/2150 2146/2626/2145 2145/2625/2144 
f 2152/2635/2151 2153/2636/2152 2154/2637/2153 2155/2638/2154 
f 2153/2639/2152 2156/2640/2155 2157/2641/2156 2154/2642/2153 
f 2147/2628/2146 2144/2627/2143 2154/2642/2153 2157/2641/2156 
f 2144/2624/2143 2143/2623/2142 2155/2638/2154 2154/2637/2153 
f 2158/2643/2157 2159/2644/2158 2160/2645/2159 2161/2646/2160 
f 2159/2644/2158 2162/2647/2161 2163/2648/2162 2160/2645/2159 
f 2156/2649/2155 2153/2636/2152 2160/2645/2159 2163/2648/2162 
f 2153/2636/2152 2152/2635/2151 2161/2646/2160 2160/2645/2159 
f 2164/2650/2163 2165/2651/2164 2166/2652/2165 2167/2653/2166 
f 2165/2651/2164 2168/2654/2167 2169/2655/2168 2166/2652/2165 
f 2162/2647/2161 2159/2644/2158 2166/2652/2165 2169/2655/2168 
f 2159/2644/2158 2158/2643/2157 2167/2653/2166 2166/2652/2165 
f 2170/2656/2169 2171/2657/2170 2172/2658/2171 2173/2659/2172 
f 2171/2657/2170 2174/2660/2173 2175/2661/2174 2172/2658/2171 
f 2168/2654/2167 2165/2651/2164 2172/2658/2171 2175/2661/2174 
f 2165/2651/2164 2164/2650/2163 2173/2659/2172 2172/2658/2171 
f 2176/2662/2175 2177/2663/2176 2178/2664/2177 2179/2665/2178 
f 2177/2663/2176 2180/2666/2179 2181/2667/2180 2178/2664/2177 
f 2174/2660/2173 2171/2657/2170 2178/2664/2177 2181/2667/2180 
f 2171/2657/2170 2170/2656/2169 2179/2665/2178 2178/2664/2177 
f 2182/2668/2181 2183/2669/2182 2184/2670/2183 2185/2671/2184 
f 2183/2669/2182 2186/2672/2185 2187/2673/2186 2184/2670/2183 
f 2180/2666/2179 2177/2663/2176 2184/2670/2183 2187/2673/2186 
f 2177/2663/2176 2176/2662/2175 2185/2671/2184 2184/2670/2183 
f 2188/2674/2187 2189/2675/2188 2190/2676/2189 2191/2677/2190 
f 2189/2678/2188 2192/2679/2191 2193/2680/2192 2190/2681/2189 
f 2186/2682/2185 2183/2683/2182 2190/2681/2189 2193/2680/2192 
f 2183/2669/2182 2182/2668/2181 2191/2677/2190 2190/2676/2189 
f 2194/2684/2193 2195/2685/2194 2196/2686/2195 2197/2687/2196 
f 2195/2688/2194 2198/2689/2197 2199/2690/2198 2196/2691/2195 
f 2192/2679/2191 2189/2678/2188 2196/2691/2195 2199/2690/2198 
f 2189/2675/2188 2188/2674/2187 2197/2687/2196 2196/2686/2195 
f 2200/2692/2199 2201/2693/2200 2202/2694/2201 2203/2695/2202 
f 2201/2693/2200 2204/2696/2203 2205/2697/2204 2202/2694/2201 
f 2198/2689/2197 2195/2688/2194 2202/2694/2201 2205/2697/2204 
f 2195/2685/2194 2194/2684/2193 2203/2698/2202 2202/2699/2201 
f 2206/2700/2205 2207/2701/2206 2208/2702/2207 2209/2703/2208 
f 2207/2704/2206 2210/2705/2209 2211/2706/2210 2208/2707/2207 
f 2204/2696/2203 2201/2693/2200 2208/2707/2207 2211/2706/2210 
f 2201/2708/2200 2200/2709/2199 2209/2703/2208 2208/2702/2207 
f 2212/2710/2211 2213/2711/2212 2214/2712/2213 2215/2713/2214 
f 2213/2711/2212 2216/2714/2215 2217/2715/2216 2214/2712/2213 
f 2210/2716/2209 2207/2701/2206 2214/2712/2213 2217/2715/2216 
f 2207/2701/2206 2206/2700/2205 2215/2713/2214 2214/2712/2213 
f 2218/2717/2217 2219/2718/2218 2220/2719/2219 2221/2720/2220 
f 2219/2718/2218 2222/2721/2221 2223/2722/2222 2220/2719/2219 
f 2216/2714/2215 2213/2711/2212 2220/2719/2219 2223/2722/2222 
f 2213/2711/2212 2212/2710/2211 2221/2720/2220 2220/2719/2219 
f 2224/2723/2223 2225/2724/2224 2226/2725/2225 2227/2726/2226 
f 2225/2724/2224 2228/2727/2227 2229/2728/2228 2226/2725/2225 
f 2222/2721/2221 2219/2718/2218 2226/2725/2225 2229/2728/2228 
f 2219/2718/2218 2218/2717/2217 2227/2726/2226 2226/2725/2225 
f 2230/2729/2229 2231/2730/2230 2232/2731/2231 2233/2732/2232 
f 2231/2730/2230 2234/2733/2233 2235/2734/2234 2232/2731/2231 
f 2228/2727/2227 2225/2724/2224 2232/2731/2231 2235/2734/2234 
f 2225/2724/2224 2224/2723/2223 2233/2732/2232 2232/2731/2231 
f 2236/2735/2235 2237/2736/2236 2238/2737/2237 2239/2738/2238 
f 2237/2736/2236 2240/2739/2239 2241/2740/2240 2238/2737/2237 
f 2234/2733/2233 2231/2730/2230 2238/2737/2237 2241/2740/2240 
f 2231/2730/2230 2230/2729/2229 2239/2738/2238 2238/2737/2237 
f 2242/2741/2241 2243/2742/2242 2244/2743/2243 2245/2744/2244 
f 2243/2745/2242 2246/2746/2245 2247/2747/2246 2244/2748/2243 
f 2240/2749/2239 2237/2750/2236 2244/2748/2243 2247/2747/2246 
f 2237/2736/2236 2236/2735/2235 2245/2744/2244 2244/2743/2243 
f 2151/2634/2150 2150/2633/2149 2248/2751/2247 2249/2752/2248 
f 2150/2632/2149 2149/2631/2148 2250/2753/2249 2248/2754/2247 
f 2246/2746/2245 2243/2745/2242 2248/2754/2247 2250/2753/2249 
f 2243/2745/2242 2242/2755/2241 2249/2756/2248 2248/2754/2247 
f 2149/2631/2148 2148/2629/2147 2251/2757/2250 2252/2758/2251 
f 2148/2629/2147 2147/2628/2146 2253/2759/2252 2251/2757/2250 
f 2254/2760/2253 2255/2761/2254 2251/2762/2250 2253/2763/2252 
f 2255/2761/2254 2256/2764/2255 2252/2765/2251 2251/2762/2250 
f 2147/2766/2146 2157/2767/2156 2257/2768/2256 2253/2769/2252 
f 2157/2767/2156 2156/2770/2155 2258/2771/2257 2257/2768/2256 
f 2259/2772/2258 2260/2773/2259 2257/2774/2256 2258/2775/2257 
f 2260/2773/2259 2254/2760/2253 2253/2763/2252 2257/2774/2256 
f 2156/2770/2155 2163/2776/2162 2261/2777/2260 2258/2771/2257 
f 2163/2776/2162 2162/2778/2161 2262/2779/2261 2261/2777/2260 
f 2263/2780/2262 2264/2781/2263 2261/2777/2260 2262/2779/2261 
f 2264/2782/2263 2259/2772/2258 2258/2775/2257 2261/2783/2260 
f 2162/2778/2161 2169/2784/2168 2265/2785/2264 2262/2779/2261 
f 2169/2784/2168 2168/2786/2167 2266/2787/2265 2265/2785/2264 
f 2267/2788/2266 2268/2789/2267 2265/2785/2264 2266/2787/2265 
f 2268/2789/2267 2263/2780/2262 2262/2779/2261 2265/2785/2264 
f 2168/2786/2167 2175/2790/2174 2269/2791/2268 2266/2787/2265 
f 2175/2790/2174 2174/2792/2173 2270/2793/2269 2269/2791/2268 
f 2271/2794/2270 2272/2795/2271 2269/2791/2268 2270/2793/2269 
f 2272/2795/2271 2267/2788/2266 2266/2787/2265 2269/2791/2268 
f 2174/2792/2173 2181/2796/2180 2273/2797/2272 2270/2793/2269 
f 2181/2796/2180 2180/2798/2179 2274/2799/2273 2273/2797/2272 
f 2275/2800/2274 2276/2801/2275 2273/2797/2272 2274/2799/2273 
f 2276/2801/2275 2271/2794/2270 2270/2793/2269 2273/2797/2272 
f 2180/2798/2179 2187/2802/2186 2277/2803/2276 2274/2799/2273 
f 2187/2802/2186 2186/2804/2185 2278/2805/2277 2277/2803/2276 
f 2279/2806/2278 2280/2807/2279 2277/2808/2276 2278/2809/2277 
f 2280/2810/2279 2275/2800/2274 2274/2799/2273 2277/2803/2276 
f 2186/2804/2185 2193/2811/2192 2281/2812/2280 2278/2805/2277 
f 2193/2811/2192 2192/2813/2191 2282/2814/2281 2281/2812/2280 
f 2283/2815/2282 2284/2816/2283 2281/2817/2280 2282/2818/2281 
f 2284/2816/2283 2279/2806/2278 2278/2809/2277 2281/2817/2280 
f 2192/2679/2191 2199/2690/2198 2285/2819/2284 2282/2820/2281 
f 2199/2690/2198 2198/2689/2197 2286/2821/2285 2285/2819/2284 
f 2287/2822/2286 2288/2823/2287 2285/2824/2284 2286/2825/2285 
f 2288/2823/2287 2283/2815/2282 2282/2818/2281 2285/2824/2284 
f 2198/2826/2197 2205/2827/2204 2289/2828/2288 2286/2825/2285 
f 2205/2827/2204 2204/2829/2203 2290/2830/2289 2289/2828/2288 
f 2291/2831/2290 2292/2832/2291 2289/2828/2288 2290/2830/2289 
f 2292/2832/2291 2287/2822/2286 2286/2825/2285 2289/2828/2288 
f 2204/2829/2203 2211/2833/2210 2293/2834/2292 2290/2830/2289 
f 2211/2833/2210 2210/2835/2209 2294/2836/2293 2293/2834/2292 
f 2295/2837/2294 2296/2838/2295 2293/2834/2292 2294/2836/2293 
f 2296/2838/2295 2291/2831/2290 2290/2830/2289 2293/2834/2292 
f 2210/2835/2209 2217/2839/2216 2297/2840/2296 2294/2836/2293 
f 2217/2839/2216 2216/2841/2215 2298/2842/2297 2297/2840/2296 
f 2299/2843/2298 2300/2844/2299 2297/2840/2296 2298/2842/2297 
f 2300/2844/2299 2295/2837/2294 2294/2836/2293 2297/2840/2296 
f 2216/2841/2215 2223/2845/2222 2301/2846/2300 2298/2842/2297 
f 2223/2845/2222 2222/2847/2221 2302/2848/2301 2301/2846/2300 
f 2303/2849/2302 2304/2850/2303 2301/2846/2300 2302/2848/2301 
f 2304/2850/2303 2299/2843/2298 2298/2842/2297 2301/2846/2300 
f 2222/2847/2221 2229/2851/2228 2305/2852/2304 2302/2848/2301 
f 2229/2851/2228 2228/2853/2227 2306/2854/2305 2305/2852/2304 
f 2307/2855/2306 2308/2856/2307 2305/2852/2304 2306/2854/2305 
f 2308/2856/2307 2303/2849/2302 2302/2848/2301 2305/2852/2304 
f 2228/2853/2227 2235/2857/2234 2309/2858/2308 2306/2854/2305 
f 2235/2857/2234 2234/2859/2233 2310/2860/2309 2309/2858/2308 
f 2311/2861/2310 2312/2862/2311 2309/2858/2308 2310/2860/2309 
f 2312/2862/2311 2307/2855/2306 2306/2854/2305 2309/2858/2308 
f 2234/2859/2233 2241/2863/2240 2313/2864/2312 2310/2860/2309 
f 2241/2863/2240 2240/2865/2239 2314/2866/2313 2313/2864/2312 
f 2315/2867/2314 2316/2868/2315 2313/2864/2312 2314/2866/2313 
f 2316/2868/2315 2311/2861/2310 2310/2860/2309 2313/2864/2312 
f 2240/2865/2239 2247/2869/2246 2317/2870/2316 2314/2866/2313 
f 2247/2869/2246 2246/2871/2245 2318/2872/2317 2317/2870/2316 
f 2319/2873/2318 2320/2874/2319 2317/2870/2316 2318/2872/2317 
f 2320/2874/2319 2315/2867/2314 2314/2866/2313 2317/2870/2316 
f 2246/2871/2245 2250/2875/2249 2321/2876/2320 2318/2872/2317 
f 2250/2875/2249 2149/2877/2148 2252/2765/2251 2321/2876/2320 
f 2256/2764/2255 2322/2878/2321 2321/2876/2320 2252/2765/2251 
f 2322/2878/2321 2319/2873/2318 2318/2872/2317 2321/2876/2320 
f 2256/2764/2255 2255/2761/2254 2323/2879/2322 2324/2880/2323 
f 2255/2761/2254 2254/2760/2253 2325/2881/2324 2323/2879/2322 
f 2326/2882/2325 2327/2883/2326 2323/2879/2322 2325/2881/2324 
f 2327/2883/2326 2328/2884/2327 2324/2880/2323 2323/2879/2322 
f 2254/2760/2253 2260/2773/2259 2329/2885/2328 2325/2881/2324 
f 2260/2773/2259 2259/2772/2258 2330/2886/2329 2329/2885/2328 
f 2331/2887/2330 2332/2888/2331 2329/2885/2328 2330/2886/2329 
f 2332/2888/2331 2326/2882/2325 2325/2881/2324 2329/2885/2328 
f 2259/2772/2258 2264/2782/2263 2333/2889/2332 2330/2886/2329 
f 2264/2782/2263 2263/2890/2262 2334/2891/2333 2333/2889/2332 
f 2335/2892/2334 2336/2893/2335 2333/2889/2332 2334/2891/2333 
f 2336/2893/2335 2331/2887/2330 2330/2886/2329 2333/2889/2332 
f 2263/2890/2262 2268/2894/2267 2337/2895/2336 2334/2891/2333 
f 2268/2894/2267 2267/2896/2266 2338/2897/2337 2337/2895/2336 
f 2339/2898/2338 2340/2899/2339 2337/2895/2336 2338/2897/2337 
f 2340/2899/2339 2335/2892/2334 2334/2891/2333 2337/2895/2336 
f 2267/2896/2266 2272/2900/2271 2341/2901/2340 2338/2897/2337 
f 2272/2900/2271 2271/2902/2270 2342/2903/2341 2341/2901/2340 
f 2343/2904/2342 2344/2905/2343 2341/2901/2340 2342/2903/2341 
f 2344/2905/2343 2339/2898/2338 2338/2897/2337 2341/2901/2340 
f 2271/2902/2270 2276/2906/2275 2345/2907/2344 2342/2903/2341 
f 2276/2906/2275 2275/2908/2274 2346/2909/2345 2345/2907/2344 
f 2347/2910/2346 2348/2911/2347 2345/2907/2344 2346/2909/2345 
f 2348/2911/2347 2343/2904/2342 2342/2903/2341 2345/2907/2344 
f 2275/2908/2274 2280/2807/2279 2349/2912/2348 2346/2909/2345 
f 2280/2807/2279 2279/2806/2278 2350/2913/2349 2349/2912/2348 
f 2351/2914/2350 2352/2915/2351 2349/2912/2348 2350/2913/2349 
f 2352/2915/2351 2347/2910/2346 2346/2909/2345 2349/2912/2348 
f 2279/2806/2278 2284/2816/2283 2353/2916/2352 2350/2913/2349 
f 2284/2816/2283 2283/2815/2282 2354/2917/2353 2353/2916/2352 
f 2355/2918/2354 2356/2919/2355 2353/2916/2352 2354/2917/2353 
f 2356/2919/2355 2351/2914/2350 2350/2913/2349 2353/2916/2352 
f 2283/2815/2282 2288/2823/2287 2357/2920/2356 2354/2917/2353 
f 2288/2823/2287 2287/2822/2286 2358/2921/2357 2357/2920/2356 
f 2359/2922/2358 2360/2923/2359 2357/2920/2356 2358/2921/2357 
f 2360/2923/2359 2355/2918/2354 2354/2917/2353 2357/2920/2356 
f 2287/2822/2286 2292/2832/2291 2361/2924/2360 2358/2921/2357 
f 2292/2832/2291 2291/2831/2290 2362/2925/2361 2361/2924/2360 
f 2363/2926/2362 2364/2927/2363 2361/2928/2360 2362/2929/2361 
f 2364/2930/2363 2359/2922/2358 2358/2921/2357 2361/2924/2360 
f 2291/2831/2290 2296/2838/2295 2365/2931/2364 2362/2925/2361 
f 2296/2838/2295 2295/2837/2294 2366/2932/2365 2365/2931/2364 
f 2367/2933/2366 2368/2934/2367 2365/2935/2364 2366/2936/2365 
f 2368/2934/2367 2363/2937/2362 2362/2938/2361 2365/2935/2364 
f 2295/2837/2294 2300/2844/2299 2369/2939/2368 2366/2932/2365 
f 2300/2940/2299 2299/2941/2298 2370/2942/2369 2369/2943/2368 
f 2371/2944/2370 2372/2945/2371 2369/2943/2368 2370/2942/2369 
f 2372/2945/2371 2367/2933/2366 2366/2936/2365 2369/2943/2368 
f 2299/2941/2298 2304/2946/2303 2373/2947/2372 2370/2942/2369 
f 2304/2946/2303 2303/2948/2302 2374/2949/2373 2373/2947/2372 
f 2375/2950/2374 2376/2951/2375 2373/2947/2372 2374/2949/2373 
f 2376/2951/2375 2371/2944/2370 2370/2942/2369 2373/2947/2372 
f 2303/2948/2302 2308/2952/2307 2377/2953/2376 2374/2949/2373 
f 2308/2952/2307 2307/2954/2306 2378/2955/2377 2377/2953/2376 
f 2379/2956/2378 2380/2957/2379 2377/2953/2376 2378/2955/2377 
f 2380/2957/2379 2375/2950/2374 2374/2949/2373 2377/2953/2376 
f 2307/2954/2306 2312/2958/2311 2381/2959/2380 2378/2955/2377 
f 2312/2958/2311 2311/2960/2310 2382/2961/2381 2381/2959/2380 
f 2383/2962/2382 2384/2963/2383 2381/2959/2380 2382/2961/2381 
f 2384/2963/2383 2379/2956/2378 2378/2955/2377 2381/2959/2380 
f 2311/2960/2310 2316/2964/2315 2385/2965/2384 2382/2961/2381 
f 2316/2868/2315 2315/2867/2314 2386/2966/2385 2385/2967/2384 
f 2387/2968/2386 2388/2969/2387 2385/2965/2384 2386/2970/2385 
f 2388/2969/2387 2383/2962/2382 2382/2961/2381 2385/2965/2384 
f 2315/2867/2314 2320/2874/2319 2389/2971/2388 2386/2966/2385 
f 2320/2874/2319 2319/2873/2318 2390/2972/2389 2389/2971/2388 
f 2391/2973/2390 2392/2974/2391 2389/2975/2388 2390/2976/2389 
f 2392/2974/2391 2387/2968/2386 2386/2970/2385 2389/2975/2388 
f 2319/2873/2318 2322/2878/2321 2393/2977/2392 2390/2972/2389 
f 2322/2878/2321 2256/2764/2255 2324/2880/2323 2393/2977/2392 
f 2328/2884/2327 2394/2978/2393 2393/2977/2392 2324/2880/2323 
f 2394/2979/2393 2391/2980/2390 2390/2981/2389 2393/2982/2392 
f 2328/2983/2327 2327/2984/2326 2395/2985/2394 2396/2986/2395 
f 2327/2984/2326 2326/2987/2325 2397/2988/2396 2395/2985/2394 
f 2398/2989/2397 2399/2990/2398 2395/2985/2394 2397/2988/2396 
f 2399/2990/2398 2400/2991/2399 2396/2986/2395 2395/2985/2394 
f 2326/2987/2325 2332/2992/2331 2401/2993/2400 2397/2988/2396 
f 2332/2888/2331 2331/2887/2330 2402/2994/2401 2401/2995/2400 
f 2403/2996/2402 2404/2997/2403 2401/2993/2400 2402/2998/2401 
f 2404/2997/2403 2398/2989/2397 2397/2988/2396 2401/2993/2400 
f 2331/2887/2330 2336/2893/2335 2405/2999/2404 2402/2994/2401 
f 2336/2893/2335 2335/2892/2334 2406/3000/2405 2405/2999/2404 
f 2407/3001/2406 2408/3002/2407 2405/2999/2404 2406/3000/2405 
f 2408/3002/2407 2403/3003/2402 2402/2994/2401 2405/2999/2404 
f 2335/2892/2334 2340/2899/2339 2409/3004/2408 2406/3000/2405 
f 2340/2899/2339 2339/2898/2338 2410/3005/2409 2409/3004/2408 
f 2411/3006/2410 2412/3007/2411 2409/3004/2408 2410/3005/2409 
f 2412/3007/2411 2407/3001/2406 2406/3000/2405 2409/3004/2408 
f 2339/2898/2338 2344/2905/2343 2413/3008/2412 2410/3005/2409 
f 2344/2905/2343 2343/2904/2342 2414/3009/2413 2413/3008/2412 
f 2415/3010/2414 2416/3011/2415 2413/3008/2412 2414/3009/2413 
f 2416/3011/2415 2411/3006/2410 2410/3005/2409 2413/3008/2412 
f 2343/2904/2342 2348/2911/2347 2417/3012/2416 2414/3009/2413 
f 2348/2911/2347 2347/2910/2346 2418/3013/2417 2417/3012/2416 
f 2419/3014/2418 2420/3015/2419 2417/3012/2416 2418/3013/2417 
f 2420/3015/2419 2415/3010/2414 2414/3009/2413 2417/3012/2416 
f 2347/2910/2346 2352/2915/2351 2421/3016/2420 2418/3013/2417 
f 2352/2915/2351 2351/2914/2350 2422/3017/2421 2421/3016/2420 
f 2423/3018/2422 2424/3019/2423 2421/3016/2420 2422/3017/2421 
f 2424/3019/2423 2419/3014/2418 2418/3013/2417 2421/3016/2420 
f 2351/2914/2350 2356/2919/2355 2425/3020/2424 2422/3017/2421 
f 2356/3021/2355 2355/3022/2354 2426/3023/2425 2425/3024/2424 
f 2427/3025/2426 2428/3026/2427 2425/3024/2424 2426/3023/2425 
f 2428/3026/2427 2423/3027/2422 2422/3028/2421 2425/3024/2424 
f 2355/3022/2354 2360/3029/2359 2429/3030/2428 2426/3023/2425 
f 2360/3029/2359 2359/3031/2358 2430/3032/2429 2429/3030/2428 
f 2431/3033/2430 2432/3034/2431 2429/3030/2428 2430/3032/2429 
f 2432/3034/2431 2427/3025/2426 2426/3023/2425 2429/3030/2428 
f 2359/3031/2358 2364/2927/2363 2433/3035/2432 2430/3032/2429 
f 2364/2927/2363 2363/2926/2362 2434/3036/2433 2433/3035/2432 
f 2435/3037/2434 2436/3038/2435 2433/3035/2432 2434/3036/2433 
f 2436/3038/2435 2431/3033/2430 2430/3032/2429 2433/3035/2432 
f 2363/2926/2362 2368/3039/2367 2437/3040/2436 2434/3036/2433 
f 2368/3039/2367 2367/3041/2366 2438/3042/2437 2437/3040/2436 
f 2439/3043/2438 2440/3044/2439 2437/3040/2436 2438/3042/2437 
f 2440/3044/2439 2435/3037/2434 2434/3036/2433 2437/3040/2436 
f 2367/2933/2366 2372/2945/2371 2441/3045/2440 2438/3046/2437 
f 2372/2945/2371 2371/2944/2370 2442/3047/2441 2441/3045/2440 
f 2443/3048/2442 2444/3049/2443 2441/3045/2440 2442/3047/2441 
f 2444/3049/2443 2439/3050/2438 2438/3046/2437 2441/3045/2440 
f 2371/2944/2370 2376/2951/2375 2445/3051/2444 2442/3047/2441 
f 2376/2951/2375 2375/2950/2374 2446/3052/2445 2445/3051/2444 
f 2447/3053/2446 2448/3054/2447 2445/3051/2444 2446/3052/2445 
f 2448/3054/2447 2443/3048/2442 2442/3047/2441 2445/3051/2444 
f 2375/2950/2374 2380/2957/2379 2449/3055/2448 2446/3052/2445 
f 2380/2957/2379 2379/2956/2378 2450/3056/2449 2449/3055/2448 
f 2451/3057/2450 2452/3058/2451 2449/3055/2448 2450/3056/2449 
f 2452/3058/2451 2447/3053/2446 2446/3052/2445 2449/3055/2448 
f 2379/2956/2378 2384/2963/2383 2453/3059/2452 2450/3056/2449 
f 2384/2963/2383 2383/2962/2382 2454/3060/2453 2453/3059/2452 
f 2455/3061/2454 2456/3062/2455 2453/3059/2452 2454/3060/2453 
f 2456/3062/2455 2451/3057/2450 2450/3056/2449 2453/3059/2452 
f 2383/2962/2382 2388/2969/2387 2457/3063/2456 2454/3060/2453 
f 2388/2969/2387 2387/2968/2386 2458/3064/2457 2457/3063/2456 
f 2459/3065/2458 2460/3066/2459 2457/3063/2456 2458/3064/2457 
f 2460/3066/2459 2455/3061/2454 2454/3060/2453 2457/3063/2456 
f 2387/3067/2386 2392/3068/2391 2461/3069/2460 2458/3070/2457 
f 2392/3068/2391 2391/2980/2390 2462/3071/2461 2461/3069/2460 
f 2463/3072/2462 2464/3073/2463 2461/3069/2460 2462/3071/2461 
f 2464/3073/2463 2459/3074/2458 2458/3070/2457 2461/3069/2460 
f 2391/2980/2390 2394/2979/2393 2465/3075/2464 2462/3071/2461 
f 2394/2979/2393 2328/2983/2327 2396/2986/2395 2465/3075/2464 
f 2400/2991/2399 2466/3076/2465 2465/3075/2464 2396/2986/2395 
f 2466/3076/2465 2463/3072/2462 2462/3071/2461 2465/3075/2464 
f 2398/2989/2397 2467/3077/2466 2468/3078/2467 2399/2990/2398 
f 2467/3079/2466 2469/3080/2468 2470/3081/2469 2468/3082/2467 
f 2471/3083/2470 2472/3084/2471 2468/3078/2467 2470/3085/2469 
f 2472/3084/2471 2400/2991/2399 2399/2990/2398 2468/3078/2467 
f 2403/2996/2402 2473/3086/2472 2474/3087/2473 2404/2997/2403 
f 2473/3088/2472 2475/3089/2474 2476/3090/2475 2474/3091/2473 
f 2469/3080/2468 2467/3079/2466 2474/3091/2473 2476/3090/2475 
f 2467/3077/2466 2398/2989/2397 2404/2997/2403 2474/3087/2473 
f 2407/3001/2406 2477/3092/2476 2478/3093/2477 2408/3002/2407 
f 2477/3092/2476 2479/3094/2478 2480/3095/2479 2478/3093/2477 
f 2475/3089/2474 2473/3088/2472 2478/3093/2477 2480/3095/2479 
f 2473/3088/2472 2403/3003/2402 2408/3002/2407 2478/3093/2477 
f 2411/3006/2410 2481/3096/2480 2482/3097/2481 2412/3007/2411 
f 2481/3096/2480 2483/3098/2482 2484/3099/2483 2482/3097/2481 
f 2479/3094/2478 2477/3092/2476 2482/3097/2481 2484/3099/2483 
f 2477/3092/2476 2407/3001/2406 2412/3007/2411 2482/3097/2481 
f 2415/3010/2414 2485/3100/2484 2486/3101/2485 2416/3011/2415 
f 2485/3100/2484 2487/3102/2486 2488/3103/2487 2486/3101/2485 
f 2483/3098/2482 2481/3096/2480 2486/3101/2485 2488/3103/2487 
f 2481/3096/2480 2411/3006/2410 2416/3011/2415 2486/3101/2485 
f 2419/3014/2418 2489/3104/2488 2490/3105/2489 2420/3015/2419 
f 2489/3104/2488 2491/3106/2490 2492/3107/2491 2490/3105/2489 
f 2487/3102/2486 2485/3100/2484 2490/3105/2489 2492/3107/2491 
f 2485/3100/2484 2415/3010/2414 2420/3015/2419 2490/3105/2489 
f 2423/3018/2422 2493/3108/2492 2494/3109/2493 2424/3019/2423 
f 2493/3108/2492 2495/3110/2494 2496/3111/2495 2494/3109/2493 
f 2491/3106/2490 2489/3104/2488 2494/3109/2493 2496/3111/2495 
f 2489/3104/2488 2419/3014/2418 2424/3019/2423 2494/3109/2493 
f 2427/3025/2426 2497/3112/2496 2498/3113/2497 2428/3026/2427 
f 2497/3114/2496 2499/3115/2498 2500/3116/2499 2498/3117/2497 
f 2495/3110/2494 2493/3108/2492 2498/3117/2497 2500/3116/2499 
f 2493/3118/2492 2423/3027/2422 2428/3026/2427 2498/3113/2497 
f 2431/3033/2430 2501/3119/2500 2502/3120/2501 2432/3034/2431 
f 2501/3119/2500 2503/3121/2502 2504/3122/2503 2502/3120/2501 
f 2499/3115/2498 2497/3114/2496 2502/3123/2501 2504/3124/2503 
f 2497/3112/2496 2427/3025/2426 2432/3034/2431 2502/3120/2501 
f 2435/3037/2434 2505/3125/2504 2506/3126/2505 2436/3038/2435 
f 2505/3125/2504 2507/3127/2506 2508/3128/2507 2506/3126/2505 
f 2503/3121/2502 2501/3119/2500 2506/3126/2505 2508/3128/2507 
f 2501/3119/2500 2431/3033/2430 2436/3038/2435 2506/3126/2505 
f 2439/3043/2438 2509/3129/2508 2510/3130/2509 2440/3044/2439 
f 2509/3131/2508 2511/3132/2510 2512/3133/2511 2510/3134/2509 
f 2507/3135/2506 2505/3136/2504 2510/3134/2509 2512/3133/2511 
f 2505/3125/2504 2435/3037/2434 2440/3044/2439 2510/3130/2509 
f 2443/3048/2442 2513/3137/2512 2514/3138/2513 2444/3049/2443 
f 2513/3137/2512 2515/3139/2514 2516/3140/2515 2514/3138/2513 
f 2511/3132/2510 2509/3131/2508 2514/3138/2513 2516/3140/2515 
f 2509/3131/2508 2439/3050/2438 2444/3049/2443 2514/3138/2513 
f 2447/3053/2446 2517/3141/2516 2518/3142/2517 2448/3054/2447 
f 2517/3141/2516 2519/3143/2518 2520/3144/2519 2518/3142/2517 
f 2515/3139/2514 2513/3137/2512 2518/3142/2517 2520/3144/2519 
f 2513/3137/2512 2443/3048/2442 2448/3054/2447 2518/3142/2517 
f 2451/3057/2450 2521/3145/2520 2522/3146/2521 2452/3058/2451 
f 2521/3145/2520 2523/3147/2522 2524/3148/2523 2522/3146/2521 
f 2519/3143/2518 2517/3141/2516 2522/3146/2521 2524/3148/2523 
f 2517/3141/2516 2447/3053/2446 2452/3058/2451 2522/3146/2521 
f 2455/3061/2454 2525/3149/2524 2526/3150/2525 2456/3062/2455 
f 2525/3149/2524 2527/3151/2526 2528/3152/2527 2526/3150/2525 
f 2523/3147/2522 2521/3145/2520 2526/3150/2525 2528/3152/2527 
f 2521/3145/2520 2451/3057/2450 2456/3062/2455 2526/3150/2525 
f 2459/3065/2458 2529/3153/2528 2530/3154/2529 2460/3066/2459 
f 2529/3153/2528 2531/3155/2530 2532/3156/2531 2530/3154/2529 
f 2527/3151/2526 2525/3149/2524 2530/3154/2529 2532/3156/2531 
f 2525/3149/2524 2455/3061/2454 2460/3066/2459 2530/3154/2529 
f 2463/3072/2462 2533/3157/2532 2534/3158/2533 2464/3073/2463 
f 2533/3159/2532 2535/3160/2534 2536/3161/2535 2534/3162/2533 
f 2531/3155/2530 2529/3153/2528 2534/3162/2533 2536/3161/2535 
f 2529/3163/2528 2459/3074/2458 2464/3073/2463 2534/3158/2533 
f 2400/2991/2399 2472/3084/2471 2537/3164/2536 2466/3076/2465 
f 2472/3084/2471 2471/3083/2470 2538/3165/2537 2537/3164/2536 
f 2535/3166/2534 2533/3157/2532 2537/3164/2536 2538/3165/2537 
f 2533/3157/2532 2463/3072/2462 2466/3076/2465 2537/3164/2536 
f 2469/3080/2468 2539/3167/2538 2540/3168/2539 2470/3081/2469 
f 2539/3167/2538 2541/3169/2540 2542/3170/2541 2540/3168/2539 
f 2543/3171/2542 2544/3172/2543 2540/3168/2539 2542/3170/2541 
f 2544/3172/2543 2471/3173/2470 2470/3081/2469 2540/3168/2539 
f 2475/3089/2474 2545/3174/2544 2546/3175/2545 2476/3090/2475 
f 2545/3174/2544 2547/3176/2546 2548/3177/2547 2546/3175/2545 
f 2541/3169/2540 2539/3167/2538 2546/3175/2545 2548/3177/2547 
f 2539/3167/2538 2469/3080/2468 2476/3090/2475 2546/3175/2545 
f 2479/3094/2478 2549/3178/2548 2550/3179/2549 2480/3095/2479 
f 2549/3178/2548 2551/3180/2550 2552/3181/2551 2550/3179/2549 
f 2547/3176/2546 2545/3174/2544 2550/3179/2549 2552/3181/2551 
f 2545/3174/2544 2475/3089/2474 2480/3095/2479 2550/3179/2549 
f 2483/3098/2482 2553/3182/2552 2554/3183/2553 2484/3099/2483 
f 2553/3182/2552 2555/3184/2554 2556/3185/2555 2554/3183/2553 
f 2551/3180/2550 2549/3178/2548 2554/3183/2553 2556/3185/2555 
f 2549/3178/2548 2479/3094/2478 2484/3099/2483 2554/3183/2553 
f 2487/3102/2486 2557/3186/2556 2558/3187/2557 2488/3103/2487 
f 2557/3186/2556 2559/3188/2558 2560/3189/2559 2558/3187/2557 
f 2555/3184/2554 2553/3182/2552 2558/3187/2557 2560/3189/2559 
f 2553/3182/2552 2483/3098/2482 2488/3103/2487 2558/3187/2557 
f 2491/3106/2490 2561/3190/2560 2562/3191/2561 2492/3107/2491 
f 2561/3190/2560 2563/3192/2562 2564/3193/2563 2562/3191/2561 
f 2559/3188/2558 2557/3186/2556 2562/3191/2561 2564/3193/2563 
f 2557/3186/2556 2487/3102/2486 2492/3107/2491 2562/3191/2561 
f 2495/3110/2494 2565/3194/2564 2566/3195/2565 2496/3111/2495 
f 2565/3194/2564 2567/3196/2566 2568/3197/2567 2566/3195/2565 
f 2563/3192/2562 2561/3190/2560 2566/3195/2565 2568/3197/2567 
f 2561/3190/2560 2491/3106/2490 2496/3111/2495 2566/3195/2565 
f 2499/3115/2498 2569/3198/2568 2570/3199/2569 2500/3116/2499 
f 2569/3198/2568 2571/3200/2570 2572/3201/2571 2570/3199/2569 
f 2567/3196/2566 2565/3194/2564 2570/3199/2569 2572/3201/2571 
f 2565/3194/2564 2495/3110/2494 2500/3116/2499 2570/3199/2569 
f 2503/3202/2502 2573/3203/2572 2574/3204/2573 2504/3124/2503 
f 2573/3203/2572 2575/3205/2574 2576/3206/2575 2574/3204/2573 
f 2571/3200/2570 2569/3198/2568 2574/3204/2573 2576/3206/2575 
f 2569/3198/2568 2499/3115/2498 2504/3124/2503 2574/3204/2573 
f 2507/3207/2506 2577/3208/2576 2578/3209/2577 2508/3210/2507 
f 2577/3208/2576 2579/3211/2578 2580/3212/2579 2578/3209/2577 
f 2575/3205/2574 2573/3203/2572 2578/3209/2577 2580/3212/2579 
f 2573/3203/2572 2503/3202/2502 2508/3210/2507 2578/3209/2577 
f 2511/3132/2510 2581/3213/2580 2582/3214/2581 2512/3133/2511 
f 2581/3215/2580 2583/3216/2582 2584/3217/2583 2582/3218/2581 
f 2579/3219/2578 2577/3220/2576 2582/3214/2581 2584/3221/2583 
f 2577/3222/2576 2507/3135/2506 2512/3133/2511 2582/3214/2581 
f 2515/3139/2514 2585/3223/2584 2586/3224/2585 2516/3140/2515 
f 2585/3223/2584 2587/3225/2586 2588/3226/2587 2586/3224/2585 
f 2583/3227/2582 2581/3213/2580 2586/3224/2585 2588/3226/2587 
f 2581/3213/2580 2511/3132/2510 2516/3140/2515 2586/3224/2585 
f 2519/3143/2518 2589/3228/2588 2590/3229/2589 2520/3144/2519 
f 2589/3228/2588 2591/3230/2590 2592/3231/2591 2590/3229/2589 
f 2587/3232/2586 2585/3223/2584 2590/3229/2589 2592/3231/2591 
f 2585/3223/2584 2515/3139/2514 2520/3144/2519 2590/3229/2589 
f 2523/3147/2522 2593/3233/2592 2594/3234/2593 2524/3148/2523 
f 2593/3233/2592 2595/3235/2594 2596/3236/2595 2594/3234/2593 
f 2591/3230/2590 2589/3228/2588 2594/3234/2593 2596/3236/2595 
f 2589/3228/2588 2519/3143/2518 2524/3148/2523 2594/3234/2593 
f 2527/3151/2526 2597/3237/2596 2598/3238/2597 2528/3152/2527 
f 2597/3237/2596 2599/3239/2598 2600/3240/2599 2598/3238/2597 
f 2595/3235/2594 2593/3233/2592 2598/3238/2597 2600/3240/2599 
f 2593/3233/2592 2523/3147/2522 2528/3152/2527 2598/3238/2597 
f 2531/3155/2530 2601/3241/2600 2602/3242/2601 2532/3156/2531 
f 2601/3243/2600 2603/3244/2602 2604/3245/2603 2602/3246/2601 
f 2599/3247/2598 2597/3248/2596 2602/3246/2601 2604/3245/2603 
f 2597/3237/2596 2527/3151/2526 2532/3156/2531 2602/3242/2601 
f 2535/3160/2534 2605/3249/2604 2606/3250/2605 2536/3161/2535 
f 2605/3251/2604 2607/3252/2606 2608/3253/2607 2606/3254/2605 
f 2603/3255/2602 2601/3243/2600 2606/3254/2605 2608/3253/2607 
f 2601/3241/2600 2531/3155/2530 2536/3161/2535 2606/3250/2605 
f 2471/3173/2470 2544/3172/2543 2609/3256/2608 2538/3257/2537 
f 2544/3172/2543 2543/3258/2542 2610/3259/2609 2609/3256/2608 
f 2607/3260/2606 2605/3251/2604 2609/3256/2608 2610/3259/2609 
f 2605/3251/2604 2535/3261/2534 2538/3257/2537 2609/3256/2608 
f 2541/3169/2540 2548/3177/2547 2611/3262/2610 2542/3170/2541 
f 2548/3177/2547 2547/3176/2546 2552/3181/2551 2611/3262/2610 
f 2551/3180/2550 2556/3185/2555 2611/3262/2610 2552/3181/2551 
f 2556/3185/2555 2555/3184/2554 2560/3189/2559 2611/3262/2610 
f 2559/3188/2558 2564/3193/2563 2611/3262/2610 2560/3189/2559 
f 2564/3193/2563 2563/3192/2562 2568/3197/2567 2611/3262/2610 
f 2567/3196/2566 2572/3201/2571 2611/3262/2610 2568/3197/2567 
f 2572/3201/2571 2571/3200/2570 2576/3206/2575 2611/3262/2610 
f 2575/3205/2574 2580/3212/2579 2611/3262/2610 2576/3206/2575 
f 2580/3212/2579 2579/3211/2578 2584/3217/2583 2611/3262/2610 
f 2583/3216/2582 2588/3263/2587 2611/3262/2610 2584/3217/2583 
f 2588/3263/2587 2587/3264/2586 2592/3265/2591 2611/3262/2610 
f 2591/3266/2590 2596/3267/2595 2611/3262/2610 2592/3265/2591 
f 2596/3267/2595 2595/3268/2594 2600/3269/2599 2611/3262/2610 
f 2599/3247/2598 2604/3245/2603 2611/3262/2610 2600/3269/2599 
f 2604/3245/2603 2603/3255/2602 2608/3253/2607 2611/3262/2610 
f 2607/3260/2606 2610/3259/2609 2611/3262/2610 2608/3253/2607 
f 2610/3259/2609 2543/3171/2542 2542/3170/2541 2611/3262/2610 
f 2039/2507/2038 2036/2504/2035 2612/3270/2611 2613/3271/2612 
f 2036/2504/2035 2035/2503/2034 2614/3272/2613 2612/3270/2611 
f 2615/3273/2614 2616/3274/2615 2612/3270/2611 2614/3272/2613 
f 2616/3274/2615 2617/3275/2616 2613/3271/2612 2612/3270/2611 
f 2046/2514/2045 2044/2512/2043 2618/3276/2617 2619/3277/2618 
f 2044/2512/2043 2039/2507/2038 2613/3271/2612 2618/3276/2617 
f 2617/3275/2616 2620/3278/2619 2618/3276/2617 2613/3271/2612 
f 2620/3278/2619 2621/3279/2620 2619/3277/2618 2618/3276/2617 
f 2052/2522/2051 2050/2519/2049 2622/3280/2621 2623/3281/2622 
f 2050/2519/2049 2046/2518/2045 2619/3282/2618 2622/3280/2621 
f 2621/3283/2620 2624/3284/2623 2622/3280/2621 2619/3282/2618 
f 2624/3284/2623 2625/3285/2624 2623/3281/2622 2622/3280/2621 
f 2058/2529/2057 2056/2527/2055 2626/3286/2625 2627/3287/2626 
f 2056/2527/2055 2052/2522/2051 2623/3281/2622 2626/3286/2625 
f 2625/3285/2624 2628/3288/2627 2626/3286/2625 2623/3281/2622 
f 2628/3288/2627 2629/3289/2628 2627/3287/2626 2626/3286/2625 
f 2064/2535/2063 2062/2533/2061 2630/3290/2629 2631/3291/2630 
f 2062/2533/2061 2058/2529/2057 2627/3287/2626 2630/3290/2629 
f 2629/3289/2628 2632/3292/2631 2630/3290/2629 2627/3287/2626 
f 2632/3292/2631 2633/3293/2632 2631/3291/2630 2630/3290/2629 
f 2070/2541/2069 2068/2539/2067 2634/3294/2633 2635/3295/2634 
f 2068/2539/2067 2064/2535/2063 2631/3291/2630 2634/3294/2633 
f 2633/3293/2632 2636/3296/2635 2634/3294/2633 2631/3291/2630 
f 2636/3296/2635 2637/3297/2636 2635/3295/2634 2634/3294/2633 
f 2076/2547/2075 2074/2545/2073 2638/3298/2637 2639/3299/2638 
f 2074/2545/2073 2070/2541/2069 2635/3295/2634 2638/3298/2637 
f 2637/3297/2636 2640/3300/2639 2638/3298/2637 2635/3295/2634 
f 2640/3300/2639 2641/3301/2640 2639/3299/2638 2638/3298/2637 
f 2082/2555/2081 2080/2552/2079 2642/3302/2641 2643/3303/2642 
f 2080/2552/2079 2076/2551/2075 2639/3304/2638 2642/3302/2641 
f 2641/3305/2640 2644/3306/2643 2642/3302/2641 2639/3304/2638 
f 2644/3306/2643 2645/3307/2644 2643/3303/2642 2642/3302/2641 
f 2088/2562/2087 2086/2560/2085 2646/3308/2645 2647/3309/2646 
f 2086/2560/2085 2082/2555/2081 2643/3303/2642 2646/3308/2645 
f 2645/3307/2644 2648/3310/2647 2646/3308/2645 2643/3303/2642 
f 2648/3310/2647 2649/3311/2648 2647/3309/2646 2646/3308/2645 
f 2094/2568/2093 2092/2566/2091 2650/3312/2649 2651/3313/2650 
f 2092/2566/2091 2088/2562/2087 2647/3309/2646 2650/3312/2649 
f 2649/3311/2648 2652/3314/2651 2650/3312/2649 2647/3309/2646 
f 2652/3314/2651 2653/3315/2652 2651/3313/2650 2650/3312/2649 
f 2100/2574/2099 2098/2572/2097 2654/3316/2653 2655/3317/2654 
f 2098/2572/2097 2094/2568/2093 2651/3313/2650 2654/3316/2653 
f 2653/3315/2652 2656/3318/2655 2654/3316/2653 2651/3313/2650 
f 2656/3318/2655 2657/3319/2656 2655/3317/2654 2654/3316/2653 
f 2106/2582/2105 2104/2579/2103 2658/3320/2657 2659/3321/2658 
f 2104/2579/2103 2100/2578/2099 2655/3322/2654 2658/3320/2657 
f 2657/3323/2656 2660/3324/2659 2658/3320/2657 2655/3322/2654 
f 2660/3324/2659 2661/3325/2660 2659/3321/2658 2658/3320/2657 
f 2112/2589/2111 2110/2587/2109 2662/3326/2661 2663/3327/2662 
f 2110/2587/2109 2106/2582/2105 2659/3321/2658 2662/3326/2661 
f 2661/3325/2660 2664/3328/2663 2662/3326/2661 2659/3321/2658 
f 2664/3328/2663 2665/3329/2664 2663/3327/2662 2662/3326/2661 
f 2118/2595/2117 2116/2593/2115 2666/3330/2665 2667/3331/2666 
f 2116/2593/2115 2112/2589/2111 2663/3327/2662 2666/3330/2665 
f 2665/3329/2664 2668/3332/2667 2666/3330/2665 2663/3327/2662 
f 2668/3332/2667 2669/3333/2668 2667/3331/2666 2666/3330/2665 
f 2124/2601/2123 2122/2599/2121 2670/3334/2669 2671/3335/2670 
f 2122/2599/2121 2118/2595/2117 2667/3331/2666 2670/3334/2669 
f 2669/3333/2668 2672/3336/2671 2670/3334/2669 2667/3331/2666 
f 2672/3336/2671 2673/3337/2672 2671/3335/2670 2670/3334/2669 
f 2130/2607/2129 2128/2605/2127 2674/3338/2673 2675/3339/2674 
f 2128/2605/2127 2124/2601/2123 2671/3335/2670 2674/3338/2673 
f 2673/3337/2672 2676/3340/2675 2674/3338/2673 2671/3335/2670 
f 2676/3340/2675 2677/3341/2676 2675/3339/2674 2674/3338/2673 
f 2136/2615/2135 2134/2612/2133 2678/3342/2677 2679/3343/2678 
f 2134/2612/2133 2130/2611/2129 2675/3344/2674 2678/3342/2677 
f 2677/3345/2676 2680/3346/2679 2678/3342/2677 2675/3344/2674 
f 2680/3346/2679 2681/3347/2680 2679/3343/2678 2678/3342/2677 
f 2035/2503/2034 2140/2620/2139 2682/3348/2681 2614/3272/2613 
f 2140/2620/2139 2136/2615/2135 2679/3343/2678 2682/3348/2681 
f 2681/3347/2680 2683/3349/2682 2682/3348/2681 2679/3343/2678 
f 2683/3349/2682 2615/3273/2614 2614/3272/2613 2682/3348/2681 
f 2617/3275/2616 2616/3274/2615 2684/3350/2683 2685/3351/2684 
f 2616/3274/2615 2615/3273/2614 2686/3352/2685 2684/3350/2683 
f 2687/3353/2686 2688/3354/2687 2684/3350/2683 2686/3352/2685 
f 2688/3354/2687 2689/3355/2688 2685/3351/2684 2684/3350/2683 
f 2621/3279/2620 2620/3278/2619 2690/3356/2689 2691/3357/2690 
f 2620/3278/2619 2617/3275/2616 2685/3351/2684 2690/3356/2689 
f 2689/3355/2688 2692/3358/2691 2690/3356/2689 2685/3351/2684 
f 2692/3358/2691 2693/3359/2692 2691/3357/2690 2690/3356/2689 
f 2625/3285/2624 2624/3284/2623 2694/3360/2693 2695/3361/2694 
f 2624/3284/2623 2621/3283/2620 2691/3362/2690 2694/3360/2693 
f 2693/3363/2692 2696/3364/2695 2694/3360/2693 2691/3362/2690 
f 2696/3364/2695 2697/3365/2696 2695/3361/2694 2694/3360/2693 
f 2629/3289/2628 2628/3288/2627 2698/3366/2697 2699/3367/2698 
f 2628/3288/2627 2625/3285/2624 2695/3361/2694 2698/3366/2697 
f 2697/3365/2696 2700/3368/2699 2698/3366/2697 2695/3361/2694 
f 2700/3368/2699 2701/3369/2700 2699/3367/2698 2698/3366/2697 
f 2633/3293/2632 2632/3292/2631 2702/3370/2701 2703/3371/2702 
f 2632/3292/2631 2629/3289/2628 2699/3367/2698 2702/3370/2701 
f 2701/3369/2700 2704/3372/2703 2702/3370/2701 2699/3367/2698 
f 2704/3372/2703 2705/3373/2704 2703/3371/2702 2702/3370/2701 
f 2637/3297/2636 2636/3296/2635 2706/3374/2705 2707/3375/2706 
f 2636/3296/2635 2633/3293/2632 2703/3371/2702 2706/3374/2705 
f 2705/3373/2704 2708/3376/2707 2706/3374/2705 2703/3371/2702 
f 2708/3376/2707 2709/3377/2708 2707/3375/2706 2706/3374/2705 
f 2641/3301/2640 2640/3300/2639 2710/3378/2709 2711/3379/2710 
f 2640/3300/2639 2637/3297/2636 2707/3375/2706 2710/3378/2709 
f 2709/3377/2708 2712/3380/2711 2710/3378/2709 2707/3375/2706 
f 2712/3380/2711 2713/3381/2712 2711/3379/2710 2710/3378/2709 
f 2645/3307/2644 2644/3306/2643 2714/3382/2713 2715/3383/2714 
f 2644/3306/2643 2641/3305/2640 2711/3384/2710 2714/3382/2713 
f 2713/3385/2712 2716/3386/2715 2714/3382/2713 2711/3384/2710 
f 2716/3386/2715 2717/3387/2716 2715/3383/2714 2714/3382/2713 
f 2649/3311/2648 2648/3310/2647 2718/3388/2717 2719/3389/2718 
f 2648/3310/2647 2645/3307/2644 2715/3383/2714 2718/3388/2717 
f 2717/3387/2716 2720/3390/2719 2718/3388/2717 2715/3383/2714 
f 2720/3390/2719 2721/3391/2720 2719/3389/2718 2718/3388/2717 
f 2653/3315/2652 2652/3314/2651 2722/3392/2721 2723/3393/2722 
f 2652/3314/2651 2649/3311/2648 2719/3389/2718 2722/3392/2721 
f 2721/3391/2720 2724/3394/2723 2722/3392/2721 2719/3389/2718 
f 2724/3394/2723 2725/3395/2724 2723/3393/2722 2722/3392/2721 
f 2657/3319/2656 2656/3318/2655 2726/3396/2725 2727/3397/2726 
f 2656/3318/2655 2653/3315/2652 2723/3393/2722 2726/3396/2725 
f 2725/3395/2724 2728/3398/2727 2726/3396/2725 2723/3393/2722 
f 2728/3398/2727 2729/3399/2728 2727/3397/2726 2726/3396/2725 
f 2661/3325/2660 2660/3324/2659 2730/3400/2729 2731/3401/2730 
f 2660/3324/2659 2657/3323/2656 2727/3402/2726 2730/3400/2729 
f 2729/3403/2728 2732/3404/2731 2730/3400/2729 2727/3402/2726 
f 2732/3404/2731 2733/3405/2732 2731/3401/2730 2730/3400/2729 
f 2665/3329/2664 2664/3328/2663 2734/3406/2733 2735/3407/2734 
f 2664/3328/2663 2661/3325/2660 2731/3401/2730 2734/3406/2733 
f 2733/3405/2732 2736/3408/2735 2734/3406/2733 2731/3401/2730 
f 2736/3408/2735 2737/3409/2736 2735/3407/2734 2734/3406/2733 
f 2669/3333/2668 2668/3332/2667 2738/3410/2737 2739/3411/2738 
f 2668/3332/2667 2665/3329/2664 2735/3407/2734 2738/3410/2737 
f 2737/3409/2736 2740/3412/2739 2738/3410/2737 2735/3407/2734 
f 2740/3412/2739 2741/3413/2740 2739/3411/2738 2738/3410/2737 
f 2673/3337/2672 2672/3336/2671 2742/3414/2741 2743/3415/2742 
f 2672/3336/2671 2669/3333/2668 2739/3411/2738 2742/3414/2741 
f 2741/3413/2740 2744/3416/2743 2742/3414/2741 2739/3411/2738 
f 2744/3416/2743 2745/3417/2744 2743/3415/2742 2742/3414/2741 
f 2677/3341/2676 2676/3340/2675 2746/3418/2745 2747/3419/2746 
f 2676/3340/2675 2673/3337/2672 2743/3415/2742 2746/3418/2745 
f 2745/3417/2744 2748/3420/2747 2746/3418/2745 2743/3415/2742 
f 2748/3420/2747 2749/3421/2748 2747/3419/2746 2746/3418/2745 
f 2681/3347/2680 2680/3346/2679 2750/3422/2749 2751/3423/2750 
f 2680/3346/2679 2677/3345/2676 2747/3424/2746 2750/3422/2749 
f 2749/3425/2748 2752/3426/2751 2750/3422/2749 2747/3424/2746 
f 2752/3426/2751 2753/3427/2752 2751/3423/2750 2750/3422/2749 
f 2615/3273/2614 2683/3349/2682 2754/3428/2753 2686/3352/2685 
f 2683/3349/2682 2681/3347/2680 2751/3423/2750 2754/3428/2753 
f 2753/3427/2752 2755/3429/2754 2754/3428/2753 2751/3423/2750 
f 2755/3429/2754 2687/3353/2686 2686/3352/2685 2754/3428/2753 
f 2756/3430/2755 2757/3431/2756 2758/3432/2757 2759/3433/2758 
f 2757/3431/2756 2760/3434/2759 2761/3435/2760 2758/3432/2757 
f 2762/3436/2761 2763/3437/2762 2758/3432/2757 2761/3435/2760 
f 2763/3437/2762 2764/3438/2763 2759/3433/2758 2758/3432/2757 
f 2765/3439/2764 2766/3440/2765 2767/3441/2766 2768/3442/2767 
f 2766/3440/2765 2769/3443/2768 2770/3444/2769 2767/3441/2766 
f 2760/3434/2759 2757/3431/2756 2767/3441/2766 2770/3444/2769 
f 2757/3431/2756 2756/3430/2755 2768/3442/2767 2767/3441/2766 
f 2771/3445/2770 2772/3446/2771 2773/3447/2772 2774/3448/2773 
f 2772/3446/2771 2775/3449/2774 2776/3450/2775 2773/3447/2772 
f 2769/3451/2768 2766/3452/2765 2773/3447/2772 2776/3450/2775 
f 2766/3452/2765 2765/3453/2764 2774/3448/2773 2773/3447/2772 
f 2777/3454/2776 2778/3455/2777 2779/3456/2778 2780/3457/2779 
f 2778/3455/2777 2781/3458/2780 2782/3459/2781 2779/3456/2778 
f 2775/3449/2774 2772/3446/2771 2779/3456/2778 2782/3459/2781 
f 2772/3446/2771 2771/3445/2770 2780/3457/2779 2779/3456/2778 
f 2783/3460/2782 2784/3461/2783 2785/3462/2784 2786/3463/2785 
f 2784/3461/2783 2787/3464/2786 2788/3465/2787 2785/3462/2784 
f 2781/3458/2780 2778/3455/2777 2785/3462/2784 2788/3465/2787 
f 2778/3455/2777 2777/3454/2776 2786/3463/2785 2785/3462/2784 
f 2789/3466/2788 2790/3467/2789 2791/3468/2790 2792/3469/2791 
f 2790/3467/2789 2793/3470/2792 2794/3471/2793 2791/3468/2790 
f 2787/3464/2786 2784/3461/2783 2791/3468/2790 2794/3471/2793 
f 2784/3461/2783 2783/3460/2782 2792/3469/2791 2791/3468/2790 
f 2795/3472/2794 2796/3473/2795 2797/3474/2796 2798/3475/2797 
f 2796/3473/2795 2799/3476/2798 2800/3477/2799 2797/3474/2796 
f 2793/3470/2792 2790/3467/2789 2797/3474/2796 2800/3477/2799 
f 2790/3467/2789 2789/3466/2788 2798/3475/2797 2797/3474/2796 
f 2801/3478/2800 2802/3479/2801 2803/3480/2802 2804/3481/2803 
f 2802/3479/2801 2805/3482/2804 2806/3483/2805 2803/3480/2802 
f 2799/3484/2798 2796/3485/2795 2803/3480/2802 2806/3483/2805 
f 2796/3485/2795 2795/3486/2794 2804/3481/2803 2803/3480/2802 
f 2807/3487/2806 2808/3488/2807 2809/3489/2808 2810/3490/2809 
f 2808/3488/2807 2811/3491/2810 2812/3492/2811 2809/3489/2808 
f 2805/3482/2804 2802/3479/2801 2809/3489/2808 2812/3492/2811 
f 2802/3479/2801 2801/3478/2800 2810/3490/2809 2809/3489/2808 
f 2813/3493/2812 2814/3494/2813 2815/3495/2814 2816/3496/2815 
f 2814/3494/2813 2817/3497/2816 2818/3498/2817 2815/3495/2814 
f 2811/3491/2810 2808/3488/2807 2815/3495/2814 2818/3498/2817 
f 2808/3488/2807 2807/3487/2806 2816/3496/2815 2815/3495/2814 
f 2819/3499/2818 2820/3500/2819 2821/3501/2820 2822/3502/2821 
f 2820/3500/2819 2823/3503/2822 2824/3504/2823 2821/3501/2820 
f 2817/3497/2816 2814/3494/2813 2821/3501/2820 2824/3504/2823 
f 2814/3494/2813 2813/3493/2812 2822/3502/2821 2821/3501/2820 
f 2825/3505/2824 2826/3506/2825 2827/3507/2826 2828/3508/2827 
f 2826/3506/2825 2829/3509/2828 2830/3510/2829 2827/3507/2826 
f 2823/3511/2822 2820/3512/2819 2827/3507/2826 2830/3510/2829 
f 2820/3512/2819 2819/3513/2818 2828/3508/2827 2827/3507/2826 
f 2831/3514/2830 2832/3515/2831 2833/3516/2832 2834/3517/2833 
f 2832/3515/2831 2835/3518/2834 2836/3519/2835 2833/3516/2832 
f 2829/3509/2828 2826/3506/2825 2833/3516/2832 2836/3519/2835 
f 2826/3506/2825 2825/3505/2824 2834/3517/2833 2833/3516/2832 
f 2837/3520/2836 2838/3521/2837 2839/3522/2838 2840/3523/2839 
f 2838/3521/2837 2841/3524/2840 2842/3525/2841 2839/3522/2838 
f 2835/3518/2834 2832/3515/2831 2839/3522/2838 2842/3525/2841 
f 2832/3515/2831 2831/3514/2830 2840/3523/2839 2839/3522/2838 
f 2843/3526/2842 2844/3527/2843 2845/3528/2844 2846/3529/2845 
f 2844/3527/2843 2847/3530/2846 2848/3531/2847 2845/3528/2844 
f 2841/3524/2840 2838/3521/2837 2845/3528/2844 2848/3531/2847 
f 2838/3521/2837 2837/3520/2836 2846/3529/2845 2845/3528/2844 
f 2849/3532/2848 2850/3533/2849 2851/3534/2850 2852/3535/2851 
f 2850/3533/2849 2853/3536/2852 2854/3537/2853 2851/3534/2850 
f 2847/3530/2846 2844/3527/2843 2851/3534/2850 2854/3537/2853 
f 2844/3527/2843 2843/3526/2842 2852/3535/2851 2851/3534/2850 
f 2855/3538/2854 2856/3539/2855 2857/3540/2856 2858/3541/2857 
f 2856/3539/2855 2859/3542/2858 2860/3543/2859 2857/3540/2856 
f 2853/3544/2852 2850/3545/2849 2857/3540/2856 2860/3543/2859 
f 2850/3545/2849 2849/3546/2848 2858/3541/2857 2857/3540/2856 
f 2764/3438/2763 2763/3437/2762 2861/3547/2860 2862/3548/2861 
f 2763/3437/2762 2762/3436/2761 2863/3549/2862 2861/3547/2860 
f 2859/3542/2858 2856/3539/2855 2861/3547/2860 2863/3549/2862 
f 2856/3539/2855 2855/3538/2854 2862/3548/2861 2861/3547/2860 
f 2864/3550/2863 2865/3551/2864 2866/3552/2865 2867/3553/2866 
f 2865/3551/2864 2868/3554/2867 2869/3555/2868 2866/3552/2865 
f 2870/3556/2869 2871/3557/2870 2866/3552/2865 2869/3555/2868 
f 2871/3557/2870 2872/3558/2871 2867/3553/2866 2866/3552/2865 
f 2873/3559/2872 2874/3560/2873 2875/3561/2874 2876/3562/2875 
f 2874/3560/2873 2877/3563/2876 2878/3564/2877 2875/3561/2874 
f 2868/3554/2867 2865/3551/2864 2875/3561/2874 2878/3564/2877 
f 2865/3551/2864 2864/3550/2863 2876/3562/2875 2875/3561/2874 
f 2879/3565/2878 2880/3566/2879 2881/3567/2880 2882/3568/2881 
f 2880/3566/2879 2883/3569/2882 2884/3570/2883 2881/3567/2880 
f 2877/3571/2876 2874/3572/2873 2881/3567/2880 2884/3570/2883 
f 2874/3572/2873 2873/3573/2872 2882/3568/2881 2881/3567/2880 
f 2885/3574/2884 2886/3575/2885 2887/3576/2886 2888/3577/2887 
f 2886/3575/2885 2889/3578/2888 2890/3579/2889 2887/3576/2886 
f 2883/3569/2882 2880/3566/2879 2887/3576/2886 2890/3579/2889 
f 2880/3566/2879 2879/3565/2878 2888/3577/2887 2887/3576/2886 
f 2891/3580/2890 2892/3581/2891 2893/3582/2892 2894/3583/2892 
f 2892/3581/2891 2895/3584/2893 2896/3585/2894 2893/3582/2892 
f 2889/3578/2888 2886/3575/2885 2893/3582/2892 2896/3585/2894 
f 2886/3575/2885 2885/3574/2884 2894/3583/2892 2893/3582/2892 
f 2897/3586/2895 2898/3587/2896 2899/3588/2897 2900/3589/2898 
f 2898/3587/2896 2901/3590/2899 2902/3591/2900 2899/3588/2897 
f 2895/3584/2893 2892/3581/2891 2899/3588/2897 2902/3591/2900 
f 2892/3581/2891 2891/3580/2890 2900/3589/2898 2899/3588/2897 
f 2903/3592/2901 2904/3593/2902 2905/3594/2903 2906/3595/2904 
f 2904/3593/2902 2907/3596/2905 2908/3597/2906 2905/3594/2903 
f 2901/3590/2899 2898/3587/2896 2905/3594/2903 2908/3597/2906 
f 2898/3587/2896 2897/3586/2895 2906/3595/2904 2905/3594/2903 
f 2909/3598/2907 2910/3599/2908 2911/3600/2909 2912/3601/2910 
f 2910/3599/2908 2913/3602/2911 2914/3603/2912 2911/3600/2909 
f 2907/3596/2905 2904/3593/2902 2911/3604/2909 2914/3605/2912 
f 2904/3606/2902 2903/3607/2901 2912/3601/2910 2911/3600/2909 
f 2915/3608/2913 2916/3609/2914 2917/3610/2915 2918/3611/2916 
f 2916/3609/2914 2919/3612/2917 2920/3613/2918 2917/3610/2915 
f 2913/3602/2911 2910/3599/2908 2917/3610/2915 2920/3613/2918 
f 2910/3599/2908 2909/3598/2907 2918/3611/2916 2917/3610/2915 
f 2921/3614/2919 2922/3615/2920 2923/3616/2921 2924/3617/2922 
f 2922/3615/2920 2925/3618/2923 2926/3619/2924 2923/3616/2921 
f 2919/3612/2917 2916/3609/2914 2923/3616/2921 2926/3619/2924 
f 2916/3609/2914 2915/3608/2913 2924/3617/2922 2923/3616/2921 
f 2927/3620/2925 2928/3621/2926 2929/3622/2927 2930/3623/2928 
f 2928/3621/2926 2931/3624/2929 2932/3625/2930 2929/3622/2927 
f 2925/3618/2923 2922/3615/2920 2929/3622/2927 2932/3625/2930 
f 2922/3615/2920 2921/3614/2919 2930/3623/2928 2929/3622/2927 
f 2933/3626/2931 2934/3627/2932 2935/3628/2933 2936/3629/2934 
f 2934/3627/2932 2937/3630/2935 2938/3631/2936 2935/3628/2933 
f 2931/3624/2929 2928/3632/2926 2935/3633/2933 2938/3634/2936 
f 2928/3621/2926 2927/3620/2925 2936/3635/2934 2935/3633/2933 
f 2939/3636/2937 2940/3637/2938 2941/3638/2939 2942/3639/2940 
f 2940/3640/2938 2943/3641/2941 2944/3642/2942 2941/3643/2939 
f 2937/3630/2935 2934/3627/2932 2941/3643/2939 2944/3642/2942 
f 2934/3627/2932 2933/3626/2931 2942/3644/2940 2941/3645/2939 
f 2945/3646/2943 2946/3647/2944 2947/3648/2945 2948/3649/2946 
f 2946/3650/2944 2949/3651/2947 2950/3652/2948 2947/3653/2945 
f 2943/3641/2941 2940/3640/2938 2947/3653/2945 2950/3652/2948 
f 2940/3637/2938 2939/3636/2937 2948/3649/2946 2947/3648/2945 
f 2951/3654/2949 2952/3655/2950 2953/3656/2951 2954/3657/2952 
f 2952/3658/2950 2955/3659/2953 2956/3660/2954 2953/3661/2951 
f 2949/3651/2947 2946/3650/2944 2953/3661/2951 2956/3660/2954 
f 2946/3647/2944 2945/3646/2943 2954/3657/2952 2953/3656/2951 
f 2957/3662/2955 2958/3663/2956 2959/3664/2957 2960/3665/2958 
f 2958/3663/2956 2961/3666/2959 2962/3667/2960 2959/3664/2957 
f 2955/3659/2953 2952/3658/2950 2959/3668/2957 2962/3669/2960 
f 2952/3658/2950 2951/3670/2949 2960/3671/2958 2959/3668/2957 
f 2963/3672/2961 2964/3673/2962 2965/3674/2963 2966/3675/2964 
f 2964/3673/2962 2967/3676/2965 2968/3677/2966 2965/3674/2963 
f 2961/3666/2959 2958/3663/2956 2965/3674/2963 2968/3677/2966 
f 2958/3663/2956 2957/3662/2955 2966/3675/2964 2965/3674/2963 
f 2872/3558/2871 2871/3557/2870 2969/3678/2967 2970/3679/2968 
f 2871/3557/2870 2870/3556/2869 2971/3680/2969 2969/3678/2967 
f 2967/3676/2965 2964/3673/2962 2969/3678/2967 2971/3680/2969 
f 2964/3673/2962 2963/3672/2961 2970/3679/2968 2969/3678/2967 
f 2041/2509/2040 2972/3681/2970 2973/3682/2971 2042/2510/2041 
f 2972/3681/2970 2756/3430/2755 2759/3433/2758 2973/3682/2971 
f 2764/3438/2763 2974/3683/2972 2973/3682/2971 2759/3433/2758 
f 2974/3683/2972 2043/2511/2042 2042/2510/2041 2973/3682/2971 
f 2048/2516/2047 2975/3684/2973 2976/3685/2974 2049/2517/2048 
f 2975/3684/2973 2765/3439/2764 2768/3442/2767 2976/3685/2974 
f 2756/3430/2755 2972/3681/2970 2976/3685/2974 2768/3442/2767 
f 2972/3681/2970 2041/2509/2040 2049/2517/2048 2976/3685/2974 
f 2054/2524/2053 2977/3686/2975 2978/3687/2976 2055/2525/2054 
f 2977/3686/2975 2771/3445/2770 2774/3448/2773 2978/3687/2976 
f 2765/3453/2764 2975/3688/2973 2978/3687/2976 2774/3448/2773 
f 2975/3688/2973 2048/2526/2047 2055/2525/2054 2978/3687/2976 
f 2060/2531/2059 2979/3689/2977 2980/3690/2978 2061/2532/2060 
f 2979/3689/2977 2777/3454/2776 2780/3457/2779 2980/3690/2978 
f 2771/3445/2770 2977/3686/2975 2980/3690/2978 2780/3457/2779 
f 2977/3686/2975 2054/2524/2053 2061/2532/2060 2980/3690/2978 
f 2066/2537/2065 2981/3691/2979 2982/3692/2980 2067/2538/2066 
f 2981/3691/2979 2783/3460/2782 2786/3463/2785 2982/3692/2980 
f 2777/3454/2776 2979/3689/2977 2982/3692/2980 2786/3463/2785 
f 2979/3689/2977 2060/2531/2059 2067/2538/2066 2982/3692/2980 
f 2072/2543/2071 2983/3693/2981 2984/3694/2982 2073/2544/2072 
f 2983/3693/2981 2789/3466/2788 2792/3469/2791 2984/3694/2982 
f 2783/3460/2782 2981/3691/2979 2984/3694/2982 2792/3469/2791 
f 2981/3691/2979 2066/2537/2065 2073/2544/2072 2984/3694/2982 
f 2078/2549/2077 2985/3695/2983 2986/3696/2984 2079/2550/2078 
f 2985/3695/2983 2795/3472/2794 2798/3475/2797 2986/3696/2984 
f 2789/3466/2788 2983/3693/2981 2986/3696/2984 2798/3475/2797 
f 2983/3693/2981 2072/2543/2071 2079/2550/2078 2986/3696/2984 
f 2084/2557/2083 2987/3697/2985 2988/3698/2986 2085/2558/2084 
f 2987/3697/2985 2801/3478/2800 2804/3481/2803 2988/3698/2986 
f 2795/3486/2794 2985/3699/2983 2988/3698/2986 2804/3481/2803 
f 2985/3699/2983 2078/2559/2077 2085/2558/2084 2988/3698/2986 
f 2090/2564/2089 2989/3700/2987 2990/3701/2988 2091/2565/2090 
f 2989/3700/2987 2807/3487/2806 2810/3490/2809 2990/3701/2988 
f 2801/3478/2800 2987/3697/2985 2990/3701/2988 2810/3490/2809 
f 2987/3697/2985 2084/2557/2083 2091/2565/2090 2990/3701/2988 
f 2096/2570/2095 2991/3702/2989 2992/3703/2990 2097/2571/2096 
f 2991/3702/2989 2813/3493/2812 2816/3496/2815 2992/3703/2990 
f 2807/3487/2806 2989/3700/2987 2992/3703/2990 2816/3496/2815 
f 2989/3700/2987 2090/2564/2089 2097/2571/2096 2992/3703/2990 
f 2102/2576/2101 2993/3704/2991 2994/3705/2992 2103/2577/2102 
f 2993/3704/2991 2819/3499/2818 2822/3502/2821 2994/3705/2992 
f 2813/3493/2812 2991/3702/2989 2994/3705/2992 2822/3502/2821 
f 2991/3702/2989 2096/2570/2095 2103/2577/2102 2994/3705/2992 
f 2108/2584/2107 2995/3706/2993 2996/3707/2994 2109/2585/2108 
f 2995/3706/2993 2825/3505/2824 2828/3508/2827 2996/3707/2994 
f 2819/3513/2818 2993/3708/2991 2996/3707/2994 2828/3508/2827 
f 2993/3708/2991 2102/2586/2101 2109/2585/2108 2996/3707/2994 
f 2114/2591/2113 2997/3709/2995 2998/3710/2996 2115/2592/2114 
f 2997/3709/2995 2831/3514/2830 2834/3517/2833 2998/3710/2996 
f 2825/3505/2824 2995/3706/2993 2998/3710/2996 2834/3517/2833 
f 2995/3706/2993 2108/2584/2107 2115/2592/2114 2998/3710/2996 
f 2120/2597/2119 2999/3711/2997 3000/3712/2998 2121/2598/2120 
f 2999/3711/2997 2837/3520/2836 2840/3523/2839 3000/3712/2998 
f 2831/3514/2830 2997/3709/2995 3000/3712/2998 2840/3523/2839 
f 2997/3709/2995 2114/2591/2113 2121/2598/2120 3000/3712/2998 
f 2126/2603/2125 3001/3713/2999 3002/3714/3000 2127/2604/2126 
f 3001/3713/2999 2843/3526/2842 2846/3529/2845 3002/3714/3000 
f 2837/3520/2836 2999/3711/2997 3002/3714/3000 2846/3529/2845 
f 2999/3711/2997 2120/2597/2119 2127/2604/2126 3002/3714/3000 
f 2132/2609/2131 3003/3715/3001 3004/3716/3002 2133/2610/2132 
f 3003/3715/3001 2849/3532/2848 2852/3535/2851 3004/3716/3002 
f 2843/3526/2842 3001/3713/2999 3004/3716/3002 2852/3535/2851 
f 3001/3713/2999 2126/2603/2125 2133/2610/2132 3004/3716/3002 
f 2138/2617/2137 3005/3717/3003 3006/3718/3004 2139/2618/2138 
f 3005/3717/3003 2855/3538/2854 2858/3541/2857 3006/3718/3004 
f 2849/3546/2848 3003/3719/3001 3006/3718/3004 2858/3541/2857 
f 3003/3719/3001 2132/2619/2131 2139/2618/2138 3006/3718/3004 
f 2043/2511/2042 2974/3683/2972 3007/3720/3005 2142/2622/2141 
f 2974/3683/2972 2764/3438/2763 2862/3548/2861 3007/3720/3005 
f 2855/3538/2854 3005/3717/3003 3007/3720/3005 2862/3548/2861 
f 3005/3717/3003 2138/2617/2137 2142/2622/2141 3007/3720/3005 
f 2689/3721/2688 2688/3722/2687 3008/3723/3006 3009/3724/3007 
f 2688/3722/2687 2687/3725/2686 3010/3726/3008 3008/3723/3006 
f 3011/3727/3009 3012/3728/3010 3008/3729/3006 3010/3730/3008 
f 3012/3728/3010 3013/3731/3011 3009/3732/3007 3008/3729/3006 
f 2693/3733/2692 2692/3734/2691 3014/3735/3012 3015/3736/3013 
f 2692/3734/2691 2689/3721/2688 3009/3724/3007 3014/3735/3012 
f 3013/3731/3011 3016/3737/3014 3014/3738/3012 3009/3732/3007 
f 3016/3737/3014 3017/3739/3015 3015/3740/3013 3014/3738/3012 
f 2697/3741/2696 2696/3742/2695 3018/3743/3016 3019/3744/3017 
f 2696/3742/2695 2693/3733/2692 3015/3736/3013 3018/3743/3016 
f 3017/3745/3015 3020/3746/3018 3018/3743/3016 3015/3736/3013 
f 3020/3747/3018 3021/3748/3019 3019/3749/3017 3018/3750/3016 
f 2701/3751/2700 2700/3752/2699 3022/3753/3020 3023/3754/3021 
f 2700/3752/2699 2697/3741/2696 3019/3744/3017 3022/3753/3020 
f 3021/3748/3019 3024/3755/3022 3022/3756/3020 3019/3749/3017 
f 3024/3755/3022 3025/3757/3023 3023/3758/3021 3022/3756/3020 
f 2705/3759/2704 2704/3760/2703 3026/3761/3024 3027/3762/3025 
f 2704/3760/2703 2701/3751/2700 3023/3754/3021 3026/3761/3024 
f 3025/3757/3023 3028/3763/3026 3026/3764/3024 3023/3758/3021 
f 3028/3763/3026 3029/3765/3027 3027/3766/3025 3026/3764/3024 
f 2709/3767/2708 2708/3768/2707 3030/3769/3028 3031/3770/3029 
f 2708/3768/2707 2705/3759/2704 3027/3762/3025 3030/3769/3028 
f 3029/3765/3027 3032/3771/3030 3030/3772/3028 3027/3766/3025 
f 3032/3771/3030 3033/3773/3031 3031/3774/3029 3030/3772/3028 
f 2713/3775/2712 2712/3776/2711 3034/3777/3032 3035/3778/3033 
f 2712/3776/2711 2709/3767/2708 3031/3770/3029 3034/3777/3032 
f 3033/3773/3031 3036/3779/3034 3034/3780/3032 3031/3774/3029 
f 3036/3781/3034 3037/3782/3035 3035/3778/3033 3034/3777/3032 
f 2717/3783/2716 2716/3784/2715 3038/3785/3036 3039/3786/3037 
f 2716/3784/2715 2713/3775/2712 3035/3778/3033 3038/3785/3036 
f 3037/3787/3035 3040/3788/3038 3038/3789/3036 3035/3790/3033 
f 3040/3788/3038 3041/3791/3039 3039/3792/3037 3038/3789/3036 
f 2721/3793/2720 2720/3794/2719 3042/3795/3040 3043/3796/3041 
f 2720/3794/2719 2717/3783/2716 3039/3786/3037 3042/3795/3040 
f 3041/3791/3039 3044/3797/3042 3042/3798/3040 3039/3792/3037 
f 3044/3797/3042 3045/3799/3043 3043/3800/3041 3042/3798/3040 
f 2725/3801/2724 2724/3802/2723 3046/3803/3044 3047/3804/3045 
f 2724/3802/2723 2721/3793/2720 3043/3796/3041 3046/3803/3044 
f 3045/3799/3043 3048/3805/3046 3046/3806/3044 3043/3800/3041 
f 3048/3805/3046 3049/3807/3047 3047/3808/3045 3046/3806/3044 
f 2729/3809/2728 2728/3810/2727 3050/3811/3048 3051/3812/3049 
f 2728/3810/2727 2725/3801/2724 3047/3804/3045 3050/3811/3048 
f 3049/3807/3047 3052/3813/3050 3050/3814/3048 3047/3808/3045 
f 3052/3813/3050 3053/3815/3051 3051/3816/3049 3050/3814/3048 
f 2733/3817/2732 2732/3818/2731 3054/3819/3052 3055/3820/3053 
f 2732/3818/2731 2729/3809/2728 3051/3812/3049 3054/3819/3052 
f 3053/3821/3051 3056/3822/3054 3054/3819/3052 3051/3812/3049 
f 3056/3823/3054 3057/3824/3055 3055/3825/3053 3054/3826/3052 
f 2737/3827/2736 2736/3828/2735 3058/3829/3056 3059/3830/3057 
f 2736/3828/2735 2733/3817/2732 3055/3820/3053 3058/3829/3056 
f 3057/3824/3055 3060/3831/3058 3058/3832/3056 3055/3825/3053 
f 3060/3831/3058 3061/3833/3059 3059/3834/3057 3058/3832/3056 
f 2741/3835/2740 2740/3836/2739 3062/3837/3060 3063/3838/3061 
f 2740/3836/2739 2737/3827/2736 3059/3830/3057 3062/3837/3060 
f 3061/3833/3059 3064/3839/3062 3062/3840/3060 3059/3834/3057 
f 3064/3839/3062 3065/3841/3063 3063/3842/3061 3062/3840/3060 
f 2745/3843/2744 2744/3844/2743 3066/3845/3064 3067/3846/3065 
f 2744/3844/2743 2741/3835/2740 3063/3838/3061 3066/3845/3064 
f 3065/3841/3063 3068/3847/3066 3066/3848/3064 3063/3842/3061 
f 3068/3847/3066 3069/3849/3067 3067/3850/3065 3066/3848/3064 
f 2749/3851/2748 2748/3852/2747 3070/3853/3068 3071/3854/3069 
f 2748/3852/2747 2745/3843/2744 3067/3846/3065 3070/3853/3068 
f 3069/3849/3067 3072/3855/3070 3070/3856/3068 3067/3850/3065 
f 3072/3857/3070 3073/3858/3071 3071/3854/3069 3070/3853/3068 
f 2753/3859/2752 2752/3860/2751 3074/3861/3072 3075/3862/3073 
f 2752/3860/2751 2749/3851/2748 3071/3854/3069 3074/3861/3072 
f 3073/3863/3071 3076/3864/3074 3074/3865/3072 3071/3866/3069 
f 3076/3864/3074 3077/3867/3075 3075/3868/3073 3074/3865/3072 
f 2687/3725/2686 2755/3869/2754 3078/3870/3076 3010/3726/3008 
f 2755/3869/2754 2753/3859/2752 3075/3862/3073 3078/3870/3076 
f 3077/3867/3075 3079/3871/3077 3078/3872/3076 3075/3868/3073 
f 3079/3871/3077 3011/3727/3009 3010/3730/3008 3078/3872/3076 
f 3013/3873/3011 3012/3874/3010 3080/3875/3078 3081/3876/3079 
f 3012/3874/3010 3011/3877/3009 3082/3878/3080 3080/3875/3078 
f 3083/3879/3081 3084/3880/3082 3080/3875/3078 3082/3878/3080 
f 3084/3880/3082 3085/3881/3083 3081/3876/3079 3080/3875/3078 
f 3017/3782/3015 3016/3882/3014 3086/3883/3084 3087/3884/3085 
f 3016/3882/3014 3013/3873/3011 3081/3876/3079 3086/3883/3084 
f 3085/3881/3083 3088/3885/3086 3086/3883/3084 3081/3876/3079 
f 3088/3885/3086 3089/3886/3087 3087/3884/3085 3086/3883/3084 
f 3021/3887/3019 3020/3781/3018 3090/3888/3088 3091/3889/3089 
f 3020/3781/3018 3017/3782/3015 3087/3884/3085 3090/3888/3088 
f 3089/3886/3087 3092/3890/3090 3090/3888/3088 3087/3884/3085 
f 3092/3890/3090 3093/3891/3091 3091/3889/3089 3090/3888/3088 
f 3025/3892/3023 3024/3893/3022 3094/3894/3092 3095/3895/3093 
f 3024/3893/3022 3021/3887/3019 3091/3889/3089 3094/3894/3092 
f 3093/3891/3091 3096/3896/3094 3094/3894/3092 3091/3889/3089 
f 3096/3896/3094 3097/3897/3095 3095/3895/3093 3094/3894/3092 
f 3029/3898/3027 3028/3899/3026 3098/3900/3096 3099/3901/3097 
f 3028/3899/3026 3025/3892/3023 3095/3895/3093 3098/3900/3096 
f 3097/3897/3095 3100/3902/3098 3098/3900/3096 3095/3895/3093 
f 3100/3902/3098 3101/3903/3099 3099/3901/3097 3098/3900/3096 
f 3033/3904/3031 3032/3905/3030 3102/3906/3100 3103/3907/3101 
f 3032/3905/3030 3029/3898/3027 3099/3901/3097 3102/3906/3100 
f 3101/3903/3099 3104/3908/3102 3102/3906/3100 3099/3901/3097 
f 3104/3908/3102 3105/3909/3103 3103/3907/3101 3102/3906/3100 
f 3037/3745/3035 3036/3746/3034 3106/3910/3104 3107/3911/3105 
f 3036/3746/3034 3033/3904/3031 3103/3907/3101 3106/3910/3104 
f 3105/3909/3103 3108/3912/3106 3106/3910/3104 3103/3907/3101 
f 3108/3912/3106 3109/3913/3107 3107/3911/3105 3106/3910/3104 
f 3041/3914/3039 3040/3915/3038 3110/3916/3108 3111/3917/3109 
f 3040/3915/3038 3037/3745/3035 3107/3911/3105 3110/3916/3108 
f 3109/3913/3107 3112/3918/3110 3110/3916/3108 3107/3911/3105 
f 3112/3918/3110 3113/3919/3111 3111/3917/3109 3110/3916/3108 
f 3045/3920/3043 3044/3921/3042 3114/3922/3112 3115/3923/3113 
f 3044/3921/3042 3041/3914/3039 3111/3917/3109 3114/3922/3112 
f 3113/3919/3111 3116/3924/3114 3114/3922/3112 3111/3917/3109 
f 3116/3924/3114 3117/3925/3115 3115/3923/3113 3114/3922/3112 
f 3049/3926/3047 3048/3927/3046 3118/3928/3116 3119/3929/3117 
f 3048/3927/3046 3045/3920/3043 3115/3923/3113 3118/3928/3116 
f 3117/3925/3115 3120/3930/3118 3118/3928/3116 3115/3923/3113 
f 3120/3930/3118 3121/3931/3119 3119/3929/3117 3118/3928/3116 
f 3053/3858/3051 3052/3932/3050 3122/3933/3120 3123/3934/3121 
f 3052/3932/3050 3049/3926/3047 3119/3929/3117 3122/3933/3120 
f 3121/3931/3119 3124/3935/3122 3122/3933/3120 3119/3929/3117 
f 3124/3935/3122 3125/3936/3123 3123/3934/3121 3122/3933/3120 
f 3057/3937/3055 3056/3857/3054 3126/3938/3124 3127/3939/3125 
f 3056/3857/3054 3053/3858/3051 3123/3934/3121 3126/3938/3124 
f 3125/3936/3123 3128/3940/3126 3126/3938/3124 3123/3934/3121 
f 3128/3940/3126 3129/3941/3127 3127/3939/3125 3126/3938/3124 
f 3061/3942/3059 3060/3943/3058 3130/3944/3128 3131/3945/3129 
f 3060/3943/3058 3057/3937/3055 3127/3939/3125 3130/3944/3128 
f 3129/3941/3127 3132/3946/3130 3130/3944/3128 3127/3939/3125 
f 3132/3946/3130 3133/3947/3131 3131/3945/3129 3130/3944/3128 
f 3065/3948/3063 3064/3949/3062 3134/3950/3132 3135/3951/3133 
f 3064/3949/3062 3061/3942/3059 3131/3945/3129 3134/3950/3132 
f 3133/3947/3131 3136/3952/3134 3134/3950/3132 3131/3945/3129 
f 3136/3952/3134 3137/3953/3135 3135/3951/3133 3134/3950/3132 
f 3069/3954/3067 3068/3955/3066 3138/3956/3136 3139/3957/3137 
f 3068/3955/3066 3065/3948/3063 3135/3951/3133 3138/3956/3136 
f 3137/3953/3135 3140/3958/3138 3138/3956/3136 3135/3951/3133 
f 3140/3958/3138 3141/3959/3139 3139/3957/3137 3138/3956/3136 
f 3073/3821/3071 3072/3822/3070 3142/3960/3140 3143/3961/3141 
f 3072/3822/3070 3069/3954/3067 3139/3957/3137 3142/3960/3140 
f 3141/3959/3139 3144/3962/3142 3142/3960/3140 3139/3957/3137 
f 3144/3962/3142 3145/3963/3143 3143/3961/3141 3142/3960/3140 
f 3077/3964/3075 3076/3965/3074 3146/3966/3144 3147/3967/3145 
f 3076/3965/3074 3073/3821/3071 3143/3961/3141 3146/3966/3144 
f 3145/3963/3143 3148/3968/3146 3146/3966/3144 3143/3961/3141 
f 3148/3968/3146 3149/3969/3147 3147/3967/3145 3146/3966/3144 
f 3011/3877/3009 3079/3970/3077 3150/3971/3148 3082/3878/3080 
f 3079/3970/3077 3077/3964/3075 3147/3967/3145 3150/3971/3148 
f 3149/3969/3147 3151/3972/3149 3150/3971/3148 3147/3967/3145 
f 3151/3972/3149 3083/3879/3081 3082/3878/3080 3150/3971/3148 
f 3083/3879/3081 3151/3972/3149 3152/3973/3150 3084/3880/3082 
f 3151/3972/3149 3149/3969/3147 3148/3968/3146 3152/3973/3150 
f 3145/3963/3143 3144/3962/3142 3152/3973/3150 3148/3968/3146 
f 3144/3962/3142 3141/3959/3139 3140/3958/3138 3152/3973/3150 
f 3137/3953/3135 3136/3952/3134 3152/3973/3150 3140/3958/3138 
f 3136/3952/3134 3133/3947/3131 3132/3946/3130 3152/3973/3150 
f 3129/3941/3127 3128/3940/3126 3152/3973/3150 3132/3946/3130 
f 3128/3940/3126 3125/3936/3123 3124/3935/3122 3152/3973/3150 
f 3121/3931/3119 3120/3930/3118 3152/3973/3150 3124/3935/3122 
f 3120/3930/3118 3117/3925/3115 3116/3924/3114 3152/3973/3150 
f 3113/3919/3111 3112/3918/3110 3152/3973/3150 3116/3924/3114 
f 3112/3918/3110 3109/3913/3107 3108/3912/3106 3152/3973/3150 
f 3105/3909/3103 3104/3908/3102 3152/3973/3150 3108/3912/3106 
f 3104/3908/3102 3101/3903/3099 3100/3902/3098 3152/3973/3150 
f 3097/3897/3095 3096/3896/3094 3152/3973/3150 3100/3902/3098 
f 3096/3896/3094 3093/3891/3091 3092/3890/3090 3152/3973/3150 
f 3089/3886/3087 3088/3885/3086 3152/3973/3150 3092/3890/3090 
f 3088/3885/3086 3085/3881/3083 3084/3880/3082 3152/3973/3150 
f 2151/2634/2150 3153/3974/3151 3154/3975/3152 2146/2626/2145 
f 3153/3974/3151 3155/3976/3153 3156/3977/3154 3154/3975/3152 
f 3157/3978/3155 3158/3979/3156 3154/3975/3152 3156/3977/3154 
f 3158/3979/3156 2143/2623/2142 2146/2626/2145 3154/3975/3152 
f 2143/2623/2142 3158/3979/3156 3159/3980/3157 2155/2638/2154 
f 3158/3979/3156 3157/3978/3155 3160/3981/3158 3159/3980/3157 
f 3161/3982/3159 3162/3983/3160 3159/3980/3157 3160/3981/3158 
f 3162/3983/3160 2152/2635/2151 2155/2638/2154 3159/3980/3157 
f 2152/2635/2151 3162/3983/3160 3163/3984/3161 2161/2646/2160 
f 3162/3983/3160 3161/3982/3159 3164/3985/3162 3163/3984/3161 
f 3165/3986/3163 3166/3987/3164 3163/3984/3161 3164/3985/3162 
f 3166/3987/3164 2158/2643/2157 2161/2646/2160 3163/3984/3161 
f 2158/2643/2157 3166/3987/3164 3167/3988/3165 2167/2653/2166 
f 3166/3987/3164 3165/3986/3163 3168/3989/3166 3167/3988/3165 
f 3169/3990/3167 3170/3991/3168 3167/3988/3165 3168/3989/3166 
f 3170/3991/3168 2164/2650/2163 2167/2653/2166 3167/3988/3165 
f 2164/2650/2163 3170/3991/3168 3171/3992/3169 2173/2659/2172 
f 3170/3991/3168 3169/3990/3167 3172/3993/3170 3171/3992/3169 
f 3173/3994/3171 3174/3995/3172 3171/3992/3169 3172/3993/3170 
f 3174/3995/3172 2170/2656/2169 2173/2659/2172 3171/3992/3169 
f 2170/2656/2169 3174/3995/3172 3175/3996/3173 2179/2665/2178 
f 3174/3995/3172 3173/3994/3171 3176/3997/3174 3175/3996/3173 
f 3177/3998/3175 3178/3999/3176 3175/3996/3173 3176/3997/3174 
f 3178/3999/3176 2176/2662/2175 2179/2665/2178 3175/3996/3173 
f 2176/2662/2175 3178/3999/3176 3179/4000/3177 2185/2671/2184 
f 3178/3999/3176 3177/3998/3175 3180/4001/3178 3179/4000/3177 
f 3181/4002/3179 3182/4003/3180 3179/4000/3177 3180/4001/3178 
f 3182/4003/3180 2182/2668/2181 2185/2671/2184 3179/4000/3177 
f 2182/2668/2181 3182/4003/3180 3183/4004/3181 2191/2677/2190 
f 3182/4003/3180 3181/4002/3179 3184/4005/3182 3183/4004/3181 
f 3185/4006/3183 3186/4007/3184 3183/4004/3181 3184/4005/3182 
f 3186/4007/3184 2188/2674/2187 2191/2677/2190 3183/4004/3181 
f 2188/2674/2187 3186/4007/3184 3187/4008/3185 2197/2687/2196 
f 3186/4007/3184 3185/4006/3183 3188/4009/3186 3187/4008/3185 
f 3189/4010/3187 3190/4011/3188 3187/4008/3185 3188/4009/3186 
f 3190/4011/3188 2194/2684/2193 2197/2687/2196 3187/4008/3185 
f 2194/2684/2193 3190/4011/3188 3191/4012/3189 2203/2698/2202 
f 3190/4011/3188 3189/4010/3187 3192/4013/3190 3191/4012/3189 
f 3193/4014/3191 3194/4015/3192 3191/4016/3189 3192/4017/3190 
f 3194/4018/3192 2200/4019/2199 2203/2698/2202 3191/4012/3189 
f 2200/2709/2199 3194/4015/3192 3195/4020/3193 2209/2703/2208 
f 3194/4015/3192 3193/4014/3191 3196/4021/3194 3195/4020/3193 
f 3197/4022/3195 3198/4023/3196 3195/4020/3193 3196/4021/3194 
f 3198/4023/3196 2206/2700/2205 2209/2703/2208 3195/4020/3193 
f 2206/2700/2205 3198/4023/3196 3199/4024/3197 2215/2713/2214 
f 3198/4023/3196 3197/4022/3195 3200/4025/3198 3199/4024/3197 
f 3201/4026/3199 3202/4027/3200 3199/4024/3197 3200/4025/3198 
f 3202/4027/3200 2212/2710/2211 2215/2713/2214 3199/4024/3197 
f 2212/2710/2211 3202/4027/3200 3203/4028/3201 2221/2720/2220 
f 3202/4027/3200 3201/4026/3199 3204/4029/3202 3203/4028/3201 
f 3205/4030/3203 3206/4031/3204 3203/4028/3201 3204/4029/3202 
f 3206/4031/3204 2218/2717/2217 2221/2720/2220 3203/4028/3201 
f 2218/2717/2217 3206/4031/3204 3207/4032/3205 2227/2726/2226 
f 3206/4031/3204 3205/4030/3203 3208/4033/3206 3207/4032/3205 
f 3209/4034/3207 3210/4035/3208 3207/4032/3205 3208/4033/3206 
f 3210/4035/3208 2224/2723/2223 2227/2726/2226 3207/4032/3205 
f 2224/2723/2223 3210/4035/3208 3211/4036/3209 2233/2732/2232 
f 3210/4035/3208 3209/4034/3207 3212/4037/3210 3211/4036/3209 
f 3213/4038/3211 3214/4039/3212 3211/4036/3209 3212/4037/3210 
f 3214/4039/3212 2230/2729/2229 2233/2732/2232 3211/4036/3209 
f 2230/2729/2229 3214/4039/3212 3215/4040/3213 2239/2738/2238 
f 3214/4039/3212 3213/4038/3211 3216/4041/3214 3215/4040/3213 
f 3217/4042/3215 3218/4043/3216 3215/4040/3213 3216/4041/3214 
f 3218/4043/3216 2236/2735/2235 2239/2738/2238 3215/4040/3213 
f 2236/2735/2235 3218/4043/3216 3219/4044/3217 2245/2744/2244 
f 3218/4043/3216 3217/4042/3215 3220/4045/3218 3219/4044/3217 
f 3221/4046/3219 3222/4047/3220 3219/4044/3217 3220/4045/3218 
f 3222/4047/3220 2242/2741/2241 2245/2744/2244 3219/4044/3217 
f 2242/4048/2241 3222/4049/3220 3223/4050/3221 2249/2752/2248 
f 3222/4047/3220 3221/4046/3219 3224/4051/3222 3223/4052/3221 
f 3155/3976/3153 3153/3974/3151 3223/4050/3221 3224/4053/3222 
f 3153/3974/3151 2151/2634/2150 2249/2752/2248 3223/4050/3221 
f 2868/3554/2867 3225/4054/3223 3226/4055/3224 2869/3555/2868 
f 3225/4054/3223 3157/4056/3155 3156/4057/3154 3226/4055/3224 
f 3155/4058/3153 3227/4059/3225 3226/4055/3224 3156/4057/3154 
f 3227/4059/3225 2870/3556/2869 2869/3555/2868 3226/4055/3224 
f 2877/3571/2876 3228/4060/3226 3229/4061/3227 2878/4062/2877 
f 3228/4063/3226 3161/4064/3159 3160/4065/3158 3229/4066/3227 
f 3157/4056/3155 3225/4054/3223 3229/4066/3227 3160/4065/3158 
f 3225/4054/3223 2868/3554/2867 2878/3564/2877 3229/4066/3227 
f 2883/3569/2882 3230/4067/3228 3231/4068/3229 2884/3570/2883 
f 3230/4067/3228 3165/4069/3163 3164/4070/3162 3231/4068/3229 
f 3161/4071/3159 3228/4060/3226 3231/4068/3229 3164/4070/3162 
f 3228/4060/3226 2877/3571/2876 2884/3570/2883 3231/4068/3229 
f 2889/3578/2888 3232/4072/3230 3233/4073/3231 2890/3579/2889 
f 3232/4072/3230 3169/4074/3167 3168/4075/3166 3233/4073/3231 
f 3165/4069/3163 3230/4067/3228 3233/4073/3231 3168/4075/3166 
f 3230/4067/3228 2883/3569/2882 2890/3579/2889 3233/4073/3231 
f 2895/3584/2893 3234/4076/3232 3235/4077/3233 2896/3585/2894 
f 3234/4076/3232 3173/4078/3171 3172/4079/3170 3235/4077/3233 
f 3169/4074/3167 3232/4072/3230 3235/4077/3233 3172/4079/3170 
f 3232/4072/3230 2889/3578/2888 2896/3585/2894 3235/4077/3233 
f 2901/3590/2899 3236/4080/3234 3237/4081/3235 2902/3591/2900 
f 3236/4080/3234 3177/4082/3175 3176/4083/3174 3237/4081/3235 
f 3173/4078/3171 3234/4076/3232 3237/4081/3235 3176/4083/3174 
f 3234/4076/3232 2895/3584/2893 2902/3591/2900 3237/4081/3235 
f 2907/3596/2905 3238/4084/3236 3239/4085/3237 2908/3597/2906 
f 3238/4084/3236 3181/4086/3179 3180/4087/3178 3239/4085/3237 
f 3177/4082/3175 3236/4080/3234 3239/4085/3237 3180/4087/3178 
f 3236/4080/3234 2901/3590/2899 2908/3597/2906 3239/4085/3237 
f 2913/3602/2911 3240/4088/3238 3241/4089/3239 2914/3603/2912 
f 3240/4088/3238 3185/4090/3183 3184/4091/3182 3241/4089/3239 
f 3181/4086/3179 3238/4084/3236 3241/4092/3239 3184/4093/3182 
f 3238/4084/3236 2907/3596/2905 2914/3605/2912 3241/4092/3239 
f 2919/3612/2917 3242/4094/3240 3243/4095/3241 2920/3613/2918 
f 3242/4094/3240 3189/4096/3187 3188/4097/3186 3243/4095/3241 
f 3185/4090/3183 3240/4088/3238 3243/4095/3241 3188/4097/3186 
f 3240/4088/3238 2913/3602/2911 2920/3613/2918 3243/4095/3241 
f 2925/3618/2923 3244/4098/3242 3245/4099/3243 2926/3619/2924 
f 3244/4098/3242 3193/4100/3191 3192/4101/3190 3245/4099/3243 
f 3189/4096/3187 3242/4094/3240 3245/4099/3243 3192/4101/3190 
f 3242/4094/3240 2919/3612/2917 2926/3619/2924 3245/4099/3243 
f 2931/3624/2929 3246/4102/3244 3247/4103/3245 2932/3625/2930 
f 3246/4102/3244 3197/4104/3195 3196/4105/3194 3247/4103/3245 
f 3193/4100/3191 3244/4098/3242 3247/4103/3245 3196/4105/3194 
f 3244/4098/3242 2925/3618/2923 2932/3625/2930 3247/4103/3245 
f 2937/3630/2935 3248/4106/3246 3249/4107/3247 2938/3631/2936 
f 3248/4106/3246 3201/4108/3199 3200/4109/3198 3249/4107/3247 
f 3197/4110/3195 3246/4111/3244 3249/4107/3247 3200/4109/3198 
f 3246/4111/3244 2931/4112/2929 2938/3631/2936 3249/4107/3247 
f 2943/3641/2941 3250/4113/3248 3251/4114/3249 2944/3642/2942 
f 3250/4113/3248 3205/4115/3203 3204/4116/3202 3251/4114/3249 
f 3201/4108/3199 3248/4106/3246 3251/4114/3249 3204/4116/3202 
f 3248/4106/3246 2937/3630/2935 2944/3642/2942 3251/4114/3249 
f 2949/3651/2947 3252/4117/3250 3253/4118/3251 2950/3652/2948 
f 3252/4117/3250 3209/4119/3207 3208/4120/3206 3253/4118/3251 
f 3205/4115/3203 3250/4113/3248 3253/4118/3251 3208/4120/3206 
f 3250/4113/3248 2943/3641/2941 2950/3652/2948 3253/4118/3251 
f 2955/3659/2953 3254/4121/3252 3255/4122/3253 2956/3660/2954 
f 3254/4121/3252 3213/4123/3211 3212/4124/3210 3255/4122/3253 
f 3209/4119/3207 3252/4117/3250 3255/4122/3253 3212/4124/3210 
f 3252/4117/3250 2949/3651/2947 2956/3660/2954 3255/4122/3253 
f 2961/4125/2959 3256/4126/3254 3257/4127/3255 2962/3669/2960 
f 3256/4126/3254 3217/4128/3215 3216/4129/3214 3257/4127/3255 
f 3213/4123/3211 3254/4121/3252 3257/4127/3255 3216/4129/3214 
f 3254/4121/3252 2955/3659/2953 2962/3669/2960 3257/4127/3255 
f 2967/3676/2965 3258/4130/3256 3259/4131/3257 2968/3677/2966 
f 3258/4130/3256 3221/4132/3219 3220/4133/3218 3259/4131/3257 
f 3217/4134/3215 3256/4135/3254 3259/4131/3257 3220/4133/3218 
f 3256/4135/3254 2961/3666/2959 2968/3677/2966 3259/4131/3257 
f 2870/3556/2869 3227/4059/3225 3260/4136/3258 2971/3680/2969 
f 3227/4059/3225 3155/4058/3153 3224/4137/3222 3260/4136/3258 
f 3221/4132/3219 3258/4130/3256 3260/4136/3258 3224/4137/3222 
f 3258/4130/3256 2967/3676/2965 2971/3680/2969 3260/4136/3258 
f 2760/3434/2759 3261/4138/3259 3262/4139/3260 2761/3435/2760 
f 3261/4138/3259 2864/3550/2863 2867/3553/2866 3262/4139/3260 
f 2872/3558/2871 3263/4140/3261 3262/4139/3260 2867/3553/2866 
f 3263/4140/3261 2762/3436/2761 2761/3435/2760 3262/4139/3260 
f 2769/3443/2768 3264/4141/3262 3265/4142/3263 2770/3444/2769 
f 3264/4141/3262 2873/3559/2872 2876/3562/2875 3265/4142/3263 
f 2864/3550/2863 3261/4138/3259 3265/4142/3263 2876/3562/2875 
f 3261/4138/3259 2760/3434/2759 2770/3444/2769 3265/4142/3263 
f 2775/3449/2774 3266/4143/3264 3267/4144/3265 2776/3450/2775 
f 3266/4143/3264 2879/3565/2878 2882/3568/2881 3267/4144/3265 
f 2873/3573/2872 3264/4145/3262 3267/4144/3265 2882/3568/2881 
f 3264/4145/3262 2769/3451/2768 2776/3450/2775 3267/4144/3265 
f 2781/3458/2780 3268/4146/3266 3269/4147/3267 2782/3459/2781 
f 3268/4146/3266 2885/3574/2884 2888/3577/2887 3269/4147/3267 
f 2879/3565/2878 3266/4143/3264 3269/4147/3267 2888/3577/2887 
f 3266/4143/3264 2775/3449/2774 2782/3459/2781 3269/4147/3267 
f 2787/3464/2786 3270/4148/3268 3271/4149/3269 2788/3465/2787 
f 3270/4148/3268 2891/3580/2890 2894/3583/2892 3271/4149/3269 
f 2885/3574/2884 3268/4146/3266 3271/4149/3269 2894/3583/2892 
f 3268/4146/3266 2781/3458/2780 2788/3465/2787 3271/4149/3269 
f 2793/3470/2792 3272/4150/3270 3273/4151/3271 2794/3471/2793 
f 3272/4150/3270 2897/3586/2895 2900/3589/2898 3273/4151/3271 
f 2891/3580/2890 3270/4148/3268 3273/4151/3271 2900/3589/2898 
f 3270/4148/3268 2787/3464/2786 2794/3471/2793 3273/4151/3271 
f 2799/3476/2798 3274/4152/3272 3275/4153/3273 2800/3477/2799 
f 3274/4152/3272 2903/3592/2901 2906/3595/2904 3275/4153/3273 
f 2897/3586/2895 3272/4150/3270 3275/4153/3273 2906/3595/2904 
f 3272/4150/3270 2793/3470/2792 2800/3477/2799 3275/4153/3273 
f 2805/3482/2804 3276/4154/3274 3277/4155/3275 2806/3483/2805 
f 3276/4154/3274 2909/3598/2907 2912/3601/2910 3277/4155/3275 
f 2903/3607/2901 3274/4156/3272 3277/4155/3275 2912/3601/2910 
f 3274/4156/3272 2799/3484/2798 2806/3483/2805 3277/4155/3275 
f 2811/3491/2810 3278/4157/3276 3279/4158/3277 2812/3492/2811 
f 3278/4157/3276 2915/3608/2913 2918/3611/2916 3279/4158/3277 
f 2909/3598/2907 3276/4154/3274 3279/4158/3277 2918/3611/2916 
f 3276/4154/3274 2805/3482/2804 2812/3492/2811 3279/4158/3277 
f 2817/3497/2816 3280/4159/3278 3281/4160/3279 2818/3498/2817 
f 3280/4159/3278 2921/3614/2919 2924/3617/2922 3281/4160/3279 
f 2915/3608/2913 3278/4157/3276 3281/4160/3279 2924/3617/2922 
f 3278/4157/3276 2811/3491/2810 2818/3498/2817 3281/4160/3279 
f 2823/3503/2822 3282/4161/3280 3283/4162/3281 2824/3504/2823 
f 3282/4161/3280 2927/3620/2925 2930/3623/2928 3283/4162/3281 
f 2921/3614/2919 3280/4159/3278 3283/4162/3281 2930/3623/2928 
f 3280/4159/3278 2817/3497/2816 2824/3504/2823 3283/4162/3281 
f 2829/3509/2828 3284/4163/3282 3285/4164/3283 2830/3510/2829 
f 3284/4163/3282 2933/4165/2931 2936/4166/2934 3285/4164/3283 
f 2927/3620/2925 3282/4161/3280 3285/4167/3283 2936/3635/2934 
f 3282/4168/3280 2823/3511/2822 2830/3510/2829 3285/4164/3283 
f 2835/3518/2834 3286/4169/3284 3287/4170/3285 2836/3519/2835 
f 3286/4169/3284 2939/3636/2937 2942/3639/2940 3287/4170/3285 
f 2933/4165/2931 3284/4163/3282 3287/4170/3285 2942/3639/2940 
f 3284/4163/3282 2829/3509/2828 2836/3519/2835 3287/4170/3285 
f 2841/3524/2840 3288/4171/3286 3289/4172/3287 2842/3525/2841 
f 3288/4171/3286 2945/3646/2943 2948/3649/2946 3289/4172/3287 
f 2939/3636/2937 3286/4169/3284 3289/4172/3287 2948/3649/2946 
f 3286/4169/3284 2835/3518/2834 2842/3525/2841 3289/4172/3287 
f 2847/3530/2846 3290/4173/3288 3291/4174/3289 2848/3531/2847 
f 3290/4173/3288 2951/3654/2949 2954/3657/2952 3291/4174/3289 
f 2945/3646/2943 3288/4171/3286 3291/4174/3289 2954/3657/2952 
f 3288/4171/3286 2841/3524/2840 2848/3531/2847 3291/4174/3289 
f 2853/3536/2852 3292/4175/3290 3293/4176/3291 2854/3537/2853 
f 3292/4177/3290 2957/3662/2955 2960/3665/2958 3293/4178/3291 
f 2951/3654/2949 3290/4173/3288 3293/4176/3291 2960/4179/2958 
f 3290/4173/3288 2847/3530/2846 2854/3537/2853 3293/4176/3291 
f 2859/3542/2858 3294/4180/3292 3295/4181/3293 2860/3543/2859 
f 3294/4180/3292 2963/3672/2961 2966/3675/2964 3295/4181/3293 
f 2957/3662/2955 3292/4177/3290 3295/4181/3293 2966/3675/2964 
f 3292/4177/3290 2853/3544/2852 2860/3543/2859 3295/4181/3293 
f 2762/3436/2761 3263/4140/3261 3296/4182/3294 2863/3549/2862 
f 3263/4140/3261 2872/3558/2871 2970/3679/2968 3296/4182/3294 
f 2963/3672/2961 3294/4180/3292 3296/4182/3294 2970/3679/2968 
f 3294/4180/3292 2859/3542/2858 2863/3549/2862 3296/4182/3294 
# 1260 polygons

#
# object VRayPlane001
#

